team_abbr,season,season_end_year,predicted_wins,roster_aware_predicted_wins,roster_transition_model_predicted_wins,model_name,live_roster_expected_net_rating,live_roster_projected_minutes,live_roster_matched_players,live_roster_injured_players,live_roster_projection_wins,prior_roster_transition_player_count,prior_roster_returning_player_count,prior_roster_incoming_player_count,prior_roster_new_player_count,prior_roster_player_match_rate,prior_roster_continuity_minutes_share,prior_roster_incoming_minutes_share,prior_roster_minutes_covered,prior_roster_expected_net_rating,prior_roster_expected_off_rating,prior_roster_expected_def_rating,prior_roster_top8_expected_net_rating,prior_roster_top8_expected_off_rating,prior_roster_top8_expected_def_rating,prior_roster_top8_projection_wins,roster_feature_source,independent_predicted_wins,market_win_total,market_source,market_source_date,market_status,live_roster_count,live_active_roster_count,live_avg_age,live_salary_total,live_salary_player_count,live_salary_top3,live_salary_top3_share,live_injury_count,live_injury_burden,scheduled_regular_season_games,scheduled_home_games,live_transactions_since_july,live_injury_source_available,live_schedule_source_available,live_schedule_provider,schedule_unresolved_games,fetched_at_utc,live_context_status,holistic_predicted_wins,conference
NYK,2026-27,2027,52.4493134338841,54.54193486114333,52.33554979361734,holistic ensemble: form + roster + market prior,5.01537498361086,14848.531138211381,8.0,0.0,54.54151245574932,21,13,6,2,0.9047619047619048,0.7773337545188719,0.2226662454811281,23636.983333333334,4.086333533388944,115.96681140503624,111.877815716934,5.015531430053087,117.45812373475414,112.44259230470104,54.54193486114333,live roster plus latest player history,52.4493134338841,52.5,SportsBettingDime BetMGM tracker,2026-08-23,Stale benchmark,21,21,,0.0,0,0.0,,,,0,0,45,False,False,unavailable,82,2026-10-01T05:50:35.724155+00:00,live roster/injury/transaction context attached; schedule unavailable,52.99781207375686,East
DET,2026-27,2027,51.261444197522195,64.9455139971254,54.45331743312915,holistic ensemble: form + roster + market prior,8.868627279570617,12854.315467479673,8.0,0.0,64.94529365484067,20,12,4,4,0.8,0.773563633425308,0.22643636657469207,20027.878333333334,7.818845976071707,116.0890479225095,108.27020194643778,8.868708887824221,117.04481074521175,108.17610185738752,64.9455139971254,live roster plus latest player history,51.261444197522195,49.5,SportsBettingDime BetMGM tracker,2026-08-23,Stale benchmark,20,20,,0.0,0,0.0,,,,0,0,35,False,False,unavailable,82,2026-10-01T05:50:35.724155+00:00,live roster/injury/transaction context attached; schedule unavailable,53.8017395486619,East
BOS,2026-27,2027,50.14796036767859,66.13468297636368,53.4556284586322,holistic ensemble: form + roster + market prior,9.308902242099723,12818.051524390245,8.0,0.0,66.13403605366926,21,11,5,5,0.7619047619047619,0.7869512104008406,0.21304878959915932,18894.498333333333,8.191719624576963,118.17391780864415,109.98926794771614,9.309141843097658,118.94002363267116,109.63851306434132,66.13468297636368,live roster plus latest player history,50.14796036767859,51.5,SportsBettingDime BetMGM tracker,2026-08-23,Stale benchmark,21,21,,0.0,0,0.0,,,,0,0,38,False,False,unavailable,82,2026-10-01T05:50:35.724155+00:00,live roster/injury/transaction context attached; schedule unavailable,54.82066083601057,East
SAS,2026-27,2027,49.5730339597805,69.74037470906673,55.23251701398521,holistic ensemble: form + roster + market prior,10.644649812227893,14159.017398373982,8.0,0.0,69.74055449301531,21,12,2,7,0.6666666666666666,0.8920859770477096,0.10791402295229016,20735.76666666667,9.286126736608429,117.79050766056639,108.5152874030807,10.64458322558027,119.0045554630146,108.37025625454788,69.74037470906673,live roster plus latest player history,49.5730339597805,59.5,SportsBettingDime BetMGM tracker,2026-08-23,Stale benchmark,21,21,,0.0,0,0.0,,,,0,0,29,False,False,unavailable,82,2026-10-01T05:50:35.724155+00:00,live roster/injury/transaction context attached; schedule unavailable,59.578352167211804,West
OKC,2026-27,2027,48.87550148775654,78.39126646058834,56.99102981310661,holistic ensemble: form + roster + market prior,13.848506270755626,9807.8318699187,8.0,0.0,78.3909669310402,21,12,0,9,0.5714285714285714,1.0,0.0,14668.988333333335,12.713785333168993,117.05629415424804,104.33298772176278,13.84861720762531,117.59456612374453,103.73551058005476,78.39126646058834,live roster plus latest player history,48.87550148775654,60.5,SportsBettingDime BetMGM tracker,2026-08-23,Stale benchmark,21,21,,0.0,0,0.0,,,,0,0,29,False,False,unavailable,82,2026-10-01T05:50:35.724155+00:00,live roster/injury/transaction context attached; schedule unavailable,62.066691987086216,West
CHO,2026-27,2027,48.23864497593262,49.227021976641964,48.62122305410321,holistic ensemble: form + roster + market prior,3.0469489574030457,14296.44650406504,8.0,0.0,49.226762184988225,21,11,4,6,0.7142857142857143,0.640480114205326,0.35951988579467387,20538.446666666667,2.959638713545284,115.22496432985913,112.30016931760574,3.047045176534061,115.40547750290351,112.39923498401092,49.227021976641964,live roster plus latest player history,48.23864497593262,37.5,SportsBettingDime BetMGM tracker,2026-08-23,Stale benchmark,21,21,,0.0,0,0.0,,,,0,0,54,False,False,unavailable,82,2026-10-01T05:50:35.724155+00:00,live roster/injury/transaction context attached; schedule unavailable,43.11641673814365,East
DEN,2026-27,2027,47.02118226559706,42.6930574165826,47.90247612842326,holistic ensemble: form + roster + market prior,0.6266020087416864,11205.09906504065,8.0,0.0,42.69182542360255,21,10,5,6,0.7142857142857143,0.7166152624304846,0.28338473756951554,18223.746666666666,1.2152105345807893,117.78386764939641,116.5865590910561,0.6270583024379984,117.77861557599448,117.17320376375396,42.6930574165826,live roster plus latest player history,47.02118226559706,49.5,SportsBettingDime BetMGM tracker,2026-08-23,Stale benchmark,21,21,,0.0,0,0.0,,,,0,0,35,False,False,unavailable,82,2026-10-01T05:50:35.724155+00:00,live roster/injury/transaction context attached; schedule unavailable,47.17855992054491,West
HOU,2026-27,2027,44.47956545486033,55.82428167181631,47.68779967043383,holistic ensemble: form + roster + market prior,5.4906136174487115,15656.676951219511,8.0,0.0,55.82465676711152,19,10,5,4,0.7894736842105263,0.8426220739129473,0.15737792608705278,19872.386666666665,5.142587366633131,116.38533144654893,111.25224340419149,5.4904746932652975,116.7674660029004,111.28553411988416,55.82428167181631,live roster plus latest player history,44.47956545486033,47.5,SportsBettingDime BetMGM tracker,2026-08-23,Stale benchmark,19,19,,0.0,0,0.0,,,,0,0,24,False,False,unavailable,82,2026-10-01T05:50:35.724155+00:00,live roster/injury/transaction context attached; schedule unavailable,48.82596178166916,West
MIN,2026-27,2027,43.955203831288046,49.330399653163234,42.62607279209955,holistic ensemble: form + roster + market prior,3.0850002764009603,14057.080040650406,8.0,0.0,49.32950074628259,21,12,6,3,0.8571428571428571,0.7477174256229389,0.25228257437706125,19045.746666666666,2.896499531447561,115.21855647315628,112.30004229876803,3.0853332048752717,115.49292073500132,112.38036773408594,49.330399653163234,live roster plus latest player history,43.955203831288046,48.5,SportsBettingDime BetMGM tracker,2026-08-23,Stale benchmark,21,21,,0.0,0,0.0,,,,0,0,38,False,False,unavailable,82,2026-10-01T05:50:35.724155+00:00,live roster/injury/transaction context attached; schedule unavailable,47.57140087111282,West
PHO,2026-27,2027,42.421282033442914,48.71623547044713,41.94584883171184,holistic ensemble: form + roster + market prior,2.85769379805779,13210.685304878047,8.0,0.0,48.71577325475603,21,14,5,2,0.9047619047619048,0.7180752769959168,0.28192472300408344,20963.154999999995,2.10402400863112,113.84632433789605,111.74818572037093,2.857864989054492,114.65115120602584,111.79328621697135,48.71623547044713,live roster plus latest player history,42.421282033442914,38.5,SportsBettingDime BetMGM tracker,2026-08-23,Stale benchmark,21,21,,0.0,0,0.0,,,,0,0,37,False,False,unavailable,82,2026-10-01T05:50:35.724155+00:00,live roster/injury/transaction context attached; schedule unavailable,42.03437937597251,West
ATL,2026-27,2027,41.46478552869172,50.92938809092051,43.89868311167528,holistic ensemble: form + roster + market prior,3.677523373565388,15130.303556910569,8.0,0.0,50.929313108626545,21,11,4,6,0.7142857142857143,0.7794439001635012,0.22055609983649865,21501.355000000003,2.5007030796796514,114.09705348186277,111.57124155436263,3.6775511447853737,115.04537071342189,111.34499706724483,50.92938809092051,live roster plus latest player history,41.46478552869172,43.5,SportsBettingDime BetMGM tracker,2026-08-23,Stale benchmark,21,21,,0.0,0,0.0,,,,0,0,46,False,False,unavailable,82,2026-10-01T05:50:35.724155+00:00,live roster/injury/transaction context attached; schedule unavailable,44.848543404903054,East
MIA,2026-27,2027,40.769426746006296,45.12674576758468,41.5186850612501,holistic ensemble: form + roster + market prior,1.528054122242381,12760.5943699187,8.0,0.0,45.12574613005443,21,10,6,5,0.7619047619047619,0.6183604770293021,0.38163952297069786,19588.035,1.0807398085360809,114.1511557126556,113.07586425173903,1.5284243583646948,114.81825117774807,113.3032309551845,45.12674576758468,live roster plus latest player history,40.769426746006296,46.5,SportsBettingDime BetMGM tracker,2026-08-23,Stale benchmark,21,21,,0.0,0,0.0,,,,0,0,27,False,False,unavailable,82,2026-10-01T05:50:35.724155+00:00,live roster/injury/transaction context attached; schedule unavailable,44.724043128397746,East
LAL,2026-27,2027,40.58019263918229,42.936214771308755,38.20120281073099,holistic ensemble: form + roster + market prior,0.7167230715775765,11775.507601626017,8.0,0.0,42.935152293259456,21,8,8,5,0.7619047619047619,0.4904056292838949,0.509594370716105,17052.968333333334,0.09445152134579014,113.53448753445188,113.44774708651997,0.7171165819662054,114.13506421798667,113.42668052402013,42.936214771308755,live roster plus latest player history,40.58019263918229,46.5,SportsBettingDime BetMGM tracker,2026-08-23,Stale benchmark,21,21,,0.0,0,0.0,,,,0,0,37,False,False,unavailable,82,2026-10-01T05:50:35.724155+00:00,live roster/injury/transaction context attached; schedule unavailable,44.12910185262276,West
TOR,2026-27,2027,40.22995804478277,52.50910205007025,42.29363154223013,holistic ensemble: form + roster + market prior,4.262389375576557,12028.857093495935,8.0,0.0,52.50845131405671,21,11,5,5,0.7619047619047619,0.7813363159798411,0.21866368402015887,17316.463333333333,3.4273935313995265,114.27416370767438,110.83976036834089,4.262630388914906,115.22230647232739,110.95431734792218,52.50910205007025,live roster plus latest player history,40.22995804478277,45.5,SportsBettingDime BetMGM tracker,2026-08-23,Stale benchmark,21,21,,0.0,0,0.0,,,,0,0,31,False,False,unavailable,82,2026-10-01T05:50:35.724155+00:00,live roster/injury/transaction context attached; schedule unavailable,45.934765023713254,East
CLE,2026-27,2027,40.04189275859551,54.89218084419721,44.79374376783019,holistic ensemble: form + roster + market prior,5.145437057366879,11014.506768292682,8.0,0.0,54.892680054890576,21,12,3,6,0.7142857142857143,0.8960211074091037,0.1039788925908963,16852.218333333334,4.869102450111564,118.18764342498541,113.3226219417315,5.145252164517485,118.81091520077793,113.67521573198444,54.89218084419721,live roster plus latest player history,40.04189275859551,47.5,SportsBettingDime BetMGM tracker,2026-08-23,Stale benchmark,21,21,,0.0,0,0.0,,,,0,0,35,False,False,unavailable,82,2026-10-01T05:50:35.724155+00:00,live roster/injury/transaction context attached; schedule unavailable,47.48351840069818,East
POR,2026-27,2027,39.62700627709714,42.94280667757383,40.84819440959245,holistic ensemble: form + roster + market prior,0.7196746287564386,11514.602723577234,8.0,0.0,42.94312149764239,19,12,5,2,0.8947368421052632,0.8595245416049503,0.14047545839504963,17622.08166666667,0.11608642273110538,112.47804437628075,112.36960580519553,0.7195580287310465,113.09864365512797,112.38784452430212,42.94280667757383,live roster plus latest player history,39.62700627709714,43.5,SportsBettingDime BetMGM tracker,2026-08-23,Stale benchmark,19,19,,0.0,0,0.0,,,,0,0,32,False,False,unavailable,82,2026-10-01T05:50:35.724155+00:00,live roster/injury/transaction context attached; schedule unavailable,42.39245323866774,West
LAC,2026-27,2027,39.59339541758611,44.639687850891974,38.54789608159347,holistic ensemble: form + roster + market prior,1.348188021764782,11669.954390243902,8.0,0.0,44.64010765876491,21,10,7,4,0.8095238095238095,0.6059755186052179,0.3940244813947821,18429.641666666666,1.057608601861215,114.20963383327647,113.1548384143091,1.3480325373673965,114.49850781736846,113.16437610762776,44.639687850891974,live roster plus latest player history,39.59339541758611,30.5,SportsBettingDime BetMGM tracker,2026-08-23,Stale benchmark,21,21,,0.0,0,0.0,,,,0,0,41,False,False,unavailable,82,2026-10-01T05:50:35.724155+00:00,live roster/injury/transaction context attached; schedule unavailable,36.30827081711952,West
ORL,2026-27,2027,39.45437368909599,44.56454740598734,40.53894552402109,holistic ensemble: form + roster + market prior,1.3202420887040334,13675.25967479675,8.0,0.0,44.56465363950089,20,15,3,2,0.9,0.8871939619192367,0.11280603808076337,20495.475,0.8863643798562831,113.02252570500157,112.14054337625738,1.3202027429582734,113.45610024563139,112.1399884197737,44.56454740598734,live roster plus latest player history,39.45437368909599,43.5,SportsBettingDime BetMGM tracker,2026-08-23,Stale benchmark,20,20,,0.0,0,0.0,,,,0,0,26,False,False,unavailable,82,2026-10-01T05:50:35.724155+00:00,live roster/injury/transaction context attached; schedule unavailable,42.75473027377083,East
PHI,2026-27,2027,38.776485641422546,48.09755125446529,37.83170039212567,holistic ensemble: form + roster + market prior,2.628783580903281,12640.498902439025,8.0,0.0,48.09771566843886,21,7,9,5,0.7619047619047619,0.507162996329663,0.492837003670337,21978.0,0.9793600190813213,114.21557355773156,113.21822287358246,2.6287226868389943,115.59170649035273,112.9532454772186,48.09755125446529,live roster plus latest player history,38.776485641422546,50.5,SportsBettingDime BetMGM tracker,2026-08-23,Stale benchmark,21,21,,0.0,0,0.0,,,,0,0,36,False,False,unavailable,82,2026-10-01T05:50:35.724155+00:00,live roster/injury/transaction context attached; schedule unavailable,46.96850922397196,East
MIL,2026-27,2027,36.330973965474485,29.674465627526075,34.59853698225123,holistic ensemble: form + roster + market prior,-4.195145820935664,13186.39695121951,8.0,0.0,29.673106283473707,21,10,6,5,0.7619047619047619,0.6557624012126945,0.34423759878730553,21999.495,-3.9693543826632056,111.72819014658145,115.7038106517126,-4.194642360175528,111.93519048539692,116.14466017417277,29.674465627526075,live roster plus latest player history,36.330973965474485,26.5,SportsBettingDime BetMGM tracker,2026-08-23,Stale benchmark,21,21,,0.0,0,0.0,,,,0,0,26,False,False,unavailable,82,2026-10-01T05:50:35.724155+00:00,live roster/injury/transaction context attached; schedule unavailable,29.75135989825014,East
NOP,2026-27,2027,35.674053653273766,30.262054436677616,33.37647705611109,holistic ensemble: form + roster + market prior,-3.97673696899292,12553.828211382115,8.0,0.0,30.262810183719115,21,12,7,2,0.9047619047619048,0.811621372331164,0.18837862766883579,20651.405,-4.350640823906657,112.06018662141187,116.40456444374996,-3.977016875304586,112.76980915425355,116.7394357097835,30.262054436677616,live roster plus latest player history,35.674053653273766,27.5,SportsBettingDime BetMGM tracker,2026-08-23,Stale benchmark,21,21,,0.0,0,0.0,,,,0,0,38,False,False,unavailable,82,2026-10-01T05:50:35.724155+00:00,live roster/injury/transaction context attached; schedule unavailable,30.234027022487844,West
GSW,2026-27,2027,35.45960223142391,37.656014501704135,35.83685421664407,holistic ensemble: form + roster + market prior,-1.2383656386961073,10215.830487804877,8.0,0.0,37.65641277552051,21,14,3,4,0.8095238095238095,0.880022828902978,0.1199771710970221,17898.36333333333,-0.6176171066702647,111.49535517676995,112.09239736748516,-1.2385131475169875,111.10147546731534,112.3248179457492,37.656014501704135,live roster plus latest player history,35.45960223142391,40.5,SportsBettingDime BetMGM tracker,2026-08-23,Stale benchmark,21,21,,0.0,0,0.0,,,,0,0,38,False,False,unavailable,82,2026-10-01T05:50:35.724155+00:00,live roster/injury/transaction context attached; schedule unavailable,38.52890418328201,West
MEM,2026-27,2027,31.899876747037265,35.75271111708375,31.663589363622606,holistic ensemble: form + roster + market prior,-1.943063904897917,9416.32056910569,8.0,0.0,35.75372745677562,21,12,6,3,0.8571428571428571,0.6310637954495193,0.36893620455048076,19270.41833333333,-3.601781307300092,112.10055209936688,115.70075479948814,-1.9434403270060185,112.829352338035,114.7702464078477,35.75271111708375,live roster plus latest player history,31.899876747037265,28.5,SportsBettingDime BetMGM tracker,2026-08-23,Stale benchmark,21,21,,0.0,0,0.0,,,,0,0,53,False,False,unavailable,82,2026-10-01T05:50:35.724155+00:00,live roster/injury/transaction context attached; schedule unavailable,31.163146966030254,West
BRK,2026-27,2027,30.356108309723446,26.65817487786328,31.043839592886172,holistic ensemble: form + roster + market prior,-5.31302795488848,10231.329308943088,8.0,0.0,26.654824521801103,20,12,3,5,0.75,0.7472280450080927,0.2527719549919074,17864.046666666665,-5.739659496000379,109.82154979695574,115.56732061476316,-5.311787082272858,110.68078633107706,116.01011215189868,26.65817487786328,live roster plus latest player history,30.356108309723446,24.5,SportsBettingDime BetMGM tracker,2026-08-23,Stale benchmark,20,20,,0.0,0,0.0,,,,0,0,40,False,False,unavailable,82,2026-10-01T05:50:35.724155+00:00,live roster/injury/transaction context attached; schedule unavailable,26.503570796896682,East
UTA,2026-27,2027,29.610634847781817,25.030208404624453,28.747846902907767,holistic ensemble: form + roster + market prior,-5.914275874363619,10425.923008130081,8.0,0.0,25.031455139218227,21,11,5,5,0.7619047619047619,0.7988654883831305,0.20113451161686974,17923.71833333333,-4.64648543851489,112.76032162338717,117.41936824011051,-5.914737627916868,112.36874542811141,118.29220111162412,25.030208404624453,live roster plus latest player history,29.610634847781817,35.5,SportsBettingDime BetMGM tracker,2026-08-23,Stale benchmark,21,21,,0.0,0,0.0,,,,0,0,50,False,False,unavailable,82,2026-10-01T05:50:35.724155+00:00,live roster/injury/transaction context attached; schedule unavailable,31.410210813101568,West
DAL,2026-27,2027,28.88658644501981,28.294037243407082,28.72850966356723,holistic ensemble: form + roster + market prior,-4.705550033486851,10616.998882113821,8.0,0.0,28.2950149095855,20,10,4,6,0.7,0.7623592771851674,0.23764072281483248,16214.203333333335,-4.523813420324353,109.38759099734054,113.92285780609198,-4.70591213207145,109.43144274757493,114.14851906527525,28.294037243407082,live roster plus latest player history,28.88658644501981,34.5,SportsBettingDime BetMGM tracker,2026-08-23,Stale benchmark,20,20,,0.0,0,0.0,,,,0,0,29,False,False,unavailable,82,2026-10-01T05:50:35.724155+00:00,live roster/injury/transaction context attached; schedule unavailable,31.545155922106723,West
IND,2026-27,2027,26.651125825044538,21.780771957736054,28.887027025824054,holistic ensemble: form + roster + market prior,-7.117877152222594,9967.52617886179,8.0,0.0,21.781731688998995,20,13,2,5,0.75,0.887039974955862,0.11296002504413806,17909.713333333333,-7.029070393811689,109.67128363201999,116.7227310618956,-7.118232608245905,109.80903971149498,116.94543518769225,21.780771957736054,live roster plus latest player history,26.651125825044538,44.5,SportsBettingDime BetMGM tracker,2026-08-23,Stale benchmark,20,20,,0.0,0,0.0,,,,0,0,33,False,False,unavailable,82,2026-10-01T05:50:35.724155+00:00,live roster/injury/transaction context attached; schedule unavailable,34.35797444569515,East
WAS,2026-27,2027,25.33722033179022,12.338697055491803,24.289041731804375,holistic ensemble: form + roster + market prior,-10.615332983465397,10600.338821138212,8.0,0.0,12.338600944643428,21,12,5,4,0.8095238095238095,0.7802331154744457,0.21976688452555432,18648.411666666667,-10.727777426176367,109.0809983431395,119.792059766591,-10.615297386854888,109.55294797008231,120.15110921347102,12.338697055491803,live roster plus latest player history,25.33722033179022,35.5,SportsBettingDime BetMGM tracker,2026-08-23,Stale benchmark,21,21,,0.0,0,0.0,,,,0,0,34,False,False,unavailable,82,2026-10-01T05:50:35.724155+00:00,live roster/injury/transaction context attached; schedule unavailable,27.168979346820507,East
CHI,2026-27,2027,24.861529281061365,24.13785881803049,24.495495371395343,holistic ensemble: form + roster + market prior,-6.24463820480466,10774.952276422764,8.0,0.0,24.139476847027417,22,9,5,8,0.6363636363636364,0.7057849681291753,0.2942150318708248,15450.128333333332,-6.042945290158113,110.56960953032716,116.60477504139759,-6.245237474803521,110.53820239356239,116.78343986836589,24.13785881803049,live roster plus latest player history,24.861529281061365,27.5,SportsBettingDime BetMGM tracker,2026-08-23,Stale benchmark,22,22,,0.0,0,0.0,,,,0,0,48,False,False,unavailable,82,2026-10-01T05:50:35.724155+00:00,live roster/injury/transaction context attached; schedule unavailable,25.999847024772965,East
SAC,2026-27,2027,22.23437187724041,21.208489855713918,23.299927479425875,holistic ensemble: form + roster + market prior,-7.330085429555864,8121.543048780488,8.0,0.0,21.208769340199165,21,10,3,8,0.6190476190476191,0.9472502235680719,0.05274977643192832,13155.948333333334,-7.5788627445826995,110.46916743312104,118.05059438033219,-7.330188942328179,110.77528381744149,118.10547275976968,21.208489855713918,live roster plus latest player history,22.23437187724041,21.5,SportsBettingDime BetMGM tracker,2026-08-23,Stale benchmark,21,21,,0.0,0,0.0,,,,0,0,35,False,False,unavailable,82,2026-10-01T05:50:35.724155+00:00,live roster/injury/transaction context attached; schedule unavailable,21.610715433238582,West
