season_end_year,team_abbr,prior_roster_transition_player_count,prior_roster_returning_player_count,prior_roster_incoming_player_count,prior_roster_new_player_count,prior_roster_player_match_rate,prior_roster_continuity_minutes_share,prior_roster_incoming_minutes_share,prior_roster_minutes_covered,prior_roster_expected_net_rating,prior_roster_expected_off_rating,prior_roster_expected_def_rating,prior_roster_top8_expected_net_rating,prior_roster_top8_expected_off_rating,prior_roster_top8_expected_def_rating,prior_roster_top8_projection_wins,roster_feature_source
2010,ATL,,,,,,,,,,,,,,,,
2010,BOS,,,,,,,,,,,,,,,,
2010,BRK,,,,,,,,,,,,,,,,
2010,CHI,,,,,,,,,,,,,,,,
2010,CHO,,,,,,,,,,,,,,,,
2010,CLE,,,,,,,,,,,,,,,,
2010,DAL,,,,,,,,,,,,,,,,
2010,DEN,,,,,,,,,,,,,,,,
2010,DET,,,,,,,,,,,,,,,,
2010,GSW,,,,,,,,,,,,,,,,
2010,HOU,,,,,,,,,,,,,,,,
2010,IND,,,,,,,,,,,,,,,,
2010,LAC,,,,,,,,,,,,,,,,
2010,LAL,,,,,,,,,,,,,,,,
2010,MEM,,,,,,,,,,,,,,,,
2010,MIA,,,,,,,,,,,,,,,,
2010,MIL,,,,,,,,,,,,,,,,
2010,MIN,,,,,,,,,,,,,,,,
2010,NOP,,,,,,,,,,,,,,,,
2010,NYK,,,,,,,,,,,,,,,,
2010,OKC,,,,,,,,,,,,,,,,
2010,ORL,,,,,,,,,,,,,,,,
2010,PHI,,,,,,,,,,,,,,,,
2010,PHO,,,,,,,,,,,,,,,,
2010,POR,,,,,,,,,,,,,,,,
2010,SAC,,,,,,,,,,,,,,,,
2010,SAS,,,,,,,,,,,,,,,,
2010,TOR,,,,,,,,,,,,,,,,
2010,UTA,,,,,,,,,,,,,,,,
2010,WAS,,,,,,,,,,,,,,,,
2011,ATL,,,,,,,,,,,,,,,,
2011,BOS,,,,,,,,,,,,,,,,
2011,BRK,,,,,,,,,,,,,,,,
2011,CHI,,,,,,,,,,,,,,,,
2011,CHO,,,,,,,,,,,,,,,,
2011,CLE,,,,,,,,,,,,,,,,
2011,DAL,,,,,,,,,,,,,,,,
2011,DEN,,,,,,,,,,,,,,,,
2011,DET,,,,,,,,,,,,,,,,
2011,GSW,,,,,,,,,,,,,,,,
2011,HOU,,,,,,,,,,,,,,,,
2011,IND,,,,,,,,,,,,,,,,
2011,LAC,,,,,,,,,,,,,,,,
2011,LAL,,,,,,,,,,,,,,,,
2011,MEM,,,,,,,,,,,,,,,,
2011,MIA,,,,,,,,,,,,,,,,
2011,MIL,,,,,,,,,,,,,,,,
2011,MIN,,,,,,,,,,,,,,,,
2011,NOP,,,,,,,,,,,,,,,,
2011,NYK,,,,,,,,,,,,,,,,
2011,OKC,,,,,,,,,,,,,,,,
2011,ORL,,,,,,,,,,,,,,,,
2011,PHI,,,,,,,,,,,,,,,,
2011,PHO,,,,,,,,,,,,,,,,
2011,POR,,,,,,,,,,,,,,,,
2011,SAC,,,,,,,,,,,,,,,,
2011,SAS,,,,,,,,,,,,,,,,
2011,TOR,,,,,,,,,,,,,,,,
2011,UTA,,,,,,,,,,,,,,,,
2011,WAS,,,,,,,,,,,,,,,,
2012,ATL,,,,,,,,,,,,,,,,
2012,BOS,,,,,,,,,,,,,,,,
2012,BRK,,,,,,,,,,,,,,,,
2012,CHI,,,,,,,,,,,,,,,,
2012,CHO,,,,,,,,,,,,,,,,
2012,CLE,,,,,,,,,,,,,,,,
2012,DAL,,,,,,,,,,,,,,,,
2012,DEN,,,,,,,,,,,,,,,,
2012,DET,,,,,,,,,,,,,,,,
2012,GSW,,,,,,,,,,,,,,,,
2012,HOU,,,,,,,,,,,,,,,,
2012,IND,,,,,,,,,,,,,,,,
2012,LAC,,,,,,,,,,,,,,,,
2012,LAL,,,,,,,,,,,,,,,,
2012,MEM,,,,,,,,,,,,,,,,
2012,MIA,,,,,,,,,,,,,,,,
2012,MIL,,,,,,,,,,,,,,,,
2012,MIN,,,,,,,,,,,,,,,,
2012,NOP,,,,,,,,,,,,,,,,
2012,NYK,,,,,,,,,,,,,,,,
2012,OKC,,,,,,,,,,,,,,,,
2012,ORL,,,,,,,,,,,,,,,,
2012,PHI,,,,,,,,,,,,,,,,
2012,PHO,,,,,,,,,,,,,,,,
2012,POR,,,,,,,,,,,,,,,,
2012,SAC,,,,,,,,,,,,,,,,
2012,SAS,,,,,,,,,,,,,,,,
2012,TOR,,,,,,,,,,,,,,,,
2012,UTA,,,,,,,,,,,,,,,,
2012,WAS,,,,,,,,,,,,,,,,
2013,ATL,,,,,,,,,,,,,,,,
2013,BOS,,,,,,,,,,,,,,,,
2013,BRK,,,,,,,,,,,,,,,,
2013,CHI,,,,,,,,,,,,,,,,
2013,CHO,,,,,,,,,,,,,,,,
2013,CLE,,,,,,,,,,,,,,,,
2013,DAL,,,,,,,,,,,,,,,,
2013,DEN,,,,,,,,,,,,,,,,
2013,DET,,,,,,,,,,,,,,,,
2013,GSW,,,,,,,,,,,,,,,,
2013,HOU,,,,,,,,,,,,,,,,
2013,IND,,,,,,,,,,,,,,,,
2013,LAC,,,,,,,,,,,,,,,,
2013,LAL,,,,,,,,,,,,,,,,
2013,MEM,,,,,,,,,,,,,,,,
2013,MIA,,,,,,,,,,,,,,,,
2013,MIL,,,,,,,,,,,,,,,,
2013,MIN,,,,,,,,,,,,,,,,
2013,NOP,,,,,,,,,,,,,,,,
2013,NYK,,,,,,,,,,,,,,,,
2013,OKC,,,,,,,,,,,,,,,,
2013,ORL,,,,,,,,,,,,,,,,
2013,PHI,,,,,,,,,,,,,,,,
2013,PHO,,,,,,,,,,,,,,,,
2013,POR,,,,,,,,,,,,,,,,
2013,SAC,,,,,,,,,,,,,,,,
2013,SAS,,,,,,,,,,,,,,,,
2013,TOR,,,,,,,,,,,,,,,,
2013,UTA,,,,,,,,,,,,,,,,
2013,WAS,,,,,,,,,,,,,,,,
2014,ATL,16.0,0.0,0.0,16.0,0.0,,,0.0,,,,,,,,season-level roster proxy
2014,BOS,16.0,0.0,0.0,16.0,0.0,,,0.0,,,,,,,,season-level roster proxy
2014,BRK,17.0,0.0,0.0,17.0,0.0,,,0.0,,,,,,,,season-level roster proxy
2014,CHI,16.0,0.0,0.0,16.0,0.0,,,0.0,,,,,,,,season-level roster proxy
2014,CHO,15.0,0.0,0.0,15.0,0.0,,,0.0,,,,,,,,season-level roster proxy
2014,CLE,18.0,0.0,0.0,18.0,0.0,,,0.0,,,,,,,,season-level roster proxy
2014,DAL,15.0,0.0,0.0,15.0,0.0,,,0.0,,,,,,,,season-level roster proxy
2014,DEN,14.0,0.0,0.0,14.0,0.0,,,0.0,,,,,,,,season-level roster proxy
2014,DET,15.0,0.0,0.0,15.0,0.0,,,0.0,,,,,,,,season-level roster proxy
2014,GSW,14.0,0.0,0.0,14.0,0.0,,,0.0,,,,,,,,season-level roster proxy
2014,HOU,16.0,0.0,0.0,16.0,0.0,,,0.0,,,,,,,,season-level roster proxy
2014,IND,15.0,0.0,0.0,15.0,0.0,,,0.0,,,,,,,,season-level roster proxy
2014,LAC,18.0,0.0,0.0,18.0,0.0,,,0.0,,,,,,,,season-level roster proxy
2014,LAL,18.0,0.0,0.0,18.0,0.0,,,0.0,,,,,,,,season-level roster proxy
2014,MEM,16.0,0.0,0.0,16.0,0.0,,,0.0,,,,,,,,season-level roster proxy
2014,MIA,17.0,0.0,0.0,17.0,0.0,,,0.0,,,,,,,,season-level roster proxy
2014,MIL,16.0,0.0,0.0,16.0,0.0,,,0.0,,,,,,,,season-level roster proxy
2014,MIN,16.0,0.0,0.0,16.0,0.0,,,0.0,,,,,,,,season-level roster proxy
2014,NOP,18.0,0.0,0.0,18.0,0.0,,,0.0,,,,,,,,season-level roster proxy
2014,NYK,16.0,0.0,0.0,16.0,0.0,,,0.0,,,,,,,,season-level roster proxy
2014,OKC,18.0,0.0,0.0,18.0,0.0,,,0.0,,,,,,,,season-level roster proxy
2014,ORL,14.0,0.0,0.0,14.0,0.0,,,0.0,,,,,,,,season-level roster proxy
2014,PHI,18.0,0.0,0.0,18.0,0.0,,,0.0,,,,,,,,season-level roster proxy
2014,PHO,15.0,0.0,0.0,15.0,0.0,,,0.0,,,,,,,,season-level roster proxy
2014,POR,15.0,0.0,0.0,15.0,0.0,,,0.0,,,,,,,,season-level roster proxy
2014,SAC,16.0,0.0,0.0,16.0,0.0,,,0.0,,,,,,,,season-level roster proxy
2014,SAS,15.0,0.0,0.0,15.0,0.0,,,0.0,,,,,,,,season-level roster proxy
2014,TOR,15.0,0.0,0.0,15.0,0.0,,,0.0,,,,,,,,season-level roster proxy
2014,UTA,17.0,0.0,0.0,17.0,0.0,,,0.0,,,,,,,,season-level roster proxy
2014,WAS,15.0,0.0,0.0,15.0,0.0,,,0.0,,,,,,,,season-level roster proxy
2015,ATL,15.0,12.0,3.0,0.0,1.0,0.8658025792324575,0.13419742076754249,19698.36666666667,-0.39532808980778444,103.6564053280221,104.07176538325511,0.8124492152939103,104.61962512139364,103.8325374667395,43.19361288129356,season-level roster proxy
2015,BOS,14.0,6.0,6.0,2.0,0.8571428571428571,0.551093588182925,0.4489064118170752,18346.333333333332,-2.092117244135977,102.24323227166192,104.3353495157979,-2.3159097553684225,102.41773685391158,104.73364660927999,34.747043660505256,season-level roster proxy
2015,BRK,16.0,7.0,5.0,4.0,0.75,0.6277632172490305,0.3722367827509694,16674.328333333335,-3.593810835159077,102.92665253782833,106.50728803968813,-3.1230267028467495,103.7431831054745,106.85146932474345,32.56782790231377,season-level roster proxy
2015,CHI,14.0,8.0,3.0,3.0,0.7857142857142857,0.7464611250550391,0.25353887494496097,19512.675,0.5816944883261779,101.25379455490685,100.6697051702718,1.1054431300163665,101.98377400687495,100.87564652995614,43.98469645104419,season-level roster proxy
2015,CHO,16.0,8.0,6.0,2.0,0.875,0.5953587227307662,0.4046412772692338,20978.923333333332,-0.2799899089196985,102.8944283842339,103.18767233367713,0.537304019207029,103.86627910328762,103.33068371539021,42.450720851858975,season-level roster proxy
2015,CLE,17.0,4.0,10.0,3.0,0.8235294117647058,0.3179121176792327,0.6820878823207673,25669.326666666664,0.943481526200272,106.54072253940438,105.58780869203427,0.8348070679544054,107.26240436902825,106.41510397460209,43.25397908347689,season-level roster proxy
2015,DAL,16.0,5.0,10.0,1.0,0.9375,0.3161903578784827,0.6838096421215175,21841.631666666664,-0.9862913553695892,106.33531354762188,107.30864269221647,-0.2895007702905136,106.80061669947983,107.07317656187004,40.218347920215614,season-level roster proxy
2015,DEN,17.0,8.0,4.0,5.0,0.7058823529411765,0.81508569931603,0.18491430068396997,15676.126666666665,-2.493872338362495,104.51750229329608,106.99370659801592,-2.706795488480559,104.76366335996975,107.4555262595383,33.69165218110249,season-level roster proxy
2015,DET,15.0,4.0,10.0,1.0,0.9333333333333333,0.4312468374689948,0.5687531625310052,22305.446666666667,-2.3374570246968083,103.87785347345654,106.23233651900269,-2.1804547234970033,104.76213584578281,106.96786762596011,35.112772246558094,season-level roster proxy
2015,GSW,15.0,9.0,3.0,3.0,0.8,0.8595276539634448,0.14047234603655523,19645.978333333333,6.164380394392847,106.54943383238658,100.3795831241797,7.2969187526501855,107.55885386440893,100.26193511175875,60.7016806321555,season-level roster proxy
2015,HOU,17.0,6.0,6.0,5.0,0.7058823529411765,0.5036765505539961,0.49632344944600393,21915.016666666666,3.3080406509691604,108.23204610080911,104.92400544983997,4.032289611700889,109.0673624356684,105.03507282396752,51.887181951592396,season-level roster proxy
2015,IND,15.0,11.0,2.0,2.0,0.8666666666666667,0.8450765433819448,0.1549234566180551,18941.655000000002,3.250811399531878,102.7862248749295,99.54154365955175,4.59648735323443,103.46267138488213,98.87343959489358,53.41051585373296,season-level roster proxy
2015,LAC,18.0,8.0,7.0,3.0,0.8333333333333334,0.6591706193152368,0.34082938068476326,22414.998333333333,3.0546915870839166,107.91447817789266,104.85978659080874,4.414606974724692,109.24862275595285,104.83401578122815,52.91943883175667,season-level roster proxy
2015,LAL,18.0,7.0,7.0,4.0,0.7777777777777778,0.5976898000142663,0.40231019998573375,15117.161666666667,-2.6268418773938715,102.71392593869858,105.34076781609245,-2.5996469265345388,102.94996447511522,105.54961140164974,33.980953298356745,season-level roster proxy
2015,MEM,18.0,9.0,2.0,7.0,0.6111111111111112,0.7479430699145228,0.25205693008547747,18957.053333333333,0.6185927366348779,103.89680687012539,103.2782285080874,0.9884481355094671,104.155491986166,103.16706036590313,43.66880996587556,season-level roster proxy
2015,MIA,17.0,6.0,4.0,7.0,0.5882352941176471,0.5555413506402594,0.44445864935974055,16856.45,3.780763624606604,107.57165386741178,103.77688938062282,4.366026953700282,107.98480415981987,103.60398279202488,52.78827277499076,season-level roster proxy
2015,MIL,18.0,8.0,7.0,3.0,0.8333333333333334,0.5449841557332826,0.45501584426671726,22489.733333333337,-5.002830921368564,102.32843009106375,107.32170875006666,-4.337922149739606,103.50475557482844,107.83263359736719,29.28761019570306,season-level roster proxy
2015,MIN,18.0,7.0,7.0,4.0,0.7777777777777778,0.709860195654508,0.2901398043454921,12667.226666666667,1.2174951870548882,105.59482342622748,104.38747356695809,1.964474587961828,106.37753713683614,104.42244214328612,46.304081387496936,season-level roster proxy
2015,NOP,16.0,9.0,7.0,0.0,1.0,0.5895294976029972,0.41047050239700283,19018.89,-1.2563929861311571,105.25352633618472,106.52482166414548,-1.5572587926536825,105.12419563649956,106.69661305958336,36.79540125983506,season-level roster proxy
2015,NYK,16.0,4.0,9.0,3.0,0.8125,0.4732337577284631,0.526766242271537,13617.681666666665,-1.6687466992974453,105.04218057674771,106.72433562785835,-1.926936480635692,105.31689283648683,107.26136105726431,35.797271502283635,season-level roster proxy
2015,OKC,16.0,8.0,6.0,2.0,0.875,0.543636180126811,0.45636381987318875,22903.605000000003,2.423908041259589,106.40709092156743,103.98318288030784,1.1070431727422139,105.72405774697756,104.61701457423536,43.989016566403976,season-level roster proxy
2015,ORL,15.0,7.0,5.0,3.0,0.8,0.6399537146809515,0.3600462853190487,16954.26,-2.977069637168869,101.5831128086196,104.54984470962856,-3.0298277141104535,101.91854000300286,104.93882491930704,32.819465171901776,season-level roster proxy
2015,PHI,20.0,5.0,6.0,9.0,0.55,0.6542212456538196,0.3457787543461801,9344.891666666668,-7.725879789938708,98.66850600194222,106.41611078066715,-7.991464108024688,98.40851030679063,106.42254173340092,19.42304690833334,season-level roster proxy
2015,PHO,17.0,8.0,6.0,3.0,0.8235294117647058,0.633267093272922,0.3667329067270779,17653.80166666667,0.6719476853002669,105.76044406299265,105.08486158930262,0.8189051919285296,106.76468568923931,105.94099956720497,43.21104401820703,season-level roster proxy
2015,POR,16.0,11.0,4.0,1.0,0.9375,0.7408837273544967,0.25911627264550324,22407.778333333335,1.980708968098652,107.41331950430603,105.41877705115341,2.4615568049281866,108.18412349686453,105.70902326130123,47.64620337330611,season-level roster proxy
2015,SAC,17.0,8.0,4.0,5.0,0.7058823529411765,0.7277189913479303,0.27228100865206956,17686.905000000002,-0.6719167466929156,104.89008505633593,105.54683921051569,-0.0877127033137722,105.37403793989728,105.43815637287396,40.763175701052816,season-level roster proxy
2015,SAS,15.0,13.0,1.0,1.0,0.9333333333333333,0.9991289672344622,0.0008710327655377323,19153.50833333333,8.092861107690888,108.12462342625656,100.03683480963672,8.837551926437023,108.83132233093608,99.99389811424808,64.86139020137996,season-level roster proxy
2015,TOR,16.0,10.0,3.0,3.0,0.8125,0.8400710372977104,0.15992896270228973,21306.17833333333,2.4080914244983878,106.4032141928785,103.96410692923422,2.9640366687003037,107.34641601617759,104.34415853460924,49.00289900549082,season-level roster proxy
2015,UTA,16.0,6.0,3.0,7.0,0.5625,0.8034661947623546,0.19653380523764563,13814.476666666666,-5.68632926859577,102.69114124965043,108.36622563576422,-5.746906414591738,102.77678823680094,108.51213820427239,25.48335268060231,season-level roster proxy
2015,WAS,16.0,10.0,6.0,0.0,1.0,0.6255283113791147,0.37447168862088553,22255.656666666666,0.38187115575261227,103.31211625299157,102.92165842631469,1.252468995214739,104.04395904331966,102.77676665595096,44.381666287079796,season-level roster proxy
2016,ATL,15.0,9.0,4.0,2.0,0.8666666666666667,0.7230658707297347,0.2769341292702655,20459.744999999995,4.284836663409052,105.63479342810318,101.36163595880596,4.135771257499448,106.19548246696459,102.0751219990386,52.16658239524851,season-level roster proxy
2016,BOS,15.0,10.0,1.0,4.0,0.7333333333333333,0.8908560589756953,0.10914394102430475,18129.728333333333,1.4972898288510852,104.17565805591683,102.68155672860331,0.6847410115394079,103.97466280478976,103.30186197480462,42.8488007311564,season-level roster proxy
2016,BRK,17.0,6.0,7.0,4.0,0.7647058823529411,0.5641532855854174,0.4358467144145826,17664.76166666667,-5.951830183198055,99.89688638123901,105.83177041637602,-6.253268708396679,99.78195514948374,106.00949790070234,24.116174487328966,season-level roster proxy
2016,CHI,15.0,11.0,2.0,2.0,0.8666666666666667,0.9420194387975583,0.05798056120244169,19191.173333333332,2.821050154654432,105.07864263814339,102.21890272646176,3.812356603943709,106.06815922889575,102.21510658876703,51.293362830648014,season-level roster proxy
2016,CHO,16.0,6.0,8.0,2.0,0.875,0.49277059496508885,0.5072294050349113,19515.206666666665,-0.9182800267552036,102.27975904943872,103.20889524271844,-1.0009178329210549,102.17098202857858,103.18525770736699,38.29752185111315,season-level roster proxy
2016,CLE,17.0,10.0,5.0,2.0,0.8823529411764706,0.7738851474364724,0.2261148525635276,23467.565000000002,3.2661293150780666,107.78602648662807,104.51546256148289,4.590655053343704,109.09793062598595,104.49635439356203,53.394768644028,season-level roster proxy
2016,DAL,15.0,7.0,6.0,2.0,0.8666666666666667,0.5442496805077219,0.45575031949227807,16004.56,3.4320977583888594,106.05566922802004,102.64298584278482,4.166127426905565,106.77498829345797,102.63246992287796,52.24854405264502,season-level roster proxy
2016,DEN,16.0,9.0,4.0,3.0,0.8125,0.6715868394745192,0.32841316052548064,13981.103333333334,-2.9295333153248992,101.21677433183025,104.12803530527276,-1.6633959142100148,102.3504241488088,104.00096047901744,36.50883103163296,season-level roster proxy
2016,DET,15.0,6.0,7.0,2.0,0.8666666666666667,0.5707611619066064,0.42923883809339364,18674.191666666666,-0.19864451071733136,104.01095976041802,104.22055523152943,-0.44847616568958776,104.32255887505401,104.78366211526719,39.789114352638116,season-level roster proxy
2016,GSW,15.0,12.0,2.0,1.0,0.9333333333333333,0.9562574892963501,0.04374251070364995,18924.229999999996,10.543050214812792,109.71328664363098,99.17665177570416,12.652687000595488,111.04186443117092,98.39785666813385,75.16225490160782,season-level roster proxy
2016,HOU,14.0,11.0,1.0,2.0,0.8571428571428571,0.9744562670373147,0.025543732962685247,19762.381666666668,2.5475349167176122,104.20294006398856,101.66916365259281,1.9788761445835878,104.16057734777908,102.20481243995164,46.342965590375684,season-level roster proxy
2016,IND,15.0,8.0,4.0,3.0,0.8,0.5659220374416916,0.4340779625583085,17277.353333333333,0.2226142275649472,103.8521840054206,103.64353592158984,-0.24160824717390844,103.80732423112178,104.06425546223183,40.347657732630445,season-level roster proxy
2016,LAC,16.0,7.0,8.0,1.0,0.9375,0.5490735513290265,0.4509264486709734,25149.17166666667,2.9167613671570227,107.09099658882073,104.19821573977617,5.019096245795675,108.93463609243256,103.94049148030409,54.55155986364832,season-level roster proxy
2016,LAL,15.0,7.0,3.0,5.0,0.6666666666666666,0.5528488641484763,0.4471511358515237,13128.916666666666,-3.0975399595041484,102.78387107339395,105.88689173389528,-2.992867949851302,102.87172726424804,105.87053451719345,32.91925653540149,season-level roster proxy
2016,MEM,21.0,10.0,8.0,3.0,0.8571428571428571,0.5938837596011266,0.4061162403988734,20294.493333333336,2.8605860489577792,104.12540185777817,101.26820231038042,4.238236552901486,105.74305500579683,101.50481845289534,52.443238692834015,season-level roster proxy
2016,MIA,15.0,9.0,3.0,3.0,0.8,0.7185129210590461,0.2814870789409538,19473.120000000003,-2.1841136226073,103.6807606502365,105.85853266793747,-1.882696568467056,104.24998404534749,106.12516773171278,35.91671926513895,season-level roster proxy
2016,MIL,16.0,10.0,4.0,2.0,0.875,0.7367972195961868,0.26320278040381306,19576.053333333337,-0.5151261592394516,101.0150696360996,101.54522285390856,0.45803804596067205,101.20677805274319,100.76578507739148,42.23670272409382,season-level roster proxy
2016,MIN,14.0,8.0,3.0,3.0,0.7857142857142857,0.7985747329343493,0.20142526706565056,13935.4,-7.681298946089335,100.46766458085163,108.18206903521485,-7.599612821638497,100.66515650083231,108.29706743004115,20.481045381576056,season-level roster proxy
2016,NOP,19.0,11.0,6.0,2.0,0.8947368421052632,0.8216380568668586,0.17836194313314138,21381.756666666668,0.29862858165535816,105.1340799329397,104.83767045489091,1.4225600067839816,106.95431551260126,105.5305571804098,44.84091201831675,season-level roster proxy
2016,NYK,16.0,6.0,6.0,4.0,0.75,0.4580455800922676,0.5419544199077324,15784.888333333334,-6.1513551621577305,100.62930456798712,106.74070044630238,-5.263356850982386,102.17540675865695,107.3957398378934,26.788936502347557,season-level roster proxy
2016,OKC,15.0,11.0,2.0,2.0,0.8666666666666667,0.9363458039701565,0.06365419602984343,19080.02,2.4971906388637604,106.556204387277,104.05695923449414,2.4363196732263757,107.03928174789445,104.60041117843097,47.57806311771122,season-level roster proxy
2016,ORL,15.0,8.0,5.0,2.0,0.8666666666666667,0.6333965900038071,0.3666034099961929,18303.735,-4.4975134947411926,101.08190647974307,105.57917890346788,-4.567971256460184,101.76203204567787,106.32970814985953,28.666477607557503,season-level roster proxy
2016,PHI,14.0,6.0,4.0,4.0,0.7142857142857143,0.7404318163718813,0.25956818362811857,12410.445000000002,-6.0316785041417385,96.31639516820977,102.34807367235152,-6.798761657976306,95.71434098551458,102.5131026434909,22.643343523463972,season-level roster proxy
2016,PHO,16.0,6.0,7.0,3.0,0.8125,0.5820413378370156,0.41795866216298444,16983.63333333333,-1.2374008898763322,101.89765343693637,103.13506077419636,-0.7292560861331893,102.9520554852936,103.68509039270099,39.03100856744039,season-level roster proxy
2016,POR,16.0,5.0,8.0,3.0,0.8125,0.4026382149167775,0.5973617850832225,16951.74,-0.4686819268503801,102.07463087368416,102.53301507691835,0.01394323507081807,103.0915515228124,103.06803300533828,41.03764673469121,season-level roster proxy
2016,SAC,15.0,6.0,6.0,3.0,0.8,0.5676386941146663,0.43236130588533356,17748.47,-1.0523798858906335,103.23049519197991,104.28148495804615,-0.9930139270122419,104.39777968514089,105.38916002479819,38.318862397066944,season-level roster proxy
2016,SAS,18.0,9.0,7.0,2.0,0.8888888888888888,0.5767792193046559,0.4232207806953441,24601.871666666666,3.6868364554648045,105.70366732937597,102.04048426396827,6.9497830599619865,107.36517880850485,100.43937160461495,59.764414261897365,season-level roster proxy
2016,TOR,16.0,8.0,6.0,2.0,0.875,0.5658201380378903,0.43417986196210967,21694.285,1.4709244546816513,106.36000322204674,104.8692423603728,1.9417310535167962,107.51931396886711,105.55194805531849,46.24267384449535,season-level roster proxy
2016,UTA,16.0,10.0,2.0,4.0,0.75,0.9361221032689999,0.06387789673100026,17084.991666666665,0.17757098701150476,102.70874017595366,102.52761632407392,0.7628707076714046,102.8012336910591,102.03419621423092,43.05975091071279,season-level roster proxy
2016,WAS,17.0,9.0,6.0,2.0,0.8823529411764706,0.5902163849158919,0.40978361508410815,22855.798333333332,0.8844733273008256,101.98333568017277,101.10500956759407,3.0903757083780206,103.44389961012732,100.37441898185949,49.34401441262065,season-level roster proxy
2017,ATL,18.0,9.0,6.0,3.0,0.8333333333333334,0.5933761801788968,0.4066238198211031,20076.935,0.9073123462321314,103.41760824050085,102.50743942406214,1.7632452376204903,103.77728469905601,102.0201059605623,45.76076214157533,season-level roster proxy
2017,BOS,15.0,11.0,2.0,2.0,0.8666666666666667,0.7794735917467398,0.22052640825326034,18992.736666666664,3.5641113418620916,104.90059972926495,101.35861064255968,4.253761123525169,105.80805884068445,101.57970220302884,52.485155033517955,season-level roster proxy
2017,BRK,18.0,3.0,12.0,3.0,0.8333333333333334,0.2559152060891154,0.7440847939108844,14411.726666666667,-1.7750944485486124,102.58311072140789,104.33842248372737,-0.8278763586852802,102.96056718260448,103.76258667122516,38.76473383154974,season-level roster proxy
2017,CHI,16.0,4.0,10.0,2.0,0.875,0.27148016980863143,0.7285198301913687,20415.923333333332,-3.1591530352860198,102.87586729280102,106.04927823494636,-3.1733565154762142,102.80511672080574,105.99665116564685,32.431937408214225,season-level roster proxy
2017,CHO,17.0,8.0,7.0,2.0,0.8823529411764706,0.6842786543619526,0.31572134563804727,18526.775,0.9995001378635335,104.36913968207274,103.3806326789201,2.2600000678620926,105.27883135326239,103.03370685760231,47.10200018322765,season-level roster proxy
2017,CLE,19.0,11.0,6.0,2.0,0.8947368421052632,0.6700037964135321,0.32999620358646786,23842.678333333333,5.685911754740641,108.44512120317579,102.74147350755545,7.759657242391479,110.46839150221365,102.682101854476,61.951074554456994,season-level roster proxy
2017,DAL,19.0,6.0,3.0,10.0,0.47368421052631576,0.6654060967385645,0.3345939032614354,14042.59,0.4603702617062332,104.62078080563012,104.17724153212953,0.3136616280796793,104.55734156763421,104.26100089456538,41.84688639581513,season-level roster proxy
2017,DEN,17.0,9.0,4.0,4.0,0.7647058823529411,0.728394180414006,0.27160581958599406,20662.179999999997,-4.012735353513844,103.68429984154628,107.702030948977,-3.786003761010581,104.44238892653722,108.24124709275914,30.777789845271432,season-level roster proxy
2017,DET,15.0,9.0,4.0,2.0,0.8666666666666667,0.7828655260240754,0.2171344739759244,21689.723333333335,-0.19592421418622671,104.36117986444272,104.57224077854383,0.14336080083388253,104.80545675338232,104.67991041334733,41.38707416225148,season-level roster proxy
2017,GSW,16.0,9.0,5.0,2.0,0.875,0.5992992258224742,0.4007007741775257,21327.365,9.241421807147763,111.09353794995303,101.85377453645428,10.479427925131608,112.39272000297478,101.91523571168331,69.29445539785534,season-level roster proxy
2017,HOU,15.0,5.0,4.0,6.0,0.6,0.6033872673247441,0.396612732675256,16363.829999999998,-0.044953595826893636,106.3967770075832,106.41098384872818,-0.16207536942202086,106.38012109312238,106.51072146757248,40.562396502560546,season-level roster proxy
2017,IND,16.0,9.0,6.0,1.0,0.9375,0.5810367063843761,0.4189632936156239,20920.838333333333,0.07782282943887785,102.61823134397977,102.53976990883811,0.45308542337918345,103.30736131650724,102.85572199868555,42.223330643123795,season-level roster proxy
2017,LAC,15.0,9.0,4.0,2.0,0.8666666666666667,0.7787343776984252,0.22126562230157487,20604.225,4.616493267764258,106.89697460108303,102.2666834836059,4.529113940498611,107.09760377753724,102.55088696488303,53.22860763934625,season-level roster proxy
2017,LAL,16.0,8.0,5.0,3.0,0.8125,0.6199262315062212,0.38007376849377894,18310.436666666665,-6.623307654596259,100.56716464617355,107.21292088246211,-7.121134136597612,100.8637620593349,108.0123749878257,21.772937831186447,season-level roster proxy
2017,MEM,16.0,8.0,4.0,4.0,0.75,0.7257325302520967,0.2742674697479034,14097.369999999999,-1.406321261814556,104.37548664514492,105.74330943762324,-0.9117795002231462,104.67147717864864,105.5405254022637,38.538195349397505,season-level roster proxy
2017,MIA,14.0,7.0,5.0,2.0,0.8571428571428571,0.6154583460113827,0.3845416539886172,15506.898333333336,0.5161729741999771,104.09289623682535,103.53872754910475,1.0184810883316706,104.40485634256093,103.34234612045826,43.74989893849551,season-level roster proxy
2017,MIL,17.0,7.0,7.0,3.0,0.8235294117647058,0.5918302583466055,0.40816974165339437,20955.375,-1.7359820252958171,104.12652640034679,105.84500390313545,-0.6014977602749676,105.2823694454481,105.86577723773875,39.37595604725759,season-level roster proxy
2017,MIN,15.0,9.0,4.0,2.0,0.8666666666666667,0.7544454684754814,0.24555453152451856,21369.795000000002,-2.473195188192805,104.79884148787261,107.2516468844616,-1.9135034846743555,105.42996717351038,107.31840345861336,35.83354059137924,season-level roster proxy
2017,NOP,17.0,6.0,7.0,4.0,0.7647058823529411,0.5098668198415642,0.4901331801584357,17153.95666666667,-3.0747019686614565,103.15072176739787,106.21370988850579,-3.8956197431369595,103.13262432409931,107.01371875519942,30.48182669353021,season-level roster proxy
2017,NYK,15.0,5.0,4.0,6.0,0.6,0.5642588557657595,0.4357411442342405,13402.238333333333,-0.8597841181504134,104.07106350270098,104.92610644764191,-0.842851068701682,104.33341215748277,105.17626322618446,38.724302114505456,season-level roster proxy
2017,OKC,15.0,7.0,5.0,3.0,0.8,0.508566466193765,0.4914335338062351,19209.301666666666,1.9317853390644688,106.15849762367728,104.22999956357947,2.532349918328297,106.75582719281228,104.22135403544209,47.8373447794864,season-level roster proxy
2017,ORL,18.0,6.0,8.0,4.0,0.7777777777777778,0.5695174458771227,0.4304825541228773,18751.851666666666,-0.38138456726629033,104.15263956599486,104.54604025326921,-0.17871662104429958,104.26084502947091,104.45379362885566,40.51746512318039,season-level roster proxy
2017,PHI,16.0,5.0,5.0,6.0,0.625,0.6445339417380241,0.35546605826197597,11807.929999999998,-6.512018730915015,99.40586780804652,105.91194136765152,-7.1462838727199305,99.2613444800078,106.4013567700175,21.705033543656185,season-level roster proxy
2017,PHO,17.0,9.0,4.0,4.0,0.7647058823529411,0.7637838745934329,0.2362161254065672,14801.776666666667,-4.578123313124798,100.99956907200105,105.56181493302721,-4.820289641198984,101.01018953253887,105.8122256345173,27.98521796876274,season-level roster proxy
2017,POR,14.0,9.0,3.0,2.0,0.8571428571428571,0.8211577554126696,0.17884224458733025,19109.793333333335,1.2467834380905565,106.16361566268465,104.9290819035545,1.786808227775099,106.81059397432962,105.03784860450065,45.82438221499277,season-level roster proxy
2017,SAC,16.0,5.0,7.0,4.0,0.75,0.4678093729761874,0.5321906270238128,19098.13166666666,-2.1936079611277863,103.45465587864227,105.6552834269391,-1.9759894159696378,103.82335907796762,105.79934849393726,35.66482857688198,season-level roster proxy
2017,SAS,16.0,8.0,4.0,4.0,0.75,0.7721295974649545,0.22787040253504537,17531.31,8.759343834925437,107.02014474864303,98.27474812207416,10.248554958978165,107.84801820582855,97.6056399040824,68.67109838924105,season-level roster proxy
2017,TOR,16.0,10.0,3.0,3.0,0.8125,0.6564095279972202,0.34359047200277987,20240.7,4.407601268730824,108.54689121423665,104.14421657847802,4.526203918201775,108.79060529429111,104.26440137608934,53.22075057914479,season-level roster proxy
2017,UTA,15.0,10.0,3.0,2.0,0.8666666666666667,0.7073485498915927,0.29265145010840715,22597.678333333337,2.303986154329866,104.36393583795149,102.06587279209434,2.747572068797525,105.13627495261849,102.39180241290734,48.41844458575332,season-level roster proxy
2017,WAS,16.0,7.0,6.0,3.0,0.8125,0.6173190058055584,0.38268099419444157,20139.32,-0.6801505297431428,103.61619090581675,104.27915881304168,-0.40584611574419277,103.87620544095203,104.26035464887535,39.90421548749068,season-level roster proxy
2018,ATL,19.0,6.0,4.0,9.0,0.5263157894736842,0.7762645583211322,0.22373544167886766,10671.875000000002,-0.9216468989751098,103.15384286578818,104.08037530112247,-0.7324021490594088,103.28425636244751,104.02174555869026,39.02251419753959,season-level roster proxy
2018,BOS,19.0,4.0,6.0,9.0,0.5263157894736842,0.39941547497491253,0.6005845250250875,18018.618333333336,2.72919153716096,108.54671805672112,105.80535432285734,2.7888000783565334,109.10073825168286,106.29874551349695,48.52976021156264,season-level roster proxy
2018,BRK,18.0,7.0,7.0,4.0,0.7777777777777778,0.4157686178276827,0.5842313821723173,20574.388333333332,-4.735041867992349,103.8656236438945,108.6101016287807,-3.383985495011873,105.11529537316635,108.51438190186637,31.863239163467945,season-level roster proxy
2018,CHI,19.0,7.0,8.0,4.0,0.7894736842105263,0.467494661338893,0.532505338661107,16303.244999999999,-1.7195014550784213,104.63259124180493,106.36415803520507,-1.664263520336956,105.53101893060352,107.20547097049439,36.50648849509022,season-level roster proxy
2018,CHO,17.0,9.0,3.0,5.0,0.7058823529411765,0.7754776352773992,0.224522364722601,19461.676666666666,0.6014441458709535,107.49224124745675,106.92088717775772,1.0325917723281866,107.84943115470784,106.84978182742962,43.7879977852861,season-level roster proxy
2018,CLE,17.0,5.0,7.0,5.0,0.7058823529411765,0.5112068203424839,0.488793179657516,19475.268333333333,0.9016457796345299,108.79938876323568,107.92936786236835,1.4042942871516164,109.3521254633362,107.97922632065283,44.79159457530936,season-level roster proxy
2018,DAL,21.0,9.0,4.0,8.0,0.6190476190476191,0.8534755645844311,0.14652443541556898,15955.393333333333,-2.859723566827351,103.74151940890206,106.58809308576535,-2.931189814569267,104.05175061006406,106.96412572847078,33.08578750066298,season-level roster proxy
2018,DEN,16.0,10.0,4.0,2.0,0.875,0.7015013132219169,0.2984986867780828,20777.143333333337,1.4900734188193656,110.36624738113662,108.86833578982544,1.8956877685142544,111.40603131068096,109.50820972109796,46.11835697498849,season-level roster proxy
2018,DET,19.0,7.0,7.0,5.0,0.7368421052631579,0.49258073513242595,0.5074192648675743,19725.561666666665,-0.2726137244761175,106.22273648819632,106.50454541345128,0.30368585052741864,107.24811088667983,106.94739919130915,41.81995179642403,season-level roster proxy
2018,GSW,17.0,12.0,3.0,2.0,0.8823529411764706,0.8808524582141016,0.11914754178589851,20024.59833333333,10.305627944763605,113.68865727560579,103.38345422492455,12.244934596086999,115.25213722662235,103.00720263053536,74.06132340943489,season-level roster proxy
2018,HOU,20.0,8.0,9.0,3.0,0.85,0.567966842820094,0.43203315717990604,23034.528333333332,5.808578353785843,112.05335929387743,106.22260429035629,6.460042594406502,112.88835892195584,106.40216326537056,58.44211500489756,season-level roster proxy
2018,IND,17.0,6.0,7.0,4.0,0.7647058823529411,0.3904512755664341,0.6095487244335659,19545.891666666666,-1.15551124767481,105.63530739409434,106.81671757961071,-0.6258044129188278,106.29631462150545,106.94959859739409,39.31032808511917,season-level roster proxy
2018,LAC,17.0,3.0,8.0,6.0,0.6470588235294118,0.289105436264647,0.710894563735353,18796.331666666665,3.2555902618941874,110.55861468181868,107.30607304669998,3.3731183183663536,110.9317325525468,107.56206012228756,50.10741945958915,season-level roster proxy
2018,LAL,20.0,5.0,7.0,8.0,0.6,0.4100891159185228,0.5899108840814771,17298.443333333336,-3.674972189212401,106.16146436490527,109.82870872003315,-3.450143072255786,106.92225959586102,110.3560045004015,31.684613704909378,season-level roster proxy
2018,MEM,22.0,8.0,4.0,10.0,0.5454545454545454,0.8226491629906695,0.17735083700933052,12283.515000000001,-1.253626371061812,104.60738478901735,105.86139740945487,-0.8213897358176407,104.99373559398629,105.81553450515182,38.78224771329237,season-level roster proxy
2018,MIA,18.0,11.0,4.0,3.0,0.8333333333333334,0.8134836860376752,0.1865163139623249,21536.766666666666,0.706226987028384,106.23573975047323,105.52098961775445,0.7643956236793671,106.37771410639797,105.61123813043284,43.06386818393429,season-level roster proxy
2018,MIL,19.0,10.0,6.0,3.0,0.8421052631578947,0.7187616795474675,0.2812383204525325,22189.786666666667,-0.21751546056624246,107.7200336611318,107.92774168926967,-1.02150576519612,107.92307638191272,108.93128819627599,38.24193443397048,season-level roster proxy
2018,MIN,15.0,6.0,8.0,1.0,0.9333333333333333,0.46738822955397025,0.5326117704460299,24020.69833333333,0.06082013019466062,108.55301104554346,108.49714349825662,0.14147273550967082,109.23890009047581,109.09742735496614,41.38197638587611,season-level roster proxy
2018,NOP,19.0,7.0,5.0,7.0,0.631578947368421,0.624049788762364,0.3759502112376359,19546.31166666667,0.4376953725370353,105.99529736513801,105.54852604331914,0.3384454534656406,105.84978608404079,105.50350347643473,41.91380272435723,season-level roster proxy
2018,NYK,18.0,7.0,7.0,4.0,0.7777777777777778,0.5701732276774716,0.4298267723225285,17027.39833333333,-3.0582011990675038,105.99930062715592,109.03603348485713,-2.1451106640666042,106.91934470359725,109.04777492744803,35.20820120702017,season-level roster proxy
2018,OKC,17.0,8.0,5.0,4.0,0.7647058823529411,0.5217042027377836,0.47829579726221627,20504.055,1.6360086334142199,108.41624869649766,106.79408152842612,1.6905755806822296,108.71699696139005,107.04252501101024,45.56455406784202,season-level roster proxy
2018,ORL,18.0,7.0,6.0,5.0,0.7222222222222222,0.6811788842124618,0.31882111578753813,18998.360000000004,-4.012160189967273,103.9311736381456,107.94882760933048,-3.9098827481328504,104.47414539374192,108.38883076711821,30.443316580041305,season-level roster proxy
2018,PHI,19.0,8.0,7.0,4.0,0.7894736842105263,0.5629960141553619,0.43700398584463795,19269.023333333334,-1.18760929242738,104.55295304709269,105.74247702746395,-0.6479603516343155,105.37996356969197,106.02792392132628,39.250507050587345,season-level roster proxy
2018,PHO,18.0,9.0,3.0,6.0,0.6666666666666666,0.7584077775728624,0.24159222242713768,17333.256666666664,-4.535564907306321,105.28415776646705,109.81631940872047,-4.84019298233785,105.6392475423256,110.47038978693683,27.931478947687804,season-level roster proxy
2018,POR,15.0,11.0,2.0,2.0,0.8666666666666667,0.9536094939675344,0.04639050603246582,16382.051666666664,-0.9407117911869199,107.77144341200244,108.70020889731866,-0.4498194406010283,108.6496080288345,109.08426201537863,39.78548751037722,season-level roster proxy
2018,SAC,16.0,5.0,4.0,7.0,0.5625,0.5595735332536396,0.4404264667463603,12631.7,-2.3011821581154286,105.5018418212381,107.81797195415764,-2.2986255700153055,105.55657565791259,107.87019704319388,34.79371096095868,season-level roster proxy
2018,SAS,17.0,11.0,3.0,3.0,0.8235294117647058,0.8657544402050935,0.1342455597949064,17683.96166666667,6.4291210387717594,109.09214976055983,102.67246733080266,8.134562968808845,110.57016818948335,102.4524086609848,62.963320015783886,season-level roster proxy
2018,TOR,16.0,10.0,2.0,4.0,0.75,0.876657039515741,0.12334296048425887,16007.966666666667,2.606597288017008,109.08336117016738,106.4531935036513,2.4468745820542295,109.86628252101312,107.3953181419073,47.60656137154642,season-level roster proxy
2018,UTA,19.0,6.0,5.0,8.0,0.5789473684210527,0.5127318982457427,0.4872681017542573,15852.768333333333,3.4692950999830634,108.43062195971872,104.95698276042428,3.4434273789760623,108.6720623594207,105.22396960839738,50.29725392323537,season-level roster proxy
2018,WAS,15.0,10.0,4.0,1.0,0.9333333333333333,0.8394129198485584,0.16058708015144169,20349.748333333333,2.12956726164263,109.52850905854774,107.4068301254176,2.861786999365678,110.60163923704438,107.74915696877413,48.72682489828733,season-level roster proxy
2019,ATL,18.0,6.0,6.0,6.0,0.6666666666666666,0.6903958781276788,0.30960412187232117,12968.216666666667,-6.516652353895998,102.21404434945437,108.74587054503766,-6.354033455300808,102.55036768683406,108.92513288235062,23.844109670687818,season-level roster proxy
2019,BOS,16.0,12.0,2.0,2.0,0.875,0.9972862240825497,0.0027137759174502354,17785.796666666665,4.523155930228222,106.20378226896031,101.66673889033927,5.6388738410893255,107.18601711072876,101.53082369849993,56.22495937094118,season-level roster proxy
2019,BRK,17.0,8.0,5.0,4.0,0.7647058823529411,0.7585112223653668,0.24148877763463308,19929.325,-2.2662972278288396,105.59653073214137,107.87770110126658,-1.6585987500973687,105.93935757300609,107.62158766289181,36.521783374737105,season-level roster proxy
2019,CHI,17.0,7.0,6.0,4.0,0.7647058823529411,0.6146654334585562,0.38533456654144377,12179.615000000002,-4.71692762866478,103.24085123654015,107.94775717459048,-5.384868535699947,103.10421217041313,108.48068359305964,26.460854953610145,season-level roster proxy
2019,CHO,17.0,10.0,3.0,4.0,0.7647058823529411,0.7930652993035746,0.20693470069642542,18993.898333333334,-1.107470916756688,106.9174592384449,108.00140095867627,-0.7156345322491205,107.66401030783365,108.34796134649908,39.067786762927376,season-level roster proxy
2019,CLE,19.0,7.0,8.0,4.0,0.7894736842105263,0.5390088592029649,0.4609911407970352,16997.954999999998,-1.7148136251292192,107.22649063764827,108.94256464968875,-1.7614769773795855,107.38034356179985,109.14182053917943,36.24401216107512,season-level roster proxy
2019,DAL,16.0,6.0,5.0,5.0,0.6875,0.4913280112533098,0.5086719887466901,15383.918333333333,-2.0024929821195316,105.68560868378678,107.6911284413778,-2.0680441185600933,105.59079707697467,107.66231035724485,35.41628087988775,season-level roster proxy
2019,DEN,18.0,11.0,2.0,5.0,0.7222222222222222,0.8728738084776666,0.12712619152233337,17737.113333333335,1.8453576530867295,110.51119031206505,108.65782370825468,2.7745648008820347,111.11099139588882,108.3289827905842,48.4913249623815,season-level roster proxy
2019,DET,17.0,7.0,5.0,5.0,0.7058823529411765,0.651799184801236,0.34820081519876406,15803.916666666666,1.453314220630962,107.4656424409561,105.99180403591936,1.208153085999482,107.80714870063763,106.57506078481966,44.2620133321986,season-level roster proxy
2019,GSW,17.0,10.0,5.0,2.0,0.8823529411764706,0.798495149866827,0.20150485013317296,17591.785,5.861947352130554,111.30642092317522,105.46874416098196,6.62333066754972,112.1574781841664,105.56635619469924,58.882992802384244,season-level roster proxy
2019,HOU,20.0,8.0,5.0,7.0,0.65,0.6899502343343548,0.31004976566564524,18375.45333333333,7.98892194224324,113.17165825931554,105.17002180989276,8.35238305668183,113.83854619763508,105.47546717808943,63.551434253040945,season-level roster proxy
2019,IND,17.0,10.0,5.0,2.0,0.8823529411764706,0.6914394540713831,0.3085605459286168,23124.635000000002,0.4581821075229944,106.73783264759275,106.29555091356036,1.3564111176794296,107.49926704369216,106.15430467896127,44.66231001773446,season-level roster proxy
2019,LAC,19.0,7.0,8.0,4.0,0.7894736842105263,0.4446456528642429,0.555354347135757,18054.8,0.518325911484296,107.48781091454906,106.96887252512722,0.18429889805899763,107.65806494721839,107.4737660491594,41.49760702475929,season-level roster proxy
2019,LAL,20.0,7.0,8.0,5.0,0.75,0.45547889662793584,0.5445211033720642,23491.743333333336,-1.5334833032825859,106.69154588073,108.24856747540942,-0.7426454372486916,107.37685972564981,108.15217499322033,38.99485731942853,season-level roster proxy
2019,MEM,22.0,5.0,11.0,6.0,0.7272727272727273,0.23877389934554052,0.7612261006544596,17265.901666666665,-0.1436902561609633,105.98618873172084,106.1359510426186,0.8371374764871424,106.50083526278156,105.66153966544495,43.26027118651528,season-level roster proxy
2019,MIA,15.0,11.0,1.0,3.0,0.8,0.9025081350737254,0.0974918649262746,17697.545000000002,0.94191231985378,105.78364423803791,104.85523016516318,1.7888440775648364,106.62733327770091,104.84690002699936,45.829879009425056,season-level roster proxy
2019,MIL,18.0,7.0,9.0,2.0,0.8888888888888888,0.5203159539759024,0.4796840460240977,23825.2,0.4186617391109694,107.77251778928753,107.34334213353927,0.5991914565099522,108.35631903139883,107.73769421999437,42.61781693257687,season-level roster proxy
2019,MIN,18.0,7.0,6.0,5.0,0.7222222222222222,0.631951472297552,0.3680485277024481,22396.004999999997,3.5649493588997982,110.41216918672177,106.820771971013,5.026022048976946,111.52913295509589,106.47308392516632,54.570259532237756,season-level roster proxy
2019,NOP,17.0,7.0,6.0,4.0,0.7647058823529411,0.6122840784124063,0.38771592158759377,20262.95,-0.8784990257259349,106.51566734689008,107.39103590543331,0.5490759810986542,107.54494907885221,107.00313391989974,42.48250514896637,season-level roster proxy
2019,NYK,17.0,6.0,6.0,5.0,0.7058823529411765,0.4179302598263028,0.5820697401736973,12784.309999999998,-4.980303564812389,103.0900876152096,108.08641945999956,-4.92720941292431,103.39749606186939,108.34209694704346,27.69653458510436,season-level roster proxy
2019,OKC,17.0,8.0,5.0,4.0,0.7647058823529411,0.7132791338154763,0.2867208661845238,20286.978333333333,0.9254198608680588,107.5391429494141,106.57170137954665,1.8284422178991055,108.42954895508085,106.55294759849416,45.93679398832759,season-level roster proxy
2019,ORL,17.0,8.0,4.0,5.0,0.7058823529411765,0.6911493007413064,0.30885069925869346,14358.658333333336,-3.8994705401328686,103.41939501079196,107.30918046544502,-4.098156635912996,103.81999340944749,107.9115952028848,29.93497708303491,season-level roster proxy
2019,PHI,19.0,7.0,8.0,4.0,0.7894736842105263,0.4653712108963841,0.5346287891036159,21050.163333333334,1.3582158111520592,107.19561936890751,105.82776350587302,2.460656420950133,108.16270184992449,105.69006032869675,47.64377233656536,season-level roster proxy
2019,PHO,16.0,5.0,5.0,6.0,0.625,0.545671083823976,0.45432891617602394,17699.291666666668,-6.50704267355332,103.4283062363607,109.90130414823568,-7.143323761723012,103.2766168484781,110.38129995129583,21.713025843347864,season-level roster proxy
2019,POR,16.0,10.0,3.0,3.0,0.8125,0.7569392502456542,0.24306074975434577,19276.758333333335,0.8569253647851403,107.0672663583218,106.21165750119637,1.4600337422826322,107.41862286467514,105.96012749890961,44.942091104163104,season-level roster proxy
2019,SAC,17.0,6.0,8.0,3.0,0.8235294117647058,0.5120888914120687,0.4879111085879312,20785.06,-5.406281210318051,102.8473392988361,108.25509850985917,-5.665767648537091,102.7961047680552,108.4618724165923,25.702427348949854,season-level roster proxy
2019,SAS,15.0,6.0,5.0,4.0,0.7333333333333333,0.5196420839453251,0.4803579160546749,16528.45666666667,3.515078943648097,108.15761551239811,104.66450351182212,3.739429238506262,108.77228689497288,105.05689020824414,51.09645894396691,season-level roster proxy
2019,TOR,18.0,9.0,8.0,1.0,0.9444444444444444,0.5989392716298989,0.4010607283701012,18253.495,3.05500148510372,108.07183504674948,105.0460098645949,4.110007190927105,109.21057410992303,105.13905730369912,52.09701941550318,season-level roster proxy
2019,UTA,17.0,14.0,2.0,1.0,0.9411764705882353,0.8909162459772784,0.10908375402272144,19181.14833333333,5.281374281640594,107.19223876846443,101.8999572931374,5.571436020391966,107.72111026411197,102.13681824259778,56.04287725505831,season-level roster proxy
2019,WAS,19.0,5.0,11.0,3.0,0.8421052631578947,0.373196705068307,0.6268032949316931,19259.88333333333,2.243403334911167,108.69728694272119,106.45306616602905,2.448144416592082,109.1959180271776,106.74728640217867,47.60998992479862,season-level roster proxy
2020,ATL,18.0,6.0,8.0,4.0,0.7777777777777778,0.6523935715019502,0.3476064284980498,17245.81166666667,-1.9682782109317944,108.95847135637861,110.91096632448053,-2.4015375198740343,109.03792575363286,111.43409352502718,34.51584869634011,season-level roster proxy
2020,BOS,17.0,8.0,2.0,7.0,0.5882352941176471,0.7010758299901775,0.2989241700098225,15060.62,2.7725285656677254,109.76614676775147,107.00867844971411,2.7993987717268802,110.06791783910201,107.2842318466828,48.55837668366258,season-level roster proxy
2020,BRK,22.0,6.0,13.0,3.0,0.8636363636363636,0.3601015140035706,0.6398984859964293,24158.243333333336,-2.8238241591241526,107.10687736263384,109.92257583436322,-1.9554807695372558,107.99252388202582,109.94048439792644,35.72020192224941,season-level roster proxy
2020,CHI,17.0,9.0,3.0,5.0,0.7058823529411765,0.7062127958062991,0.2937872041937009,18504.57833333333,-4.426423649930959,105.87166416563396,110.31465382395909,-3.687393911148451,106.99228055041618,110.69417606023164,31.04403643989918,season-level roster proxy
2020,CHO,14.0,9.0,1.0,4.0,0.7142857142857143,0.8425793107609785,0.15742068923902153,11379.603333333333,-2.530118551291038,108.1408964313636,110.68456699281552,-2.2117461205415547,108.38599909154019,110.61216368482522,35.0282854745378,season-level roster proxy
2020,CLE,16.0,7.0,4.0,5.0,0.6875,0.6736793591497624,0.3263206408502376,15636.726666666666,-6.178172936023696,107.03725674256633,113.22047095108142,-6.7687424357995205,107.12067987702478,113.88942231282428,22.724395423341292,season-level roster proxy
2020,DAL,18.0,10.0,5.0,3.0,0.8333333333333334,0.6770714804665505,0.32292851953344937,22203.665,-1.1052160007518277,107.61973194515409,108.71367565519776,-2.0873843419622196,107.71988659847618,109.78870889748018,35.36406227670201,season-level roster proxy
2020,DEN,17.0,8.0,5.0,4.0,0.7647058823529411,0.7248372202245447,0.2751627797754554,20525.686666666665,3.2628324168123655,110.65653967565196,107.3857209567979,4.091108195183824,110.99327686285686,106.892245733035,52.045992126996325,season-level roster proxy
2020,DET,19.0,7.0,8.0,4.0,0.7894736842105263,0.6237843574616743,0.37621564253832596,14205.793333333331,-0.2573260252038019,107.7406455065985,107.99700449675696,0.860651322870253,108.58426751056348,107.7236161876932,43.323758571749686,season-level roster proxy
2020,GSW,16.0,4.0,4.0,8.0,0.5,0.5755655701775583,0.4244344298224416,10863.005,4.104894210518483,112.71850686496661,108.60824240929037,4.104894210518483,112.71850686496661,108.60824240929037,52.08321436839991,season-level roster proxy
2020,HOU,20.0,6.0,11.0,3.0,0.85,0.4914437382547148,0.5085562617452851,22493.955,3.3731325816202617,111.88654213987711,108.51340955825688,3.9204206665953745,112.91186557990221,108.99144491330684,51.58513579980751,season-level roster proxy
2020,IND,17.0,8.0,7.0,2.0,0.8823529411764706,0.44764446873346875,0.5523555312665313,17615.028333333335,1.0743484091283035,107.72332959630967,106.65393378589512,0.6693258627813676,107.78534619643406,107.1160203336527,42.80717982950969,season-level roster proxy
2020,LAC,17.0,8.0,6.0,3.0,0.8235294117647058,0.5302211888904672,0.4697788111095328,23019.39,2.3317144879454523,109.96274214187838,107.62539120280773,3.859839881733992,111.93393068297851,108.06165241973675,51.421567680681775,season-level roster proxy
2020,LAL,18.0,6.0,10.0,2.0,0.8888888888888888,0.46987823246264054,0.5301217675373595,20976.718333333334,-0.43121200003400595,108.91559030007157,109.35112994716125,0.47953822655426687,109.75701216774915,109.29077880480781,42.29475321169652,season-level roster proxy
2020,MEM,17.0,6.0,7.0,4.0,0.7647058823529411,0.32877600330744544,0.6712239966925545,13436.351666666667,-2.8222958340253816,105.06698726874149,107.88947598746735,-2.1262451032822853,105.18610722747131,107.3123523307536,35.25913822113783,season-level roster proxy
2020,MIA,18.0,6.0,6.0,6.0,0.6666666666666666,0.4398264570083131,0.5601735429916868,13878.981666666667,1.6868315626902985,108.38801680814959,106.69884153364278,2.3815560273124636,108.70520502492107,106.3236489976086,47.43020127374365,season-level roster proxy
2020,MIL,16.0,10.0,5.0,1.0,0.9375,0.6705491312648275,0.32945086873517254,23066.676666666666,5.556192446737378,110.89521906999174,105.34383376712411,6.010384452417112,111.8096240562184,105.79923960380128,57.2280380215262,season-level roster proxy
2020,MIN,17.0,2.0,10.0,5.0,0.7058823529411765,0.2640201551941769,0.7359798448058231,16293.566666666666,0.0371356384012504,108.86363759111471,108.82907189340578,0.6747696183572522,109.60144239713361,108.94435898115621,42.82187796956458,season-level roster proxy
2020,NOP,17.0,5.0,6.0,6.0,0.6470588235294118,0.42962367833076087,0.570376321669239,16404.760000000002,0.8101327297686769,108.1773529248015,107.36512364907097,1.6184632901525204,108.60198492981105,106.98107845240497,45.36985088341181,season-level roster proxy
2020,NYK,18.0,7.0,8.0,3.0,0.8333333333333334,0.46534424053627954,0.5346557594637203,21075.573333333334,-4.103044195555296,106.48642701218728,110.60792676735406,-4.137920168006187,106.54781843570387,110.69560650338285,29.827615546383292,season-level roster proxy
2020,OKC,17.0,7.0,4.0,6.0,0.6470588235294118,0.5604372146348272,0.4395627853651729,16825.298333333332,2.316076346937484,109.08999201500043,106.77934114887908,3.130759772338168,110.04463542086981,106.92433096785783,49.45305138531305,season-level roster proxy
2020,ORL,19.0,13.0,4.0,2.0,0.8947368421052632,0.8074933109994603,0.19250668900053958,21876.088333333337,1.804055889638405,108.79412637222696,107.01363678439465,2.6876870277261977,109.4200752377724,106.76190005474571,48.25675497486073,season-level roster proxy
2020,PHI,17.0,7.0,7.0,3.0,0.8235294117647058,0.5657662432001236,0.4342337567998764,17951.306666666667,2.230517546355028,109.75319630400165,107.48783982670157,1.7922728592545525,109.80338843435092,107.9723738564481,45.839136719987295,season-level roster proxy
2020,PHO,17.0,5.0,8.0,4.0,0.7647058823529411,0.5391866814328272,0.4608133185671729,18054.795,-4.202145893468559,106.57937642973332,110.78739233354169,-4.602322111859988,106.84594316187781,111.45153541682438,28.57373029797803,season-level roster proxy
2020,POR,16.0,7.0,5.0,4.0,0.75,0.6520792622165033,0.34792073778349675,16387.463333333333,0.5982108986157917,110.43345266574713,109.84193009127506,1.1937167248778475,110.86235633669831,109.67606755433663,44.22303515717019,season-level roster proxy
2020,SAC,18.0,9.0,5.0,4.0,0.7777777777777778,0.6532984452192113,0.3467015547807888,23533.006666666664,-1.6181869804991627,107.37754987958756,108.97284496300374,-0.7714170758892713,107.98059957145931,108.72639018953167,38.91717389509897,season-level roster proxy
2020,SAS,17.0,11.0,2.0,4.0,0.7647058823529411,0.9319659981951737,0.06803400180482626,17822.583333333336,1.7184152035572842,110.68036716525381,108.95158653580896,2.106164515203024,111.38794308357794,109.27059571443061,46.68664419104817,season-level roster proxy
2020,TOR,18.0,10.0,2.0,6.0,0.6666666666666666,0.8521760586370991,0.1478239413629008,16515.141666666666,4.3327225974951284,109.83453830499991,105.49122202504067,5.064719005061946,110.37784363020333,105.30396362200159,54.674741313667255,season-level roster proxy
2020,UTA,18.0,6.0,5.0,7.0,0.6111111111111112,0.4946265084199866,0.5053734915800133,20148.29,1.9272818603133728,107.9360847909839,106.02154627845175,2.0533286079049637,108.16657787893465,106.12739562046637,46.5439872413434,season-level roster proxy
2020,WAS,21.0,5.0,10.0,6.0,0.7142857142857143,0.448214730725252,0.5517852692747479,12867.526666666668,-0.4882171994721598,108.52905685319477,109.00997837450242,-0.21149977377469195,109.59335771038916,109.7962564330675,40.42895061080833,season-level roster proxy
2021,ATL,17.0,8.0,6.0,3.0,0.8235294117647058,0.5428393411261138,0.4571606588738862,20696.221666666668,-2.522783369557068,108.56540615746852,111.08593208599348,-2.4814988682225327,109.75485051902812,112.23740908733822,34.299953055799165,season-level roster proxy
2021,BOS,18.0,11.0,5.0,2.0,0.8888888888888888,0.6780108590572764,0.3219891409427236,16479.945,2.7078943224628476,110.18257608464917,107.46505319040811,3.4764332620828515,110.76081930557827,107.27281332029472,50.3863698076237,season-level roster proxy
2021,BRK,21.0,9.0,9.0,3.0,0.8571428571428571,0.47250519304164296,0.527494806958357,17776.993333333332,-0.1573603466502959,108.690812169587,108.85386360798171,0.457499496353206,109.88562956338224,109.44011521042655,42.23524864015366,season-level roster proxy
2021,CHI,17.0,9.0,6.0,2.0,0.8823529411764706,0.5730327331351532,0.4269672668648469,18558.87,-2.271353886308811,106.22492936441355,108.48003265644228,-2.0051497657783286,106.99001402626843,108.98307096513497,35.58609563239851,season-level roster proxy
2021,CHO,17.0,10.0,2.0,5.0,0.7058823529411765,0.8091506775822436,0.1908493224177564,16290.888333333332,-4.426979457739821,106.13327841851881,110.51714378579518,-4.482960940649833,106.47804519236807,110.90457042812328,28.896005460245448,season-level roster proxy
2021,CLE,21.0,7.0,8.0,6.0,0.7142857142857143,0.6155454459459848,0.38445455405401546,16280.073333333326,-4.834688285597403,106.9898330003428,111.81142615655708,-5.475267268501471,107.25437815989781,112.70237700249507,26.216778375046026,season-level roster proxy
2021,DAL,17.0,10.0,3.0,4.0,0.7647058823529411,0.7654182433304574,0.23458175666954256,18399.875,3.802357833046874,113.16568646979034,109.36733062951063,3.7588928815575104,113.35677944550473,109.59575332540535,51.14901078020528,season-level roster proxy
2021,DEN,18.0,9.0,5.0,4.0,0.7777777777777778,0.6159797958203714,0.3840202041796284,17011.00166666667,3.516506670536057,111.7024215015361,108.18831389607568,3.7857884434533458,111.8962935314437,108.10462807650201,51.22162879732403,season-level roster proxy
2021,DET,17.0,1.0,11.0,5.0,0.7058823529411765,0.07518939252239333,0.9248106074776066,10024.375,-3.004561115614024,106.5676790656109,109.54816927073593,-1.938018375740481,107.19206217247192,109.1080414832613,35.7673503855007,season-level roster proxy
2021,GSW,17.0,11.0,4.0,2.0,0.8823529411764706,0.6911327222852102,0.3088672777147897,13951.801666666668,-5.564438654935962,105.55345800620016,111.10973379662674,-5.038470421101619,105.87956975405575,110.9042606840282,27.396129863025628,season-level roster proxy
2021,HOU,22.0,4.0,10.0,8.0,0.6363636363636364,0.29833601677333,0.70166398322667,11535.773333333334,0.22991570858419555,107.61959695232106,107.3963919338452,1.0959574794608895,108.86997899214846,107.77930177348426,43.9590851945444,season-level roster proxy
2021,IND,19.0,13.0,4.0,2.0,0.8947368421052632,0.8934896325932166,0.10651036740678355,18696.896666666664,1.4833658936982237,108.15194595573706,106.65791809656827,1.9852405440551153,108.75378693801954,106.76018606734466,46.36014946894881,season-level roster proxy
2021,LAC,18.0,9.0,5.0,4.0,0.7777777777777778,0.6913090990679932,0.3086909009320066,14336.450000000003,4.9928376969193895,111.39469372357405,106.41536197361735,5.978339056490768,112.47573506548935,106.51458936746224,57.14151545252507,season-level roster proxy
2021,LAL,17.0,10.0,7.0,0.0,1.0,0.4985126186148538,0.501487381385146,21207.293333333335,4.620801790201736,109.93918934806703,105.33674518106034,5.1375838938776,110.77542755145295,105.66364323252556,54.87147651346952,season-level roster proxy
2021,MEM,17.0,11.0,1.0,5.0,0.7058823529411765,0.9751683631771516,0.024831636822848425,14289.298333333334,-0.7109412183639995,107.19887730666504,107.92250010176613,-0.5157903527696591,107.49722126692095,108.02452230299609,39.60736604752192,season-level roster proxy
2021,MIA,17.0,11.0,5.0,1.0,0.9411764705882353,0.7340485510323842,0.2659514489676158,18091.61666666667,2.3231959277639636,110.61038067355322,108.29990445851068,2.745103788849721,111.28727485806746,108.55707708146481,48.41178022989425,season-level roster proxy
2021,MIL,19.0,6.0,7.0,6.0,0.6842105263157895,0.44095686485532526,0.5590431351446744,19227.86333333334,3.861755769708508,109.93732837189914,106.0582157941279,5.580148952646306,111.15157940661007,105.5487804985645,56.066402172145025,season-level roster proxy
2021,MIN,15.0,11.0,2.0,2.0,0.8666666666666667,0.8041167705541586,0.19588322944584147,11842.939999999999,-2.4925775046849292,108.18903604172614,110.66722374962073,-2.4519985965373734,108.8414593948349,111.28176955556263,34.37960378934909,season-level roster proxy
2021,NOP,18.0,6.0,7.0,5.0,0.7222222222222222,0.5609967295493928,0.4390032704506071,14657.001666666667,0.06508483260730547,109.3634091374532,109.28791457006726,0.4265432901123665,109.51399154555214,109.0727425483245,42.15166688330339,season-level roster proxy
2021,NYK,16.0,10.0,4.0,2.0,0.875,0.7115230744477258,0.28847692555227417,15289.206666666667,-5.581854737612285,104.96408637509424,110.53965895766993,-5.420660254852926,105.58417811879586,111.00624321161447,26.3642173118971,season-level roster proxy
2021,OKC,18.0,5.0,8.0,5.0,0.7222222222222222,0.48324465602538974,0.5167553439746103,10266.625,1.0638015089346957,108.44266316015893,107.40141409664812,1.267425122780972,108.79301872392705,107.5493764226295,44.42204783150862,season-level roster proxy
2021,ORL,22.0,5.0,11.0,6.0,0.7272727272727273,0.5631837762380089,0.43681622376199103,12185.09,-0.9626464939254996,107.29048681626479,108.25375612052653,-0.41618635464604053,107.73893139063684,108.15511774528288,39.87629684245569,season-level roster proxy
2021,PHI,21.0,7.0,9.0,5.0,0.7619047619047619,0.5514316426798216,0.4485683573201782,19677.105000000003,2.815195655051899,109.87453543089798,107.05981509136292,3.7346786205391007,110.29919290724085,106.54947019502826,51.08363227545557,season-level roster proxy
2021,PHO,16.0,8.0,6.0,2.0,0.875,0.5475887661681142,0.4524112338318858,19326.620000000003,0.5885207639342352,110.26983763844895,109.68580266492536,1.3313357469951388,111.4457289687358,110.11439322174067,44.59460651688688,season-level roster proxy
2021,POR,15.0,6.0,7.0,2.0,0.8666666666666667,0.5355399953038744,0.4644600046961255,17191.47666666667,0.5801311425060832,111.37630370321104,110.7693032186686,0.5258728871727935,111.53212858863962,110.97131337532932,42.41985679536654,season-level roster proxy
2021,SAC,19.0,7.0,9.0,3.0,0.8421052631578947,0.4643513448912025,0.5356486551087974,17550.428333333333,-1.7765449219330545,109.45363106522471,111.19739466947483,-1.5491572219250043,110.12613160251574,111.63450451494677,36.81727550080249,season-level roster proxy
2021,SAS,17.0,12.0,3.0,2.0,0.8823529411764706,0.8655063237452659,0.13449367625473407,14736.256666666666,-0.7883839337760357,109.37446199023407,110.20837841677115,-0.289339474632543,110.05145134438547,110.39711400043572,40.21878341849214,season-level roster proxy
2021,TOR,18.0,8.0,7.0,3.0,0.8333333333333334,0.6773554084277436,0.3226445915722564,15008.366666666667,2.7425894778690116,108.94693857426192,106.207202382671,2.649709433310649,109.08373289723615,106.43587862412687,48.154215469938755,season-level roster proxy
2021,UTA,17.0,11.0,3.0,3.0,0.8235294117647058,0.85144239979553,0.14855760020447004,17965.141666666666,3.610628638701708,111.12560717352169,107.4973396907066,3.9831897473932667,111.73760602016824,107.74042976606745,51.75461231796182,season-level roster proxy
2021,WAS,18.0,9.0,6.0,3.0,0.8333333333333334,0.6535759284322952,0.34642407156770477,16688.346666666668,-2.3813181313747074,108.21134754910813,110.60248165186725,-2.539823809189355,109.91208175631095,112.45190556550031,34.14247571518874,season-level roster proxy
2022,ATL,21.0,11.0,6.0,4.0,0.8095238095238095,0.7716446980011842,0.22835530199881582,19450.683333333334,1.6473617807771963,112.48158601968565,110.85582054957793,2.730153526110139,113.82824020810943,111.12345978484824,48.371414520497375,season-level roster proxy
2022,BOS,21.0,9.0,8.0,4.0,0.8095238095238095,0.6318909063732453,0.36810909362675476,16524.888333333332,1.1583061327797173,111.90962208216638,110.7634627183058,2.0041966541444087,113.42000821223482,111.43170614429012,46.4113309661899,season-level roster proxy
2022,BRK,17.0,7.0,6.0,4.0,0.7647058823529411,0.5554304193582121,0.44456958064178786,16367.351666666666,3.3659087078942016,113.40054184086593,110.05841552863724,3.6497432343715808,113.7274056989768,110.09470400997355,50.854306732803266,season-level roster proxy
2022,CHI,19.0,7.0,9.0,3.0,0.8421052631578947,0.5062948103311156,0.4937051896688845,18898.636666666665,-1.9934360168132061,109.75037263710911,111.73960412664687,-2.813383285213798,110.45829735438936,113.2625160953537,33.40386512992274,season-level roster proxy
2022,CHO,16.0,8.0,4.0,4.0,0.75,0.696496288479025,0.30350371152097505,15863.891666666666,-1.7267063514784888,108.91085091037455,110.63186143374867,-1.3866707475505473,109.25504589744386,110.6417166449944,37.25598898161352,season-level roster proxy
2022,CLE,22.0,9.0,8.0,5.0,0.7727272727272727,0.686797068722764,0.3132029312772359,17906.415,-6.948407297980454,105.439908639818,112.39249282077587,-6.84076932806097,106.04048509623809,112.8861754329254,22.52992281423538,season-level roster proxy
2022,DAL,21.0,9.0,7.0,5.0,0.7619047619047619,0.6986717627857116,0.30132823721428825,16887.796666666665,2.67719007748988,112.5813445172145,109.90515750130422,2.7862062661359612,113.3400857992948,110.55765613195722,48.5227569185671,season-level roster proxy
2022,DEN,20.0,12.0,4.0,4.0,0.8,0.7422389414180691,0.25776105858193094,18966.001666666667,3.4690469815242206,113.96141175775848,110.50523603595592,5.211247475186339,116.58786747877468,111.40544285747328,55.07036818300312,season-level roster proxy
2022,DET,25.0,10.0,5.0,10.0,0.6,0.7443543807385937,0.2556456192614065,13946.506666666664,-4.569733197225973,107.03394281291946,111.58933971995855,-4.421708678687548,107.68313918066104,112.09247122731553,29.06138656754362,season-level roster proxy
2022,GSW,16.0,8.0,5.0,3.0,0.8125,0.789773404799448,0.21022659520055206,13767.208333333332,1.6423400532061396,110.27812448057433,108.62922709457558,2.4951037648832184,110.75057744531729,108.24805662332653,47.73678016518469,season-level roster proxy
2022,HOU,16.0,7.0,3.0,6.0,0.625,0.6896050213345674,0.3103949786654329,10374.399999999998,-4.412301900190212,107.80042387993525,112.21401216777198,-4.171209516376328,108.1245434296229,112.29944532097345,29.737734305783917,season-level roster proxy
2022,IND,19.0,5.0,5.0,9.0,0.5263157894736842,0.5024994017834009,0.4975005982165989,12460.648333333334,-1.4643732154653801,111.25876641785224,112.72239047486694,-1.2225598830835882,111.50515192964488,112.72771181272846,37.69908831567431,season-level roster proxy
2022,LAC,16.0,9.0,5.0,2.0,0.875,0.6205677610303649,0.3794322389696349,18184.235,4.090853450805051,114.59407817632507,110.49496543755255,5.764542341646729,116.29878451289228,110.52353108632644,56.56426432244617,season-level roster proxy
2022,LAL,21.0,3.0,13.0,5.0,0.7619047619047619,0.22723329970686396,0.7727667002931361,17469.70333333333,-0.15425870616768755,109.42388413960857,109.58618445342806,1.7361252742463427,110.35782747266663,108.63494488832198,45.68753824046512,season-level roster proxy
2022,MEM,22.0,11.0,6.0,5.0,0.7727272727272727,0.8148121780347659,0.18518782196523423,16246.901666666665,0.8285472378784839,110.51679014491073,109.69580158924661,1.3921387064967754,111.44973827068544,110.0671637867706,44.7587745075413,season-level roster proxy
2022,MIA,21.0,10.0,7.0,4.0,0.8095238095238095,0.6377741783415959,0.3622258216584041,16754.681666666667,-0.4010750030165698,109.2780915960902,109.68901251381578,0.10422358345232505,109.80855428505896,109.71662964227733,41.28140367532128,season-level roster proxy
2022,MIL,18.0,8.0,8.0,2.0,0.8888888888888888,0.6563625073469714,0.34363749265302845,18071.505,5.356313931794834,113.8988572617499,108.54112787876088,6.323829694000609,115.05097621756424,108.72023923329154,58.074340173801644,season-level roster proxy
2022,MIN,17.0,11.0,3.0,3.0,0.8235294117647058,0.8735520145055897,0.1264479854944102,15947.875,-4.3888465077635725,108.48084690489068,112.87317279992894,-4.84245867372529,109.21570893115071,114.07103040384094,27.925361580941715,season-level roster proxy
2022,NOP,18.0,5.0,9.0,4.0,0.7777777777777778,0.36732486373695195,0.6326751362630483,14990.613333333331,0.8794824605797764,111.01857714738826,110.14552194217539,1.6829522329920892,111.65956721961136,109.98884409225394,45.54397102907864,season-level roster proxy
2022,NYK,20.0,9.0,5.0,6.0,0.7,0.7325428775309257,0.2674571224690742,17708.77,1.9032902341608138,109.45479143008426,107.53799451721754,3.0246846157478604,110.58173193366787,107.54766368118986,49.16664846251922,season-level roster proxy
2022,OKC,26.0,11.0,3.0,12.0,0.5384615384615384,0.8913823628335333,0.1086176371664668,13597.346666666665,-9.445645584285561,102.8764037052327,112.32228307287404,-10.411844876075369,102.69938268066893,113.11436657179944,12.888018834596501,season-level roster proxy
2022,ORL,21.0,11.0,3.0,7.0,0.6666666666666666,0.8265795585760795,0.17342044142392055,10985.585,-8.519131343483302,104.61775006368194,113.12287659995651,-8.356395228529555,104.73531944758089,113.07413358176944,18.4377328829702,season-level roster proxy
2022,PHI,19.0,9.0,6.0,4.0,0.7894736842105263,0.6352708293384586,0.36472917066154154,17079.175,5.753253801779068,113.03308008144421,107.27253073796987,5.464899724445995,113.9246977056663,108.44967577182743,55.755229256004185,season-level roster proxy
2022,PHO,22.0,10.0,7.0,5.0,0.7727272727272727,0.6809893801764609,0.31901061982353923,21983.73,3.0754125209871117,112.93065871897082,109.8276022085424,5.166413351665973,115.08801308392238,109.88537801675612,54.94931604949813,season-level roster proxy
2022,POR,24.0,6.0,12.0,6.0,0.75,0.36267137277037576,0.6373286272296242,14586.258333333335,1.0914194124492747,112.62753952778614,111.54554700171563,2.8151745164703024,114.50558080074997,111.69798021073817,48.600971194469814,season-level roster proxy
2022,SAC,19.0,9.0,7.0,3.0,0.8421052631578947,0.4758474885397896,0.5241525114602104,18870.363333333335,-1.5786534140218815,110.94141976421933,112.52776485137453,-0.7828879423572772,111.87364789099203,112.6590296860925,38.88620255563535,season-level roster proxy
2022,SAS,18.0,7.0,6.0,5.0,0.7222222222222222,0.6668283128987671,0.33317168710123285,13561.851666666667,-1.1923043080031719,110.41684976400101,111.60948868707825,-0.7755769518709656,111.03860679653569,111.81418374840665,38.905942229948394,season-level roster proxy
2022,TOR,19.0,8.0,7.0,4.0,0.7894736842105263,0.6911873614594265,0.30881263854057356,17031.713333333333,-0.8729460081722057,109.81174823084935,110.684728645425,0.740395020860086,111.9303387518151,111.18653965859392,42.999066556322234,season-level roster proxy
2022,UTA,20.0,9.0,8.0,3.0,0.85,0.6578691624091013,0.3421308375908985,19164.905000000002,5.857861239941792,113.01193808857039,107.14964847638603,9.873668640345105,115.31316907268346,105.43950043233838,67.65890532893178,season-level roster proxy
2022,WAS,22.0,9.0,7.0,6.0,0.7272727272727273,0.5300951827709185,0.46990481722908145,16801.36,-0.5620085516886729,109.5898000023014,110.16401964880622,-0.3777568175800901,110.21119154905196,110.6072215560783,39.98005659253376,season-level roster proxy
2023,ATL,18.0,7.0,8.0,3.0,0.8333333333333334,0.5277392414659775,0.47226075853402244,20643.108333333334,-0.5835440076248207,112.19820775537275,112.77345897924772,-0.4325591581521583,113.11340156746174,113.53562555838649,39.83209027298917,season-level roster proxy
2023,BOS,18.0,10.0,5.0,3.0,0.8333333333333334,0.842078789241408,0.1579212107585923,19466.36333333333,6.825944102896124,112.53606943190383,105.70503661957747,8.053973464159498,113.26767902347227,105.20764192663208,62.745728353230646,season-level roster proxy
2023,BRK,19.0,7.0,8.0,4.0,0.7894736842105263,0.37515512804253176,0.6248448719574683,20750.331666666665,3.0083874884248845,112.19168891196037,109.1742573753239,3.8619101065149555,113.06434933192074,109.18885660217374,51.42715728759038,season-level roster proxy
2023,CHI,17.0,12.0,4.0,1.0,0.9411764705882353,0.8148050042616705,0.18519499573832957,19706.67,-0.1297388058628543,111.82659266295795,111.95089410505851,-0.265221710603955,112.12432766440294,112.37542395995087,40.28390138136932,season-level roster proxy
2023,CHO,17.0,10.0,4.0,3.0,0.8235294117647058,0.8502973875899194,0.14970261241008073,15374.436666666666,-0.9769813246273956,110.93314009770762,111.90667830431077,-0.09765085216428293,111.90388892632872,111.99347313905875,40.73634269915644,season-level roster proxy
2023,CLE,17.0,9.0,7.0,1.0,0.9411764705882353,0.6763294101340095,0.3236705898659905,21066.423333333332,2.064299342381645,110.55306398317575,108.4694002636423,2.275685813978757,111.80335808265215,109.50245255654517,47.14435169774264,season-level roster proxy
2023,DAL,21.0,9.0,9.0,3.0,0.8571428571428571,0.5595214610668113,0.44047853893318867,20327.43,0.08081243751259584,109.87231229755393,109.7941480961112,-0.5239716025270866,109.95033261175092,110.47036136417444,39.585276673176864,season-level roster proxy
2023,DEN,16.0,6.0,6.0,4.0,0.75,0.4760762661348696,0.5239237338651305,16465.761666666665,0.3995989658136068,111.34202283587044,110.92823364684921,0.9730173525165303,112.20608089940004,111.2174480307802,43.627146851794635,season-level roster proxy
2023,DET,19.0,9.0,4.0,6.0,0.6842105263157895,0.6500033991455622,0.3499966008544379,16768.92,-4.743153564252599,106.87462900612167,111.62324156833,-5.032187132803658,106.51411055870545,111.55271239299223,27.413094741430122,season-level roster proxy
2023,GSW,17.0,10.0,4.0,3.0,0.8235294117647058,0.8330500545541959,0.16694994544580422,17368.05,4.734861935181746,110.17348422342559,105.42987932823009,6.044142891125826,111.40879718741088,105.35581490461827,57.319185806039734,season-level roster proxy
2023,HOU,15.0,8.0,2.0,5.0,0.6666666666666666,0.9728816937202485,0.027118306279751574,11390.153333333334,-7.972066047691488,106.96938554529262,114.90542838756049,-8.498820367036695,106.9780149630841,115.43817517634483,18.053185009000924,season-level roster proxy
2023,IND,18.0,9.0,6.0,3.0,0.8333333333333334,0.6895159845119456,0.31048401548805454,16926.59333333333,-1.9724444454072076,109.79686493324706,111.77573820721555,-2.187781102810278,110.14520098114136,112.3338235958899,35.09299102241225,season-level roster proxy
2023,LAC,18.0,10.0,4.0,4.0,0.7777777777777778,0.6548661107350386,0.34513388926496125,21585.188333333335,-1.9085881499142194,109.0051625987666,110.89203957991872,-1.8449134953496595,109.14590340487435,110.96735056317318,36.01873356255592,season-level roster proxy
2023,LAL,18.0,4.0,11.0,3.0,0.8333333333333334,0.2660588845206903,0.7339411154793094,19789.07166666667,-0.6717828939760773,109.77398311509137,110.4525270723917,-0.2533068429799559,110.25689917602143,110.5119779258638,40.31607152395412,season-level roster proxy
2023,MEM,18.0,11.0,1.0,6.0,0.6666666666666666,0.8908204527991032,0.10917954720089691,17577.77333333333,5.846986686975143,113.28965826540035,107.45914638031516,5.853415360639751,113.66378607993359,107.83050016792477,56.80422147372733,season-level roster proxy
2023,MIA,17.0,12.0,2.0,3.0,0.8235294117647058,0.8864004785348435,0.11359952146515669,17776.483333333334,4.532338745289891,111.75990680571431,107.246921710237,4.835897490304436,112.02548676604553,107.20398455365788,54.05692322382198,season-level roster proxy
2023,MIL,18.0,12.0,3.0,3.0,0.8333333333333334,0.8187265317857699,0.18127346821423007,19338.213333333333,4.70741973060593,113.51714538778486,108.82544942966122,6.4313469596280255,114.75253313139464,108.34584111337925,58.364636790995675,season-level roster proxy
2023,MIN,18.0,8.0,8.0,2.0,0.8888888888888888,0.5229920493291345,0.47700795067086565,21567.781666666666,2.8887823419330174,111.91694184435134,109.03770215434767,4.006259260449434,112.83023035177982,108.8373773886097,51.81690000321347,season-level roster proxy
2023,NOP,16.0,12.0,1.0,3.0,0.8125,0.9077357387297749,0.0922642612702252,17338.421666666665,-0.06343283072767202,110.33572662755829,110.40824066742715,0.023624274208198535,110.86901249085626,110.84538821664805,41.06378554036213,season-level roster proxy
2023,NYK,16.0,10.0,5.0,1.0,0.9375,0.6614308213914601,0.33856917860854013,21996.129999999994,-0.020111780269226172,109.55976314924493,109.57944858936553,-0.28287524634807387,109.92660839759307,110.21291683385905,40.2362368348602,season-level roster proxy
2023,OKC,16.0,10.0,2.0,4.0,0.75,0.926185231918463,0.07381476808153699,13130.728333333333,-5.928165789737228,103.75963870752537,109.70048736824323,-6.723758133512289,102.96151278155034,109.70004075255497,22.84585303951682,season-level roster proxy
2023,ORL,17.0,10.0,2.0,5.0,0.7058823529411765,0.9385843253439199,0.0614156746560802,13844.918333333331,-5.833529991930854,104.45679307606368,110.30870581757377,-5.7285933704754575,104.6338453544489,110.3801237565008,25.532797899716265,season-level roster proxy
2023,PHI,17.0,9.0,8.0,0.0,1.0,0.6425317645444516,0.3574682354555484,22640.678333333333,3.5242086680706786,112.26840943443466,108.75276870017218,4.376584812347743,113.27583642306278,108.91483197186305,52.81677899333891,season-level roster proxy
2023,PHO,16.0,8.0,7.0,1.0,0.9375,0.5756066247899994,0.4243933752100006,19755.896666666667,2.3847540034038777,110.47211772552635,108.07873889635313,2.287086036845319,111.30022338426133,109.01022713994762,47.175132299482364,season-level roster proxy
2023,POR,21.0,9.0,6.0,6.0,0.7142857142857143,0.6712377883732032,0.3287622116267966,14344.765000000001,-5.830187249494849,106.59583102267622,112.43819443306785,-3.5392698203078816,108.10672492032813,111.66058747030988,31.443971485168717,season-level roster proxy
2023,SAC,20.0,10.0,5.0,5.0,0.75,0.7042645971803096,0.2957354028196902,19945.690000000002,-3.228236676695567,109.81893859441979,113.03309374940982,-3.097092190371228,110.24229178842607,113.32572639334104,32.63785108599768,season-level roster proxy
2023,SAS,21.0,8.0,7.0,6.0,0.7142857142857143,0.6486113220327873,0.3513886779672128,15254.916666666666,-0.6811463735735472,110.09576433827344,110.79180628103508,0.028920045975435543,111.60091789970892,111.58118509170252,41.078084124133674,season-level roster proxy
2023,TOR,18.0,10.0,6.0,2.0,0.8888888888888888,0.7302756888709365,0.2697243111290634,23725.416666666664,3.0627860627667234,111.60941326636343,108.53702954286017,3.1194629490305026,112.40057841399668,109.2731214650671,49.422549962382355,season-level roster proxy
2023,UTA,20.0,3.0,11.0,6.0,0.7,0.2891186420392947,0.7108813579607053,11669.851666666666,0.5732338071706424,109.89294836795271,109.30569003233549,1.5199763979847385,110.80399622507353,109.26614854230826,45.10393627455879,season-level roster proxy
2023,WAS,20.0,10.0,5.0,5.0,0.75,0.6973314508144794,0.3026685491855206,15669.313333333334,-0.4712357954847629,110.43802943715465,110.90759341932448,-0.8656099640035019,110.70739974696953,111.56457893780602,38.66285309719054,season-level roster proxy
2024,ATL,18.0,13.0,2.0,3.0,0.8333333333333334,0.9571379977881337,0.04286200221186624,19383.329999999998,-0.5486572052720906,113.68809595668029,114.22952305752762,-0.1375286776890109,114.89955231875538,115.02830949632731,40.62867257023967,season-level roster proxy
2024,BOS,17.0,8.0,7.0,2.0,0.8823529411764706,0.6300752054722478,0.36992479452775223,19331.483333333334,5.889439963651695,115.8414407326908,109.96875083736461,6.843058120361291,116.92864939319453,110.10871608307431,59.47625692497549,season-level roster proxy
2024,BRK,18.0,7.0,7.0,4.0,0.7777777777777778,0.5872692492622276,0.41273075073777243,18811.695,-1.1471464160991343,112.10751845239534,113.23178688399246,-0.12220116118421188,112.37136255865069,112.47797699323122,40.670056864802625,season-level roster proxy
2024,CHI,18.0,11.0,2.0,5.0,0.7222222222222222,0.8250403765327395,0.1749596234672604,21488.348333333335,0.692313950917121,111.39184814033712,110.69817426637954,-0.09200562753981906,111.43781279464478,111.5314392854674,40.75158480564249,season-level roster proxy
2024,CHO,22.0,7.0,7.0,8.0,0.6363636363636364,0.46280416174155076,0.5371958382584494,12355.884999999998,-2.9804969588715555,108.818214653719,111.79219359843508,-2.2317076159216103,109.29128660388355,111.52388153887277,34.97438943701165,season-level roster proxy
2024,CLE,18.0,9.0,5.0,4.0,0.7777777777777778,0.6810730907571909,0.31892690924280903,21641.04,3.64376152131937,113.73990734733634,110.0617820508318,4.408694220963847,114.54362123859241,110.10164501152079,52.90347439660239,season-level roster proxy
2024,DAL,19.0,9.0,4.0,6.0,0.6842105263157895,0.7050666113887645,0.2949333886112357,16852.22333333333,0.8198655291181162,114.42888885877969,113.6273614144286,0.8109310186462789,114.99235263566284,114.208533259108,43.18951375034495,season-level roster proxy
2024,DEN,17.0,10.0,3.0,4.0,0.7647058823529411,0.9488495440751874,0.051150455924812765,15838.503333333332,5.2308247033442345,117.04356924717844,111.78126897932907,6.774082674505959,118.2721703975083,111.46509049626168,59.29002322116609,season-level roster proxy
2024,DET,23.0,10.0,10.0,3.0,0.8695652173913043,0.4882030245956389,0.511796975404361,21094.39,-5.6180348661421355,109.78574954446815,115.41113578855169,-5.0154950614759,110.55821187611475,115.58145935120652,27.45816333401507,season-level roster proxy
2024,GSW,18.0,9.0,4.0,5.0,0.7222222222222222,0.7148247053518975,0.28517529464810254,17155.068333333333,2.175779325079926,114.36280673515243,112.18555101451557,3.25287912491006,115.1805439567158,111.92587818200629,49.782773637257165,season-level roster proxy
2024,HOU,17.0,6.0,7.0,4.0,0.7647058823529411,0.4920967488906423,0.5079032511093576,19994.303333333333,-3.2106997559804955,111.87439820775617,115.09688279544959,-4.042548737271085,112.02439734472085,116.07573352338383,30.08511840936807,season-level roster proxy
2024,IND,18.0,10.0,4.0,4.0,0.7777777777777778,0.7291894182282591,0.2708105817717409,19021.893333333333,-2.80579710081436,112.80800176218001,115.63994323733635,-2.902530198138449,113.34430444747602,116.26415346930035,33.16316846502619,season-level roster proxy
2024,LAC,18.0,12.0,4.0,2.0,0.8888888888888888,0.7861244360067161,0.21387556399328386,19905.305,0.2757285222875679,114.14591231667471,113.87958921001211,1.6189568134501129,115.3762336407583,113.7690059359435,45.3711833963153,season-level roster proxy
2024,LAL,19.0,7.0,7.0,5.0,0.7368421052631579,0.5631457128185355,0.4368542871814646,21067.318333333333,0.2104121383586947,112.9042837994489,112.6900703229829,1.4921041568565123,114.25469265518097,112.76258849832446,45.028681223512585,season-level roster proxy
2024,MEM,26.0,10.0,9.0,7.0,0.7307692307692307,0.6465660545629345,0.35343394543706547,18927.256666666668,3.7840178458684885,113.32602867082163,109.5382515110043,6.57389129640146,115.53821199812302,108.94938424268337,58.74950650028394,season-level roster proxy
2024,MIA,20.0,10.0,8.0,2.0,0.9,0.6305474371024847,0.36945256289751516,20487.163333333334,-1.066868627818818,111.2568238583217,112.3480075572525,0.03682243964154381,112.24107099571515,112.23391147534936,41.09942058703217,season-level roster proxy
2024,MIL,19.0,10.0,6.0,3.0,0.8421052631578947,0.598175503624317,0.401824496375683,16946.411666666667,0.9599847440662707,112.79706134445176,111.84245144522728,2.6334415524598884,114.25789344052765,111.63701512112327,48.1102921916417,season-level roster proxy
2024,MIN,16.0,12.0,3.0,1.0,0.9375,0.8260143928321316,0.1739856071678686,18950.86833333333,0.6323683233160556,113.03615033119415,112.40687018651128,0.9719588844357562,113.68417897452997,112.71604639176381,43.62428898797654,season-level roster proxy
2024,NOP,19.0,11.0,3.0,5.0,0.7368421052631579,0.9270959062448898,0.07290409375510998,18387.193333333336,1.899209948300973,113.35203583726208,111.46519353687836,1.922001367527658,113.71394126724746,111.80850368776922,46.189403692324674,season-level roster proxy
2024,NYK,19.0,7.0,8.0,4.0,0.7894736842105263,0.5442118072418952,0.45578819275810484,22711.09,1.811118202604983,115.26038886728908,113.4520888913742,2.521023650406572,116.48179104917632,113.96076739876976,47.806763856097746,season-level roster proxy
2024,OKC,18.0,11.0,3.0,4.0,0.7777777777777778,0.8189085719562222,0.1810914280437777,18753.381666666668,1.3173557675686758,113.2844473205677,111.96230610497003,0.6677888295783387,113.31921118156514,112.63510570486248,42.803029839861516,season-level roster proxy
2024,ORL,18.0,14.0,2.0,2.0,0.8888888888888888,0.936481127137003,0.06351887286299697,17530.196666666667,-1.7455304456557723,110.60873061131278,112.36691448032812,-1.5676393911815085,111.00607891841871,112.59430321416205,36.767373643809925,season-level roster proxy
2024,PHI,20.0,7.0,10.0,3.0,0.85,0.4603548253942163,0.5396451746057837,23462.90166666667,1.2215832639625916,114.02920302341118,112.82624117036958,2.1488316397366956,115.27635720365276,113.14094026753034,46.80184542728908,season-level roster proxy
2024,PHO,18.0,5.0,12.0,1.0,0.9444444444444444,0.2685320500357887,0.7314679499642112,22888.95,-0.09300620313877796,112.86237802520428,112.96400033640688,0.9663714742452004,114.10065405141165,113.14777550339254,43.609202980462044,season-level roster proxy
2024,POR,19.0,6.0,5.0,8.0,0.5789473684210527,0.6102466896057803,0.38975331039422,13278.629999999997,-0.7096408414623094,112.92020119294436,113.62921890285371,-0.6004421779715478,113.17464811951513,113.77210317221811,39.37880611947682,season-level roster proxy
2024,SAC,20.0,11.0,3.0,6.0,0.7,0.8993929185920205,0.10060708140797937,19400.473333333335,2.1334638312948373,117.28707028969393,115.16319234994609,3.301818265359181,118.67140709717343,115.38105931086001,49.91490931646979,season-level roster proxy
2024,SAS,18.0,12.0,4.0,2.0,0.8888888888888888,0.8782512735002509,0.12174872649974904,15457.725,-7.442876997315797,109.27844114620143,116.74013926154507,-6.964062352372916,110.01305061917122,117.00027668965004,22.197031648593125,season-level roster proxy
2024,TOR,22.0,5.0,9.0,8.0,0.6363636363636364,0.3820523139628821,0.6179476860371179,21911.868333333332,-0.5033171444911777,113.02948049234504,113.51623504491972,0.3325260249547301,113.7656737941351,113.42115132092566,41.897820267377774,season-level roster proxy
2024,UTA,18.0,9.0,6.0,3.0,0.8333333333333334,0.7372022638327174,0.2627977361672825,12798.943333333335,0.4771926875213396,114.45160329641794,113.99129971146056,0.8944498339754616,115.11064795228356,114.23263833236122,43.41501455173375,season-level roster proxy
2024,WAS,18.0,5.0,10.0,3.0,0.8333333333333334,0.464804891543599,0.535195108456401,15919.991666666667,-1.6039428936049487,111.04254859848649,112.65183344421767,-1.111396756642076,111.75537142006958,112.86676817671164,37.9992287570664,season-level roster proxy
2025,ATL,18.0,8.0,7.0,3.0,0.8333333333333334,0.5064204373103308,0.4935795626896692,17615.103333333333,-0.08042599239175634,114.57783594230028,114.67955648287429,0.33433933519948383,115.36234768372225,115.05480798598018,41.90271620503861,season-level roster proxy
2025,BOS,17.0,14.0,1.0,2.0,0.8823529411764706,0.947864253368918,0.05213574663108201,20112.911666666667,10.056126060647442,120.23428602704385,110.1795538719862,11.428260710283228,121.34292787383416,109.92875492503283,71.85630391776472,season-level roster proxy
2025,BRK,20.0,9.0,6.0,5.0,0.75,0.5905666718563636,0.4094333281436362,14708.630000000003,-3.167222508146577,110.96183776689828,114.14456063095835,-2.317628690051695,111.77941035283041,114.11429155845886,34.742402536860425,season-level roster proxy
2025,CHI,20.0,8.0,8.0,4.0,0.8,0.5217867095234586,0.47821329047654143,20985.653333333332,-0.9614209930085571,113.35086934788467,114.34575755404963,-1.100444107148749,113.4031694281028,114.54070102759698,38.02880091069838,season-level roster proxy
2025,CHO,22.0,8.0,9.0,5.0,0.7727272727272727,0.6467688303124008,0.35323116968759904,16458.126666666667,-4.974472732619629,111.03136937618254,116.01596882836807,-4.886924113570264,111.56920566690839,116.46459237799931,27.805304893360287,season-level roster proxy
2025,CLE,18.0,12.0,3.0,3.0,0.8333333333333334,0.8684310953653565,0.1315689046346433,17809.85666666667,2.6699872654786474,113.5506754873752,110.87727736719572,3.7883187441082846,114.37588573559208,110.57903626836212,51.228460609092366,season-level roster proxy
2025,DAL,19.0,9.0,8.0,2.0,0.8947368421052632,0.48096981047458787,0.5190301895254124,22290.67833333333,1.2026017676895882,114.80340164614404,113.60175010376162,1.4387451086400302,115.98089649483387,114.53511410387333,44.884611793328084,season-level roster proxy
2025,DEN,17.0,11.0,2.0,4.0,0.7647058823529411,0.8447315573150679,0.15526844268493234,16916.304999999997,4.476727354663643,116.222662592885,111.73536816501401,6.062496266787692,117.55311289989149,111.47839432855967,57.36873992032677,season-level roster proxy
2025,DET,19.0,7.0,7.0,5.0,0.7368421052631579,0.518762531856372,0.48123746814362806,23266.538333333334,-2.3459068363056153,112.49075978427675,114.86385430635973,-1.8890293705121666,113.39406386931933,115.32028863106221,35.89962069961715,season-level roster proxy
2025,GSW,17.0,10.0,4.0,3.0,0.8235294117647058,0.7168439643085939,0.283156035691406,17030.056666666667,2.969118863765769,115.58279627959742,112.61634176398317,3.4744716132681597,116.1290592393206,112.65640694588707,50.38107335582403,season-level roster proxy
2025,HOU,18.0,13.0,1.0,4.0,0.7777777777777778,0.9423300226069506,0.057669977393049396,20408.914999999997,0.6888756131001249,112.15952905058077,111.48472997380475,0.49476280883699914,112.82303871444046,112.34930138176875,42.3358595838599,season-level roster proxy
2025,IND,19.0,13.0,2.0,4.0,0.7894736842105263,0.918161987186756,0.08183801281324382,18724.896666666667,2.2639444828266964,117.68320046803997,115.42124867088718,3.2268878438810438,118.90165552518036,115.67693593438082,49.712597178478816,season-level roster proxy
2025,LAC,17.0,7.0,8.0,2.0,0.8823529411764706,0.5268752039101762,0.47312479608982394,19866.795,2.580593606903714,116.15275593437862,113.55879388195225,3.979602924892575,117.47867211188542,113.48632168530331,51.744927897209955,season-level roster proxy
2025,LAL,20.0,7.0,8.0,5.0,0.75,0.5367359284039095,0.46326407159609034,17919.786666666667,0.9726093651412517,113.72478347956523,112.74440278864927,0.776345006804088,114.40564396924566,113.62272851718228,43.09613151837104,season-level roster proxy
2025,MEM,19.0,10.0,4.0,5.0,0.7368421052631579,0.6554251821239417,0.34457481787605826,15444.381666666668,-2.355159206222673,109.73924309476509,112.09036120902216,-1.8183943236045732,110.53971227861416,112.35201152855794,36.09033532626765,season-level roster proxy
2025,MIA,19.0,10.0,4.0,5.0,0.7368421052631579,0.7039530430989231,0.29604695690107685,20317.638333333332,-0.30933194089240845,111.27879011200694,111.61297820621049,0.26893028128654706,111.52090442174598,111.29087197413821,41.726111759473675,season-level roster proxy
2025,MIL,19.0,9.0,7.0,3.0,0.8421052631578947,0.6300406113273559,0.3699593886726443,19992.78,0.008357333664119384,115.02031061546552,115.00024212907527,0.3397814147084139,115.7777135227236,115.42493316975248,41.91740981971272,season-level roster proxy
2025,MIN,19.0,10.0,4.0,5.0,0.7368421052631579,0.7086375673253756,0.29136243267462425,19562.33666666667,5.67247467540091,114.69054053017864,109.036437501246,6.031538235943143,114.99094032588567,108.97989471409404,57.28515323704649,season-level roster proxy
2025,NOP,22.0,7.0,9.0,6.0,0.7272727272727273,0.5376143887073072,0.4623856112926929,20275.53,0.5446709736646428,114.30812822977583,113.77680643448862,0.4245152660617052,115.1816082484313,114.78268165580724,42.1461912183666,season-level roster proxy
2025,NYK,19.0,6.0,8.0,5.0,0.7368421052631579,0.5429787854178375,0.45702121458216255,19991.045,2.8043535743128993,114.68020938875384,111.875464230776,3.8327772343602544,115.25308691371728,111.41982855253956,51.34849853277269,season-level roster proxy
2025,OKC,18.0,11.0,2.0,5.0,0.7222222222222222,0.8035719735743609,0.19642802642563884,20041.395000000004,7.440237152486973,117.04541041180016,109.6061658632046,7.691121833960619,117.55516080572473,109.86403897176409,61.76602895169367,season-level roster proxy
2025,ORL,16.0,12.0,2.0,2.0,0.875,0.8983211134527391,0.10167888654726084,17100.32166666667,1.188620759862899,111.48261369937192,110.27896098055852,0.7731892873620388,111.52617884818595,110.73447821882999,43.087611075877504,season-level roster proxy
2025,PHI,23.0,6.0,10.0,7.0,0.6956521739130435,0.42496273702886656,0.5750372629711334,19086.195,3.184569781107933,114.88082933764431,111.7104082994716,3.9267337769691353,116.11509809045621,112.2069218119235,51.60218119781666,season-level roster proxy
2025,PHO,18.0,6.0,8.0,4.0,0.7777777777777778,0.6287178964241656,0.37128210357583424,18991.978333333336,0.050864299111546024,114.41665430325978,114.36579000414824,0.2683692635308336,115.05657044761105,114.78820118408022,41.72459701153325,season-level roster proxy
2025,POR,19.0,15.0,3.0,1.0,0.9473684210526315,0.8439150771672729,0.1560849228327275,21008.79833333333,-8.72484824810304,107.03322161294487,115.76280864548896,-8.66993261924779,107.8190562924149,116.50238616352719,17.591181928030966,season-level roster proxy
2025,SAC,19.0,6.0,8.0,5.0,0.7368421052631579,0.49494154399628415,0.5050584560037157,19301.838333333337,0.39485783003570546,114.14187293731865,113.75415684499133,1.6244103176956097,115.38502704658782,113.76945618692166,45.38590785777815,season-level roster proxy
2025,SAS,18.0,10.0,5.0,3.0,0.8333333333333334,0.6235444231063775,0.3764555768936225,21219.25,-3.1651919915485545,110.16049898873274,113.31907495159662,-3.4207652287707346,110.6816497251639,114.0980719930039,31.763933882319016,season-level roster proxy
2025,TOR,21.0,9.0,7.0,5.0,0.7619047619047619,0.7467237124958808,0.2532762875041191,14965.744999999999,-3.2236955015158504,111.73336773411549,114.96181910756866,-2.6801538868907415,112.71921141524626,115.4091514734177,33.763584505394995,season-level roster proxy
2025,UTA,18.0,10.0,4.0,4.0,0.7777777777777778,0.883777257827056,0.11622274217294407,14700.823333333334,-4.394311395710943,113.51271695213441,117.9114050641608,-4.9320270291547414,113.56242423007515,118.49841481371908,27.683527021282195,season-level roster proxy
2025,WAS,18.0,8.0,5.0,5.0,0.7222222222222222,0.6607215839226601,0.3392784160773397,12335.871666666668,-6.47270548237167,109.53926223021936,116.01615040580161,-7.0250618249767465,109.6082957637956,116.6381639072547,22.032333072562782,season-level roster proxy
2026,ATL,21.0,7.0,12.0,2.0,0.9047619047619048,0.42702556004656733,0.5729744399534326,20775.653333333335,-0.3648275160540478,111.82620146241688,112.16698939752557,-0.7920438147369591,112.76913357623783,113.537337127795,38.86148170021021,season-level roster proxy
2026,BOS,17.0,8.0,5.0,4.0,0.7647058823529411,0.740281578858454,0.25971842114154575,17314.155000000002,6.540461354693119,117.29743830024239,110.7759087001358,7.139679689046095,117.97844886440727,110.86001453788579,60.27713516042446,season-level roster proxy
2026,BRK,20.0,6.0,5.0,9.0,0.55,0.5542905835592741,0.4457094164407259,13630.663333333334,-5.08556228249102,109.16120225501376,114.26638877198201,-4.938159594031636,109.35354511315836,114.3124474954596,27.66696909611458,season-level roster proxy
2026,CHI,20.0,6.0,11.0,3.0,0.85,0.45021228244673406,0.5497877175532659,17877.518333333333,-2.6042125720096685,111.53587930875193,114.13263912189156,-3.0206421517870723,111.88246402317515,114.88586998075877,32.844266190174906,season-level roster proxy
2026,CHO,19.0,8.0,7.0,4.0,0.7894736842105263,0.6644976511822774,0.33550234881772273,14488.139999999998,-5.296356594658343,107.97343981583099,113.22802850009273,-5.741642081797811,107.56596450430051,113.25482680870935,25.49756637914591,season-level roster proxy
2026,CLE,22.0,10.0,8.0,4.0,0.8181818181818182,0.5617508736542255,0.43824912634577445,20896.425,5.993556625116497,116.45372901505083,110.46431278715536,7.344363629970536,117.75292303117918,110.40562850997281,60.82978180092044,season-level roster proxy
2026,DAL,19.0,9.0,5.0,5.0,0.7368421052631579,0.7964816926300576,0.2035183073699424,15267.758333333335,-2.104613611144618,111.35596196996829,113.4725934444644,-2.5576166960815736,111.88729503697039,114.45974265223444,34.09443492057975,season-level roster proxy
2026,DEN,19.0,10.0,7.0,2.0,0.8947368421052632,0.5867799112960382,0.4132200887039618,23772.331666666665,0.4501437981227335,115.29000065131738,114.8346774496037,1.9489313189492437,117.42276973654683,115.46115257683707,46.26211456116296,season-level roster proxy
2026,DET,19.0,11.0,7.0,1.0,0.9473684210526315,0.614161537676393,0.38583846232360697,19790.553333333333,1.051709148775695,112.6208385532761,111.59665958472442,2.838873915076586,114.21525982276256,111.39639403962181,48.664959570706785,season-level roster proxy
2026,GSW,19.0,9.0,7.0,3.0,0.8421052631578947,0.7226507205203577,0.27734927947964216,16566.036666666667,4.747483837916573,114.34740571623347,109.60116509460822,5.493677644403664,115.0719462941508,109.57408446125325,55.83292963988989,season-level roster proxy
2026,HOU,16.0,9.0,7.0,0.0,1.0,0.6451711485457279,0.354828851454272,17020.88666666667,4.435328271186812,113.85455952549279,109.42315888948988,5.121371911422811,114.90090569460642,109.78899593001027,54.82770416084159,season-level roster proxy
2026,IND,21.0,10.0,7.0,4.0,0.8095238095238095,0.6280877175876669,0.371912282412333,18614.815000000002,1.6084264961358283,112.65545564111164,111.02079748487067,2.0891582081505624,113.06351861200282,110.95299606685124,46.64072716200652,season-level roster proxy
2026,LAC,20.0,7.0,8.0,5.0,0.75,0.392802532379506,0.6071974676204941,20443.486666666664,3.22578422695672,114.63095143913809,111.42668738339809,3.1779677423652104,114.94370969460842,111.79284806311401,49.58051290438607,season-level roster proxy
2026,LAL,18.0,9.0,7.0,2.0,0.8888888888888888,0.6616149305862955,0.33838506941370455,19070.56166666667,0.3205676689997854,113.23499645221075,112.8985593240262,1.1057019373971386,114.26523115622587,113.14909435695013,43.98539523097227,season-level roster proxy
2026,MEM,25.0,9.0,6.0,10.0,0.6,0.7981612689414369,0.2018387310585632,15683.098333333332,2.624459271918952,113.14997989874239,110.50322642454049,4.565049365427911,114.92324064241346,110.33356594031703,53.32563328665536,season-level roster proxy
2026,MIA,17.0,10.0,3.0,4.0,0.7647058823529411,0.8166691068432501,0.18333089315674983,17587.525,0.8838062016495591,111.55239605913852,110.66803193361962,0.877655885492928,111.84022713091065,110.96257124541772,43.3696708908309,season-level roster proxy
2026,MIL,20.0,11.0,5.0,4.0,0.8,0.7417828796169136,0.2582171203830863,20542.628333333334,1.4948863813840114,112.88211923060479,111.42041891426258,1.7488303346621878,113.75477916477229,112.04356427205286,45.72184190358791,season-level roster proxy
2026,MIN,19.0,11.0,6.0,2.0,0.8947368421052632,0.7723968216079033,0.22760317839209682,21847.315,2.6091036968768626,113.39711276496296,110.78802097649071,4.277816859394424,114.66584422301922,110.3880273636248,52.550105520364944,season-level roster proxy
2026,NOP,18.0,7.0,5.0,6.0,0.6666666666666666,0.6793514706722917,0.32064852932770843,12421.643333333332,-7.761006326860134,108.4971143780493,116.26875134342131,-8.429378018131617,108.48992924392044,116.93138474268014,18.240679351044633,season-level roster proxy
2026,NYK,18.0,12.0,5.0,1.0,0.9444444444444444,0.7832801853489206,0.21671981465107923,21391.006666666668,2.5873994008697108,115.38525399770808,112.81980922823954,3.424452745545626,116.93031709575325,113.52942431335231,50.24602241297319,season-level roster proxy
2026,OKC,18.0,13.0,1.0,4.0,0.7777777777777778,0.9688355196522953,0.03116448034770458,18989.300000000003,13.170790901542798,118.81404327700335,105.64050216876521,13.430611881928492,119.41533541328349,105.98884636825619,77.26265208120694,season-level roster proxy
2026,ORL,18.0,11.0,4.0,3.0,0.8333333333333334,0.8868884972071334,0.11311150279286686,17895.291666666664,-0.08915776263309479,108.67837205782715,108.75999220465349,0.8765172511258511,109.55555132186815,108.6674080901519,43.3665965780398,season-level roster proxy
2026,PHI,20.0,10.0,7.0,3.0,0.85,0.6859007168027791,0.314099283197221,17782.901666666665,-5.239673718415471,109.00842501237848,114.26236745577985,-5.0828547894936955,110.38847519568095,115.49893403849899,27.27629206836702,season-level roster proxy
2026,PHO,19.0,6.0,7.0,6.0,0.6842105263157895,0.46583293273233206,0.5341670672676677,19519.283333333336,-1.378697484624179,112.33597933496532,113.74054241233242,-0.5854523563175914,112.88217631939825,113.50631467658626,39.419278637942504,season-level roster proxy
2026,POR,19.0,11.0,3.0,5.0,0.7368421052631579,0.7878151523295486,0.2121848476704513,17587.52666666667,-0.8472878884997662,110.98617563811324,111.81414800982056,-0.6786460627515488,111.86280337366857,112.51899090516116,39.16765563057082,season-level roster proxy
2026,SAC,20.0,7.0,10.0,3.0,0.85,0.6415388619136827,0.3584611380863172,20576.851666666666,-0.005834314951485427,114.40951615452025,114.41827726966008,0.9558841427774605,115.61085405671572,114.65793513854477,43.580887185499144,season-level roster proxy
2026,SAS,19.0,10.0,6.0,3.0,0.8421052631578947,0.7690734204175426,0.23092657958245716,19231.32166666667,-1.0952152187841482,113.07121516955888,114.18451087561756,-1.1973860509441068,113.25220199179324,114.47179016655596,37.76705766245091,season-level roster proxy
2026,TOR,18.0,12.0,3.0,3.0,0.8333333333333334,0.887129514598138,0.11287048540186195,16231.465,-4.2569078124905335,108.20708548694363,112.46073405368317,-4.590674554142355,108.00253743495577,112.58692315201293,28.60517870381564,season-level roster proxy
2026,UTA,22.0,10.0,6.0,6.0,0.7272727272727273,0.7118376272037398,0.28816237279626017,17321.785,-6.800767703790343,109.88613755260594,116.66603084882225,-7.129156975973305,110.10806625489857,117.21211939556719,21.751276164872074,season-level roster proxy
2026,WAS,22.0,7.0,8.0,7.0,0.6818181818181818,0.559082354714826,0.440917645285174,18373.548333333332,-7.21298991512164,107.77219368532425,114.99940473301791,-7.850916785002712,107.7883753901001,115.65044848498064,19.802524680492674,season-level roster proxy
