team_abbr,season,target_wins,target_seed,target_playoff_result,current_net_rtg_diagnostic,current_off_rtg_diagnostic,current_def_rtg_diagnostic,team_net_rtg_prev_season,team_off_rtg_prev_season,team_def_rtg_prev_season,pace_prev_season,strength_of_schedule,roster_player_count,avg_age,total_player_games,total_player_minutes,total_ws,total_vorp,avg_ts_pct,avg_per,avg_bpm,minutes_weighted_age,top_3_players_minutes_share,top_5_players_usage_share,salary_total_observed,salary_player_count,salary_top_3_observed,salary_top_3_share_observed,target_playoff_flag,prior_net_rating_proxy_wins
ATL,2025-26,46,6,Lost First Round,2.36,116.13,113.77,-1.0,114.74,115.74,,,7,23.6,367.0,155.2,33.6,10.0,0.5800000000000001,14.771428571428572,0.32857142857142857,23.840206185567013,0.6559278350515465,0.7957153787299159,45999660.0,1.0,45999660.0,1.0,1,38.3
BOS,2025-26,56,2,Lost First Round,8.15,120.82,112.67,9.51,120.83,111.32,,,8,28.2,319.0,158.8,44.0,14.9,0.5984285714285714,16.0,1.8571428571428572,28.336901763224176,0.6366498740554156,0.8217522658610271,107268714.0,2.0,107268714.0,1.0,1,66.67699999999999
BRK,2025-26,20,13,Missed Playoffs,-10.27,108.84,119.11,-7.21,108.62,115.83,,,11,23.5,319.0,159.7,15.7,0.5,0.5604,13.059999999999999,-2.0100000000000002,23.66249217282405,0.5466499686912962,0.5767676767676768,38333050.0,1.0,38333050.0,1.0,0,21.532999999999998
CHI,2025-26,31,12,Missed Playoffs,-5.14,113.01,118.16,-1.49,114.28,115.77,,,8,25.0,303.0,151.0,16.1,2.9,0.5675,13.783333333333333,-0.9833333333333333,24.658278145695366,0.5847682119205297,0.8821490467937607,,,,,0,36.977
CHO,2025-26,44,9,Missed Playoffs,5.03,119.5,114.47,-9.28,107.37,116.65,,,7,23.5,295.0,120.8,41.4,13.4,0.6098571428571429,16.142857142857142,1.6714285714285713,23.475993377483444,0.7682119205298014,0.8385003604902669,37958760.0,1.0,37958760.0,1.0,0,15.943999999999999
CLE,2025-26,52,4,Lost Conference Finals,4.05,119.26,115.2,9.54,121.88,112.34,,,7,26.833333333333332,321.0,169.9,31.9,10.9,0.6183333333333333,17.383333333333333,1.8499999999999999,26.792230723955267,0.544437904649794,0.9181141439205955,132234290.0,3.0,132234290.0,1.0,1,66.758
DAL,2025-26,26,12,Missed Playoffs,-5.43,111.23,116.66,-1.15,114.9,116.05,,,10,27.22222222222222,513.0,239.0,20.4,4.6,0.5700000000000001,14.4125,-0.8374999999999999,26.840585774058574,0.40083682008368204,0.6983646274984858,90692452.0,2.0,90692452.0,1.0,0,37.895
DEN,2025-26,54,3,Lost First Round,5.17,122.63,117.46,3.77,119.97,116.2,,,9,28.142857142857142,408.0,216.6,43.6,14.9,0.615875,15.925,1.225,28.06325023084026,0.4709141274238227,0.7425742574257426,101618626.0,2.0,101618626.0,1.0,1,51.179
DET,2025-26,60,1,Lost Conference Semifinals,8.23,118.05,109.81,1.93,115.05,113.12,,,9,26.166666666666668,405.0,165.9,50.5,16.2,0.5876666666666667,16.188888888888886,1.7777777777777777,26.16214587100663,0.541289933694997,0.6386696730552424,46394100.0,1.0,46394100.0,1.0,1,46.211
GSW,2025-26,37,10,Missed Playoffs,-0.55,115.05,115.6,3.28,115.09,111.81,,,10,28.0,292.0,163.0,26.3,7.6,0.590875,15.287500000000001,0.6250000000000001,28.523926380368096,0.5552147239263804,0.7054070851460534,113733267.0,2.0,113733267.0,1.0,0,49.856
HOU,2025-26,52,5,Lost First Round,5.39,118.69,113.3,4.34,115.23,110.89,,,8,24.857142857142858,449.0,206.2,47.1,15.7,0.5708571428571428,16.2,1.5,25.23035887487876,0.5281280310378274,0.7945682451253482,87227562.0,2.0,87227562.0,1.0,1,52.718
IND,2025-26,19,14,Missed Playoffs,-7.96,111.01,118.97,2.3,116.67,114.36,,,9,27.375,449.0,195.1,11.2,2.0,0.5636666666666666,13.583333333333334,-1.4166666666666667,27.23833931317273,0.48282931829830855,0.8904761904761904,91101024.0,2.0,91101024.0,1.0,0,47.21
LAC,2025-26,42,9,Missed Playoffs,1.13,117.45,116.32,4.77,115.2,110.43,,,8,29.0,244.0,108.30000000000001,29.599999999999998,8.4,0.604125,14.425,0.17499999999999996,29.370267774699908,0.7959372114496768,0.7379943502824858,89182693.0,2.0,89182693.0,1.0,0,53.879
LAL,2025-26,53,4,Lost Conference Semifinals,1.74,118.21,116.48,1.22,115.92,114.7,,,8,29.6,315.0,159.0,40.7,13.3,0.627375,17.35,1.2874999999999999,29.69811320754717,0.6509433962264151,0.7444511097780444,98626813.0,2.0,98626813.0,1.0,1,44.294
MEM,2025-26,25,13,Missed Playoffs,-5.9,113.05,118.95,4.72,117.83,113.11,,,17,24.235294117647058,535.0,440.2,15.5,3.8,0.5916666666666667,15.450000000000001,-0.1333333333333333,24.223989095865516,0.22421626533393912,0.8570241064006651,74446090.0,2.0,74446090.0,1.0,0,53.744
MIA,2025-26,43,10,Missed Playoffs,2.18,116.71,114.54,0.54,113.61,113.07,,,9,26.428571428571427,454.0,200.4,36.4,10.200000000000001,0.5872499999999999,15.75,0.675,26.717065868263475,0.46906187624750495,0.7016029593094945,68096620.0,2.0,68096620.0,1.0,0,42.458
MIL,2025-26,32,11,Missed Playoffs,-6.49,112.9,119.4,2.47,115.99,113.52,,,10,27.625,444.0,225.2,19.4,1.4000000000000004,0.60425,13.825,-1.5875,27.429396092362346,0.41918294849023097,0.7320261437908497,54126450.0,1.0,54126450.0,1.0,0,47.669000000000004
MIN,2025-26,49,6,Lost Conference Semifinals,3.08,116.76,113.68,5.19,116.72,111.53,,,7,28.0,448.0,187.5,40.1,12.9,0.6011428571428572,16.385714285714283,1.4428571428571428,27.992533333333334,0.5317333333333334,0.8,80550512.0,2.0,80550512.0,1.0,1,55.013000000000005
NOP,2025-26,26,11,Missed Playoffs,-4.65,114.4,119.05,-9.62,110.39,120.01,,,10,24.428571428571427,416.0,198.9,25.2,6.1,0.5640000000000001,15.3625,-0.5625,24.555052790346906,0.48466566113624937,0.7294776119402985,98077873.0,3.0,98077873.0,1.0,0,15.026
NYK,2025-26,53,3,Won Finals,6.47,119.87,113.4,4.09,118.42,114.34,,,9,28.5,405.0,188.5,49.0,16.1,0.605,16.6,1.75,28.590450928381962,0.5358090185676393,0.7263492063492063,127655231.0,3.0,127655231.0,1.0,1,52.043
OKC,2025-26,64,1,Lost Conference Finals,11.05,118.94,107.89,12.72,120.33,107.61,,,9,25.0,363.0,159.3,49.0,17.6,0.594625,16.325,2.6624999999999996,24.95856873822975,0.5681104833647206,0.7230576441102757,38333050.0,1.0,38333050.0,1.0,1,75.344
ORL,2025-26,45,8,Lost First Round,0.56,115.09,114.54,-0.08,109.46,109.54,,,7,24.285714285714285,464.0,209.8,27.2,8.4,0.5793333333333334,14.983333333333333,0.5833333333333334,24.30981887511916,0.46901811248808384,0.8779342723004695,110387420.0,3.0,110387420.0,1.0,1,40.784
PHI,2025-26,45,7,Lost Conference Semifinals,-0.17,115.4,115.58,-6.42,111.91,118.33,,,10,27.666666666666668,345.0,196.2,35.2,8.8,0.5753333333333334,15.366666666666667,-0.022222222222222143,27.441896024464835,0.5331294597349643,0.6828046744574291,144849376.0,3.0,144849376.0,1.0,1,23.666
PHO,2025-26,45,7,Lost First Round,1.42,115.51,114.09,-3.04,116.26,119.3,,,10,27.714285714285715,421.0,199.1,40.8,12.0,0.5818888888888889,15.5,0.9111111111111112,27.922651933701655,0.46559517830236063,0.6771300448430493,86726763.0,2.0,86726763.0,1.0,1,32.792
POR,2025-26,42,8,Lost First Round,-0.17,114.54,114.71,-2.8,111.95,114.75,,,10,25.5,464.0,227.89999999999998,32.8,9.0,0.571625,14.5375,0.16249999999999998,25.679684071961386,0.42255375164545855,0.7588739290085679,64400000.0,2.0,64400000.0,1.0,1,33.44
SAC,2025-26,22,14,Missed Playoffs,-10.07,111.56,121.63,0.51,116.86,116.35,,,13,29.0,506.0,301.0,16.1,0.7,0.5608888888888889,13.88888888888889,-1.8111111111111111,29.162790697674417,0.32259136212624584,0.6383904295812941,89835660.0,2.0,89835660.0,1.0,0,42.377
SAS,2025-26,62,2,Lost Finals,8.27,119.68,111.41,-2.71,114.53,117.23,,,9,24.75,581.0,220.0,55.6,19.3,0.605111111111111,17.133333333333333,2.5,24.781363636363636,0.4159090909090909,0.6826870562534134,37096620.0,1.0,37096620.0,1.0,1,33.683
TOR,2025-26,46,5,Lost First Round,2.58,115.83,113.25,-4.41,110.52,114.93,,,9,26.5,410.0,176.39999999999998,39.5,13.0,0.5838749999999999,15.7375,1.0625,26.398526077097507,0.562358276643991,0.7204968944099379,109256988.0,3.0,109256988.0,1.0,1,29.092999999999996
UTA,2025-26,22,15,Missed Playoffs,-8.21,114.18,122.39,-9.37,111.24,120.61,,,13,24.181818181818183,500.0,300.7,13.0,-0.09999999999999992,0.569625,14.55,-1.9625,24.16029265048221,0.3318922514133688,0.6975554292211483,46394100.0,1.0,46394100.0,1.0,0,15.701
WAS,2025-26,17,15,Missed Playoffs,-11.84,111.0,122.84,-12.33,106.79,119.12,,,11,22.9,457.0,256.0,7.9,-1.9000000000000001,0.5622222222222223,14.288888888888888,-2.2777777777777777,22.76171875,0.3421875,0.6024945770065075,33296296.0,1.0,33296296.0,1.0,0,7.708999999999996
