transaction_type,transaction_date,description,team_abbr,player_id,player_slug,group_sort
Signing,2026-09-02,Cleveland Cavaliers signed center Khalifa Diop to a Contract.,CLE,1631215.0,khalifa-diop,Signing 1153549
Waive,2026-09-01,Charlotte Hornets waived forward Josiah Allick.,CHO,1643251.0,josiah-allick,Waive 1153543
Trade,2026-08-29,Minnesota Timberwolves received forward Cody Williams from Utah Jazz.,MIN,1642262.0,cody-williams,Trade 2026013
Trade,2026-08-29,Minnesota Timberwolves received guard John Konchar from Utah Jazz.,MIN,1629723.0,john-konchar,Trade 2026013
Trade,2026-08-29,Utah Jazz received guard Josh Green from Minnesota Timberwolves.,UTA,1630182.0,josh-green,Trade 2026013
Waive,2026-08-29,Minnesota Timberwolves waived guard John Konchar.,MIN,1629723.0,john-konchar,Waive 1153530
Waive,2026-08-28,Cleveland Cavaliers waived forward Cam Whitmore.,CLE,1641715.0,cam-whitmore,Waive 1153474
Waive,2026-08-28,Denver Nuggets waived forward Julian Reese.,DEN,1642882.0,julian-reese,Waive 1153475
Signing,2026-08-27,Miami Heat signed center Nick Richards to a Contract.,MIA,1630208.0,nick-richards,Signing 1153456
Signing,2026-08-27,Miami Heat re-signed forward Keshad Johnson to a Two-Way Contract.,MIA,1642352.0,keshad-johnson,Signing 1153462
Signing,2026-08-26,Houston Rockets signed center Rafael Castro to a Two-Way Contract.,HOU,1643572.0,rafael-castro,Signing 1153445
Signing,2026-08-26,Golden State Warriors signed guard Brandon Williams to a Contract.,GSW,1630314.0,brandon-williams,Signing 1153447
Signing,2026-08-26,Denver Nuggets signed  Bryce Hopkins to a Two-Way Contract.,DEN,1643624.0,bryce-hopkins,Signing 1153448
Waive,2026-08-26,Houston Rockets waived guard Tristen Newton.,HOU,1641803.0,tristen-newton,Waive 1153449
Signing,2026-08-25,Golden State Warriors signed forward Georges Niang to a Contract.,GSW,1627777.0,georges-niang,Signing 1153444
Signing,2026-08-23,Miami Heat signed guard Klay Thompson to a Contract.,MIA,202691.0,klay-thompson,Signing 1153417
Waive,2026-08-21,Dallas Mavericks waived guard Klay Thompson.,DAL,202691.0,klay-thompson,Waive 1153414
Trade,2026-08-20,Cleveland Cavaliers received guard Peyton Watson from Denver Nuggets.,CLE,1631212.0,peyton-watson,Trade 2026012
Trade,2026-08-20,Cleveland Cavaliers received forward Cam Whitmore from Washington Wizards.,CLE,1641715.0,cam-whitmore,Trade 2026012
Trade,2026-08-20,Denver Nuggets received draft consideration from Cleveland Cavaliers.,DEN,0.0,,Trade 2026012
Trade,2026-08-20,LA Clippers received guard Max Strus from Cleveland Cavaliers.,LAC,1629622.0,max-strus,Trade 2026012
Trade,2026-08-20,Washington Wizards received draft consideration from LA Clippers.,WAS,0.0,,Trade 2026012
Trade,2026-08-20,Washington Wizards received guard Tre Mann from Charlotte Hornets.,WAS,1630544.0,tre-mann,Trade 2026012
Trade,2026-08-20,Charlotte Hornets received guard Dennis Schroder from Cleveland Cavaliers.,CHO,203471.0,dennis-schroder,Trade 2026012
Signing,2026-08-18,New Orleans Pelicans signed forward Malik Dia to a Two-Way Contract.,NOP,1643738.0,malik-dia,Signing 1153376
Waive,2026-08-18,New Orleans Pelicans waived center Hunter Dickinson.,NOP,1630621.0,hunter-dickinson,Waive 1153379
Signing,2026-08-17,Indiana Pacers signed guard Braden Smith to a Two-Way Contract.,IND,1643552.0,braden-smith,Signing 1153369
Signing,2026-08-17,Houston Rockets signed guard Sean Pedulla to a Two-Way Contract.,HOU,1642951.0,sean-pedulla,Signing 1153373
Signing,2026-08-17,New Orleans Pelicans signed guard Trendon Watford to a Contract.,NOP,1630570.0,trendon-watford,Signing 1153374
Signing,2026-08-13,LA Clippers re-signed guard Bradley Beal to a Contract.,LAC,203078.0,bradley-beal,Signing 1153350
Waive,2026-08-13,Indiana Pacers waived guard Ethan Thompson.,IND,1630679.0,ethan-thompson,Waive 1153349
Signing,2026-08-12,LA Clippers signed guard Jalen Pickett to a Two-Way Contract.,LAC,1629618.0,jalen-pickett,Signing 1153348
Waive,2026-08-12,Phoenix Suns waived forward Haywood Highsmith.,PHO,1629312.0,haywood-highsmith,Waive 1153347
Signing,2026-08-08,Phoenix Suns re-signed guard Dillon Brooks to a Veteran Extension.,PHO,1628415.0,dillon-brooks,Signing 1153326
Signing,2026-08-06,LA Clippers signed center Jamarion Sharp to a Two-Way Contract.,LAC,1642481.0,jamarion-sharp,Signing 1153315
Waive,2026-08-06,LA Clippers waived guard Sean Pedulla.,LAC,1642951.0,sean-pedulla,Waive 1153317
Signing,2026-08-05,Boston Celtics signed forward Dillon Mitchell to a Two-Way Contract.,BOS,1641759.0,dillon-mitchell,Signing 1153311
Signing,2026-08-05,Philadelphia 76ers signed guard Kentavious Caldwell-Pope to a Contract.,PHI,203484.0,kentavious-caldwell-pope,Signing 1153313
Waive,2026-08-05,Houston Rockets waived guard JD Davison.,HOU,1631120.0,jd-davison,Waive 1153307
Signing,2026-08-04,Toronto Raptors signed center Trey Jemison III to a Two-Way Contract.,TOR,1641998.0,trey-jemison-iii,Signing 1153300
Signing,2026-08-02,Dallas Mavericks re-signed forward Naji Marshall to a Veteran Extension.,DAL,1630230.0,naji-marshall,Signing 1153288
Signing,2026-08-01,Golden State Warriors re-signed guard Gary Payton II to a Contract.,GSW,1627780.0,gary-payton-ii,Signing 1153283
Signing,2026-07-31,Denver Nuggets signed forward Spencer Jones to a Contract.,DEN,1642461.0,spencer-jones,Signing 1153256
Signing,2026-07-31,Brooklyn Nets signed forward Moritz Wagner to a Contract.,BRK,1629021.0,moritz-wagner,Signing 1153257
Signing,2026-07-31,Cleveland Cavaliers signed forward Mario Hezonja to a Contract.,CLE,1626209.0,mario-hezonja,Signing 1153258
Signing,2026-07-31,Golden State Warriors re-signed guard De'Anthony Melton to a Contract.,GSW,1629001.0,deanthony-melton,Signing 1153272
Waive,2026-07-30,Charlotte Hornets waived forward Mouhamadou Gueye.,CHO,1631338.0,mouhamadou-gueye,Waive 1153252
Signing,2026-07-29,Golden State Warriors re-signed forward Draymond Green to a Contract.,GSW,203110.0,draymond-green,Signing 1153249
Signing,2026-07-29,Memphis Grizzlies signed forward Karim Lopez to a Rookie Scale Contract.,MEM,1643510.0,karim-lopez,Signing 1153251
Trade,2026-07-28,LA Clippers received forward Johni Broome from Philadelphia 76ers.,LAC,1641780.0,johni-broome,Trade 2026011
Trade,2026-07-28,LA Clippers received draft consideration from Philadelphia 76ers.,LAC,0.0,,Trade 2026011
Signing,2026-07-27,Los Angeles Lakers signed guard Matisse Thybulle to a Contract.,LAL,1629680.0,matisse-thybulle,Signing 1153237
Waive,2026-07-27,Sacramento Kings waived guard Isaiah Stevens.,SAC,1641815.0,isaiah-stevens,Waive 1153235
Signing,2026-07-26,Philadelphia 76ers signed forward LeBron James to a Contract.,PHI,2544.0,lebron-james,Signing 1153231
Waive,2026-07-25,Memphis Grizzlies waived guard Kentavious Caldwell-Pope.,MEM,203484.0,kentavious-caldwell-pope,Waive 1153232
Waive,2026-07-25,Philadelphia 76ers waived forward Dalen Terry.,PHI,1631207.0,dalen-terry,Waive 1153233
Signing,2026-07-24,Portland Trail Blazers signed guard John Tonje to a Two-Way Contract.,POR,1642910.0,john-tonje,Signing 1153221
Signing,2026-07-23,Boston Celtics re-signed guard Jordan Walsh to a Veteran Extension.,BOS,1641775.0,jordan-walsh,Signing 1153205
Signing,2026-07-23,Houston Rockets re-signed forward Jae'Sean Tate to a Contract.,HOU,1630256.0,jaesean-tate,Signing 1153206
Signing,2026-07-23,New Orleans Pelicans signed guard Jaron Pierre Jr. to a Two-Way Contract.,NOP,1643555.0,jaron-pierre-jr,Signing 1153215
Signing,2026-07-22,Indiana Pacers re-signed forward Jalen Slawson to a Two-Way Contract.,IND,1641771.0,jalen-slawson,Signing 1153197
Signing,2026-07-22,Atlanta Hawks signed forward Jalen Wilson to a Two-Way Contract.,ATL,1630592.0,jalen-wilson,Signing 1153198
Signing,2026-07-22,San Antonio Spurs re-signed guard David Jones Garcia to a Two-Way Contract.,SAS,1642357.0,david-jones-garcia,Signing 1153199
Signing,2026-07-22,Dallas Mavericks signed center Moussa Cisse to a Contract.,DAL,1630619.0,moussa-cisse,Signing 1153200
Signing,2026-07-22,Houston Rockets re-signed forward Isaiah Crawford to a Contract.,HOU,1642384.0,isaiah-crawford,Signing 1153202
Waive,2026-07-22,San Antonio Spurs waived forward Emanuel Miller.,SAS,1641801.0,emanuel-miller,Waive 1153209
Signing,2026-07-21,Los Angeles Lakers signed forward Arthur Kaluma to a Two-Way Contract.,LAL,1641751.0,arthur-kaluma,Signing 1153196
Waive,2026-07-21,Los Angeles Lakers waived guard Peter Suder.,LAL,1643614.0,peter-suder,Waive 1153195
Signing,2026-07-20,Dallas Mavericks signed guard Jett Howard to a Two-Way Contract.,DAL,1641724.0,jett-howard,Signing 1153189
Waive,2026-07-20,Indiana Pacers waived guard Taelon Peter.,IND,1643007.0,taelon-peter,Waive 1153187
Waive,2026-07-20,Dallas Mavericks waived forward Tyler Smith.,DAL,1641890.0,tyler-smith,Waive 1153188
Signing,2026-07-19,Los Angeles Lakers signed forward Ziaire Williams to a Contract.,LAL,1630533.0,ziaire-williams,Signing 1153183
Trade,2026-07-19,Atlanta Hawks received guard Ryan Nembhard from Dallas Mavericks.,ATL,1642948.0,ryan-nembhard,Trade 2026010
Trade,2026-07-19,Atlanta Hawks received guard Luguentz Dort from Oklahoma City Thunder.,ATL,1629652.0,luguentz-dort,Trade 2026010
Trade,2026-07-19,Dallas Mavericks received forward Zaccharie Risacher from Atlanta Hawks.,DAL,1642258.0,zaccharie-risacher,Trade 2026010
Trade,2026-07-19,Dallas Mavericks received draft consideration from Atlanta Hawks.,DAL,0.0,,Trade 2026010
Trade,2026-07-19,Oklahoma City Thunder received draft consideration from Atlanta Hawks.,OKC,0.0,,Trade 2026010
Trade,2026-07-19,Oklahoma City Thunder received draft consideration from Dallas Mavericks.,OKC,0.0,,Trade 2026010
Signing,2026-07-16,Miami Heat re-signed center Vladislav Goldin to a Two-Way Contract.,MIA,1642884.0,vladislav-goldin,Signing 1153136
Signing,2026-07-15,Denver Nuggets signed forward Marvin Bagley III to a Contract.,DEN,1628963.0,marvin-bagley-iii,Signing 1153129
Signing,2026-07-15,Milwaukee Bucks re-signed guard Gary Trent Jr. to a Contract.,MIL,1629018.0,gary-trent-jr,Signing 1153134
Signing,2026-07-14,Phoenix Suns signed guard Luke Kennard to a Contract.,PHO,1628379.0,luke-kennard,Signing 1153123
Signing,2026-07-14,Denver Nuggets re-signed guard Tyus Jones to a Contract.,DEN,1626145.0,tyus-jones,Signing 1153126
Signing,2026-07-13,Memphis Grizzlies signed forward Cameron Boozer to a Rookie Scale Contract.,MEM,1643409.0,cameron-boozer,Signing 1153118
Signing,2026-07-13,San Antonio Spurs re-signed guard Jordan McLaughlin to a Contract.,SAS,1629162.0,jordan-mclaughlin,Signing 1153120
Signing,2026-07-13,Denver Nuggets signed  Alpha Diallo to a Contract.,DEN,1643813.0,alpha-diallo,Signing 1153128
Trade,2026-07-13,Phoenix Suns received forward Miles Bridges from Charlotte Hornets.,PHO,1628970.0,miles-bridges,Trade 2026009
Trade,2026-07-13,Phoenix Suns received draft consideration from Charlotte Hornets.,PHO,0.0,,Trade 2026009
Trade,2026-07-13,Charlotte Hornets received guard Grayson Allen from Phoenix Suns.,CHO,1628960.0,grayson-allen,Trade 2026009
Trade,2026-07-13,Charlotte Hornets received forward Royce O'Neale from Phoenix Suns.,CHO,1626220.0,royce-oneale,Trade 2026009
Trade,2026-07-13,Charlotte Hornets received draft consideration from Phoenix Suns.,CHO,0.0,,Trade 2026009
Signing,2026-07-12,Los Angeles Lakers re-signed guard Austin Reaves to a Contract.,LAL,1630559.0,austin-reaves,Signing 1153109
Signing,2026-07-12,Los Angeles Lakers signed forward Kevon Looney to a Contract.,LAL,1626172.0,kevon-looney,Signing 1153113
Signing,2026-07-11,Minnesota Timberwolves signed forward Isaiah Evans to a Contract.,MIN,1642912.0,isaiah-evans,Signing 1153106
Signing,2026-07-11,Los Angeles Lakers signed guard Collin Sexton to a Contract.,LAL,1629012.0,collin-sexton,Signing 1153108
AwardOnWaivers,2026-07-10,Portland Trail Blazers claimed center Micah Potter off waivers.,POR,1630695.0,micah-potter,AwardedOnWaivers 1153095
Signing,2026-07-10,Dallas Mavericks signed forward Tarik Biberovic to a Contract.,DAL,1641844.0,tarik-biberovic,Signing 1153088
Signing,2026-07-10,Utah Jazz signed center Mo Bamba to a Contract.,UTA,1628964.0,mo-bamba,Signing 1153089
Signing,2026-07-10,New York Knicks re-signed guard Jordan Clarkson to a Contract.,NYK,203903.0,jordan-clarkson,Signing 1153090
Signing,2026-07-10,Houston Rockets signed guard Marcus Smart to a Contract.,HOU,203935.0,marcus-smart,Signing 1153091
Signing,2026-07-10,Minnesota Timberwolves re-signed guard Ayo Dosunmu to a Contract.,MIN,1630245.0,ayo-dosunmu,Signing 1153092
Signing,2026-07-10,Minnesota Timberwolves re-signed guard Jaylen Clark to a Contract.,MIN,1641740.0,jaylen-clark,Signing 1153093
Signing,2026-07-10,Brooklyn Nets signed forward Joshua Jefferson to a Rookie Scale Contract.,BRK,1643538.0,joshua-jefferson,Signing 1153094
Signing,2026-07-10,Denver Nuggets signed forward Trevon Brazile to a Contract.,DEN,1642350.0,trevon-brazile,Signing 1153096
Signing,2026-07-10,Atlanta Hawks re-signed center Jock Landale to a Contract.,ATL,1629111.0,jock-landale,Signing 1153099
Signing,2026-07-10,San Antonio Spurs re-signed forward Victor Wembanyama to a Rookie Scale Extension.,SAS,1641705.0,victor-wembanyama,Signing 1153100
Signing,2026-07-10,Chicago Bulls signed guard Norman Powell to a Contract.,CHI,1626181.0,norman-powell,Signing 1153102
Signing,2026-07-10,New Orleans Pelicans re-signed center DeAndre Jordan to a Contract.,NOP,201599.0,deandre-jordan,Signing 1153103
Signing,2026-07-10,Minnesota Timberwolves signed forward Trey Lyles to a Contract.,MIN,1626168.0,trey-lyles,Signing 1153104
Trade,2026-07-10,Chicago Bulls received center Nic Claxton from Brooklyn Nets.,CHI,1629651.0,nic-claxton,Trade 2026008
Trade,2026-07-10,Minnesota Timberwolves received guard Josh Green from Charlotte Hornets.,MIN,1630182.0,josh-green,Trade 2026008
Trade,2026-07-10,Minnesota Timberwolves received guard LaMelo Ball from Charlotte Hornets.,MIN,1630163.0,lamelo-ball,Trade 2026008
Trade,2026-07-10,Brooklyn Nets received forward Julius Randle from Minnesota Timberwolves.,BRK,203944.0,julius-randle,Trade 2026008
Trade,2026-07-10,Charlotte Hornets received forward Mouhamadou Gueye from Chicago Bulls.,CHO,1631338.0,mouhamadou-gueye,Trade 2026008
Trade,2026-07-10,Charlotte Hornets received center Naz Reid from Minnesota Timberwolves.,CHO,1629675.0,naz-reid,Trade 2026008
Trade,2026-07-10,Charlotte Hornets received draft consideration from Minnesota Timberwolves.,CHO,0.0,,Trade 2026008
Waive,2026-07-10,Brooklyn Nets waived guard Malachi Smith.,BRK,1641869.0,malachi-smith,Waive 1153098
Signing,2026-07-09,Indiana Pacers signed forward Larry Nance Jr. to a Contract.,IND,1626204.0,larry-nance-jr,Signing 1153051
Signing,2026-07-09,Indiana Pacers re-signed forward Kobe Brown to a Two-Way Contract.,IND,1641738.0,kobe-brown,Signing 1153052
Signing,2026-07-09,Houston Rockets re-signed forward Tari Eason to a Contract.,HOU,1631106.0,tari-eason,Signing 1153055
Signing,2026-07-09,Utah Jazz re-signed center Jusuf Nurkic to a Contract.,UTA,203994.0,jusuf-nurkic,Signing 1153056
Signing,2026-07-09,Golden State Warriors re-signed center Charles Bassey to a Contract.,GSW,1629646.0,charles-bassey,Signing 1153058
Signing,2026-07-09,Detroit Pistons re-signed guard Kevin Huerter to a Contract.,DET,1628989.0,kevin-huerter,Signing 1153059
Signing,2026-07-09,LA Clippers signed forward Baba Miller to a Contract.,LAC,1642394.0,baba-miller,Signing 1153063
Signing,2026-07-09,Milwaukee Bucks re-signed forward Ousmane Dieng to a Contract.,MIL,1631172.0,ousmane-dieng,Signing 1153064
Signing,2026-07-09,LA Clippers re-signed guard Jordan Miller to a Contract.,LAC,1641757.0,jordan-miller,Signing 1153065
Signing,2026-07-09,Utah Jazz signed center Jaxson Hayes to a Contract.,UTA,1629637.0,jaxson-hayes,Signing 1153077
Signing,2026-07-09,Utah Jazz signed guard Josh Okogie to a Contract.,UTA,1629006.0,josh-okogie,Signing 1153078
Waive,2026-07-09,Boston Celtics waived forward Dalano Banton.,BOS,1630625.0,dalano-banton,Waive 1153057
Signing,2026-07-08,San Antonio Spurs re-signed forward Harrison Barnes to a Contract.,SAS,203084.0,harrison-barnes,Signing 1153020
Signing,2026-07-08,Houston Rockets signed guard Bogdan Bogdanovic to a Contract.,HOU,203992.0,bogdan-bogdanovic,Signing 1153036
Signing,2026-07-08,Philadelphia 76ers signed guard Rayan Rupert to a Two-Way Contract.,PHI,1641712.0,rayan-rupert,Signing 1153037
Signing,2026-07-08,Memphis Grizzlies signed center Quinten Post to a Contract.,MEM,1642366.0,quinten-post,Signing 1153039
Signing,2026-07-08,Milwaukee Bucks signed forward Nate Ament to a Rookie Scale Contract.,MIL,1643417.0,nate-ament,Signing 1153040
Signing,2026-07-08,Cleveland Cavaliers re-signed guard Donovan Mitchell to a Veteran Extension.,CLE,1628378.0,donovan-mitchell,Signing 1153043
Signing,2026-07-08,Detroit Pistons re-signed guard Javonte Green to a Contract.,DET,1629750.0,javonte-green,Signing 1153045
Signing,2026-07-08,Detroit Pistons signed guard Elijah Harkless to a Two-Way Contract.,DET,1641989.0,elijah-harkless,Signing 1153046
Signing,2026-07-08,Milwaukee Bucks signed forward Pete Nance to a Contract.,MIL,1631250.0,pete-nance,Signing 1153047
Trade,2026-07-08,Dallas Mavericks received forward Santi Aldama from Memphis Grizzlies.,DAL,1630583.0,santi-aldama,Trade 2026006
Trade,2026-07-08,Dallas Mavericks received guard Marcus Sasser from Detroit Pistons.,DAL,1631204.0,marcus-sasser,Trade 2026006
Trade,2026-07-08,LA Clippers received draft consideration from Detroit Pistons.,LAC,0.0,,Trade 2026006
Trade,2026-07-08,Milwaukee Bucks received guard Caris LeVert from Detroit Pistons.,MIL,1627747.0,caris-levert,Trade 2026006
Trade,2026-07-08,Milwaukee Bucks received draft consideration from Detroit Pistons.,MIL,0.0,,Trade 2026006
Trade,2026-07-08,Memphis Grizzlies received guard AJ Johnson from Dallas Mavericks.,MEM,1642358.0,aj-johnson,Trade 2026006
Trade,2026-07-08,Memphis Grizzlies received draft consideration from Dallas Mavericks.,MEM,0.0,,Trade 2026006
Trade,2026-07-08,Memphis Grizzlies received guard D'Angelo Russell from Washington Wizards.,MEM,1626156.0,dangelo-russell,Trade 2026006
Trade,2026-07-08,Memphis Grizzlies received draft consideration from Washington Wizards.,MEM,0.0,,Trade 2026006
Trade,2026-07-08,Memphis Grizzlies received forward Isaiah Stewart from Detroit Pistons.,MEM,1630191.0,isaiah-stewart,Trade 2026006
Trade,2026-07-08,Washington Wizards received forward Khris Middleton from Dallas Mavericks.,WAS,203114.0,khris-middleton,Trade 2026006
Trade,2026-07-08,Washington Wizards received draft consideration from Dallas Mavericks.,WAS,0.0,,Trade 2026006
Trade,2026-07-08,Detroit Pistons received forward John Collins from LA Clippers.,DET,1628381.0,john-collins,Trade 2026006
Trade,2026-07-08,Detroit Pistons received forward Taurean Prince from Milwaukee Bucks.,DET,1627752.0,taurean-prince,Trade 2026006
Trade,2026-07-08,Detroit Pistons received guard Gary Harris from Milwaukee Bucks.,DET,203914.0,gary-harris,Trade 2026006
Trade,2026-07-08,Detroit Pistons received draft consideration from Memphis Grizzlies.,DET,0.0,,Trade 2026006
Trade,2026-07-08,Los Angeles Lakers received center Walker Kessler from Utah Jazz.,LAL,1631117.0,walker-kessler,Trade 2026007
Trade,2026-07-08,Utah Jazz received draft consideration from Los Angeles Lakers.,UTA,0.0,,Trade 2026007
Waive,2026-07-08,Denver Nuggets waived center Jonas Valanciunas.,DEN,202685.0,jonas-valanciunas,Waive 1153029
Waive,2026-07-08,Indiana Pacers waived center Micah Potter.,IND,1630695.0,micah-potter,Waive 1153030
Signing,2026-07-07,Houston Rockets signed guard Bruce Thornton to a Contract.,HOU,1643570.0,bruce-thornton,Signing 1152901
Signing,2026-07-07,Cleveland Cavaliers re-signed center Thomas Bryant to a Contract.,CLE,1628418.0,thomas-bryant,Signing 1152902
Signing,2026-07-07,Phoenix Suns re-signed center Mark Williams to a Contract.,PHO,1631109.0,mark-williams,Signing 1152903
Signing,2026-07-07,Phoenix Suns re-signed guard Jordan Goodwin to a Contract.,PHO,1630692.0,jordan-goodwin,Signing 1152904
Signing,2026-07-07,Phoenix Suns re-signed guard Collin Gillespie to a Contract.,PHO,1631221.0,collin-gillespie,Signing 1152905
Signing,2026-07-07,Washington Wizards signed center Felix Okpara to a Two-Way Contract.,WAS,1643590.0,felix-okpara,Signing 1152906
Signing,2026-07-07,Sacramento Kings re-signed forward Precious Achiuwa to a Contract.,SAC,1630173.0,precious-achiuwa,Signing 1152911
Signing,2026-07-07,Utah Jazz signed guard Trey Alexander to a Two-Way Contract.,UTA,1641725.0,trey-alexander,Signing 1152912
Signing,2026-07-07,New Orleans Pelicans re-signed center Hunter Dickinson to a Two-Way Contract.,NOP,1630621.0,hunter-dickinson,Signing 1152931
Signing,2026-07-07,LA Clippers re-signed guard Kobe Sanders to a Contract.,LAC,1642920.0,kobe-sanders,Signing 1152951
Signing,2026-07-07,Los Angeles Lakers signed forward Sandro Mamukelashvili to a Contract.,LAL,1630572.0,sandro-mamukelashvili,Signing 1152956
Signing,2026-07-07,Los Angeles Lakers signed guard Quentin Grimes to a Contract.,LAL,1629656.0,quentin-grimes,Signing 1152957
Signing,2026-07-07,Houston Rockets signed guard Quadir Copeland to a Two-Way Contract.,HOU,1643595.0,quadir-copeland,Signing 1152960
Signing,2026-07-07,Indiana Pacers signed forward Kelly Oubre Jr. to a Contract.,IND,1626162.0,kelly-oubre-jr,Signing 1152976
Trade,2026-07-07,Los Angeles Lakers received guard Jaden Hardy from Washington Wizards.,LAL,1630702.0,jaden-hardy,Trade 2026005
Trade,2026-07-07,Los Angeles Lakers received draft consideration from Washington Wizards.,LAL,0.0,,Trade 2026005
Trade,2026-07-07,Washington Wizards received center Deandre Ayton from Los Angeles Lakers.,WAS,1629028.0,deandre-ayton,Trade 2026005
Signing,2026-07-06,Charlotte Hornets signed forward Hannes Steinbach to a Rookie Scale Contract.,CHO,1643419.0,hannes-steinbach,Signing 1152836
Signing,2026-07-06,Charlotte Hornets signed guard Christian Anderson to a Rookie Scale Contract.,CHO,1643515.0,christian-anderson,Signing 1152837
Signing,2026-07-06,Philadelphia 76ers signed forward Dean Wade to a Contract.,PHI,1629731.0,dean-wade,Signing 1152843
Signing,2026-07-06,Brooklyn Nets signed center Day'Ron Sharpe to a Contract.,BRK,1630549.0,dayron-sharpe,Signing 1152844
Signing,2026-07-06,Brooklyn Nets signed forward Josh Minott to a Contract.,BRK,1631169.0,josh-minott,Signing 1152845
Signing,2026-07-06,Philadelphia 76ers signed guard Anfernee Simons to a Contract.,PHI,1629014.0,anfernee-simons,Signing 1152861
Signing,2026-07-06,Detroit Pistons signed guard Ebuka Okorie to a Rookie Scale Contract.,DET,1643536.0,ebuka-okorie,Signing 1152866
Signing,2026-07-06,Boston Celtics re-signed guard Ron Harper Jr. to a Contract.,BOS,1631199.0,ron-harper-jr,Signing 1152869
Signing,2026-07-06,Boston Celtics re-signed center Neemias Queta to a Veteran Extension.,BOS,1629674.0,neemias-queta,Signing 1152870
Signing,2026-07-06,Miami Heat re-signed forward Andrew Wiggins to a Veteran Extension.,MIA,203952.0,andrew-wiggins,Signing 1152871
Signing,2026-07-06,Golden State Warriors re-signed center Al Horford to a Contract.,GSW,201143.0,al-horford,Signing 1152872
Signing,2026-07-06,Phoenix Suns re-signed guard Koby Brea to a Two-Way Contract.,PHO,1642886.0,koby-brea,Signing 1152873
Signing,2026-07-06,Charlotte Hornets re-signed guard Coby White to a Contract.,CHO,1629632.0,coby-white,Signing 1152874
Signing,2026-07-06,Toronto Raptors signed forward Kyle Anderson to a Contract.,TOR,203937.0,kyle-anderson,Signing 1152878
Signing,2026-07-06,Brooklyn Nets signed guard Keon Ellis to a Contract.,BRK,1631165.0,keon-ellis,Signing 1152879
Signing,2026-07-06,Charlotte Hornets signed guard Michael Ajayi to a Two-Way Contract.,CHO,1642369.0,michael-ajayi,Signing 1152880
Signing,2026-07-06,Charlotte Hornets signed guard Kylan Boswell to a Two-Way Contract.,CHO,1643573.0,kylan-boswell,Signing 1152881
Signing,2026-07-06,New York Knicks re-signed guard Jose Alvarado to a Contract.,NYK,1630631.0,jose-alvarado,Signing 1152882
Signing,2026-07-06,New York Knicks re-signed forward Mohamed Diawara to a Contract.,NYK,1642885.0,mohamed-diawara,Signing 1152883
Signing,2026-07-06,New York Knicks signed center Andre Drummond to a Contract.,NYK,203083.0,andre-drummond,Signing 1152884
Signing,2026-07-06,San Antonio Spurs signed forward Tobias Harris to a Contract.,SAS,202699.0,tobias-harris,Signing 1152886
Signing,2026-07-06,Miami Heat signed guard Tim Hardaway Jr. to a Contract.,MIA,203501.0,tim-hardaway-jr,Signing 1152890
Signing,2026-07-06,Philadelphia 76ers signed center Ariel Hukporti to a Contract.,PHI,1630574.0,ariel-hukporti,Signing 1152891
Signing,2026-07-06,Boston Celtics signed center Mitchell Robinson to a Contract.,BOS,1629011.0,mitchell-robinson,Signing 1152892
Signing,2026-07-06,New York Knicks re-signed guard Landry Shamet to a Contract.,NYK,1629013.0,landry-shamet,Signing 1152893
Signing,2026-07-06,Boston Celtics signed guard Mike Conley to a Contract.,BOS,201144.0,mike-conley,Signing 1152894
Signing,2026-07-06,LA Clippers signed forward Rui Hachimura to a Contract.,LAC,1629060.0,rui-hachimura,Signing 1152895
Signing,2026-07-06,Washington Wizards re-signed guard Trae Young to a Contract.,WAS,1629027.0,trae-young,Signing 1152896
Signing,2026-07-06,Oklahoma City Thunder re-signed center Isaiah Hartenstein to a Contract.,OKC,1628392.0,isaiah-hartenstein,Signing 1152897
Signing,2026-07-06,Oklahoma City Thunder re-signed guard Kenrich Williams to a Contract.,OKC,1629026.0,kenrich-williams,Signing 1152898
Trade,2026-07-06,Atlanta Hawks received guard Aaron Wiggins from Oklahoma City Thunder.,ATL,1630598.0,aaron-wiggins,Trade 2026000
Trade,2026-07-06,Oklahoma City Thunder received draft consideration from Atlanta Hawks.,OKC,0.0,,Trade 2026000
Trade,2026-07-06,Miami Heat received forward Bobby Portis Jr. from Milwaukee Bucks.,MIA,1626171.0,bobby-portis-jr,Trade 2026001
Trade,2026-07-06,Miami Heat received forward Giannis Antetokounmpo from Milwaukee Bucks.,MIA,203507.0,giannis-antetokounmpo,Trade 2026001
Trade,2026-07-06,Milwaukee Bucks received guard Kasparas Jakucionis from Miami Heat.,MIL,1642857.0,kasparas-jakucionis,Trade 2026001
Trade,2026-07-06,Milwaukee Bucks received center Kel'el Ware from Miami Heat.,MIL,1642276.0,kelel-ware,Trade 2026001
Trade,2026-07-06,Milwaukee Bucks received guard Jaime Jaquez Jr. from Miami Heat.,MIL,1631170.0,jaime-jaquez-jr,Trade 2026001
Trade,2026-07-06,Milwaukee Bucks received guard Tyler Herro from Miami Heat.,MIL,1629639.0,tyler-herro,Trade 2026001
Trade,2026-07-06,Milwaukee Bucks received draft consideration from Miami Heat.,MIL,0.0,,Trade 2026001
Trade,2026-07-06,Boston Celtics received forward Paul George from Philadelphia 76ers.,BOS,202331.0,paul-george,Trade 2026002
Trade,2026-07-06,Boston Celtics received draft consideration from Philadelphia 76ers.,BOS,0.0,,Trade 2026002
Trade,2026-07-06,Philadelphia 76ers received guard Jaylen Brown from Boston Celtics.,PHI,1627759.0,jaylen-brown,Trade 2026002
Trade,2026-07-06,Oklahoma City Thunder received draft consideration from Detroit Pistons.,OKC,0.0,,Trade 2026003
Trade,2026-07-06,Detroit Pistons received guard Isaiah Joe from Oklahoma City Thunder.,DET,1630198.0,isaiah-joe,Trade 2026003
Trade,2026-07-06,Charlotte Hornets received forward Dorian Finney-Smith from Houston Rockets.,CHO,1627827.0,dorian-finney-smith,Trade 2026004
Trade,2026-07-06,Charlotte Hornets received draft consideration from Houston Rockets.,CHO,0.0,,Trade 2026004
Waive,2026-07-06,Sacramento Kings waived guard DeMar DeRozan.,SAC,201942.0,demar-derozan,Waive 1152876
Waive,2026-07-06,Charlotte Hornets waived forward Tosan Evbuomwan.,CHO,1641787.0,tosan-evbuomwan,Waive 1152877
Signing,2026-07-05,Boston Celtics signed forward Christopher Cenac Jr. to a Rookie Scale Contract.,BOS,1643416.0,christopher-cenac-jr,Signing 1152826
Signing,2026-07-05,Philadelphia 76ers signed guard Caleb Love to a Two-Way Contract.,PHI,1631126.0,caleb-love,Signing 1152827
Signing,2026-07-05,LA Clippers signed forward Nick Martinelli to a Two-Way Contract.,LAC,1643568.0,nick-martinelli,Signing 1152832
Signing,2026-07-05,Milwaukee Bucks signed guard Brayden Burries to a Rookie Scale Contract.,MIL,1643415.0,brayden-burries,Signing 1152833
Signing,2026-07-05,Milwaukee Bucks signed guard Kam Jones to a Two-Way Contract.,MIL,1642880.0,kam-jones,Signing 1152834
Signing,2026-07-04,Toronto Raptors signed guard Jaden Bradley to a Two-Way Contract.,TOR,1643558.0,jaden-bradley,Signing 1152818
Signing,2026-07-03,Toronto Raptors re-signed guard Alijah Martin to a Contract.,TOR,1642918.0,alijah-martin,Signing 1152744
Signing,2026-07-03,Miami Heat signed guard Tre Donaldson to a Two-Way Contract.,MIA,1643621.0,tre-donaldson,Signing 1152747
Signing,2026-07-03,San Antonio Spurs signed forward Maliq Brown to a Two-Way Contract.,SAS,1643576.0,maliq-brown,Signing 1152749
Signing,2026-07-03,San Antonio Spurs signed guard Ja'Kobi Gillespie to a Two-Way Contract.,SAS,1643551.0,jakobi-gillespie,Signing 1152750
Signing,2026-07-03,San Antonio Spurs signed center Tarris Reed Jr. to a Rookie Scale Contract.,SAS,1643542.0,tarris-reed-jr,Signing 1152751
Signing,2026-07-03,San Antonio Spurs signed forward Jayden Quaintance to a Rookie Scale Contract.,SAS,1643519.0,jayden-quaintance,Signing 1152752
Signing,2026-07-03,Oklahoma City Thunder signed guard Otega Oweh to a Two-Way Contract.,OKC,1642923.0,otega-oweh,Signing 1152753
Signing,2026-07-03,Oklahoma City Thunder re-signed guard Brooks Barnhizer to a Two-Way Contract.,OKC,1642964.0,brooks-barnhizer,Signing 1152754
Signing,2026-07-03,Oklahoma City Thunder signed  Josh Dix to a Two-Way Contract.,OKC,1643717.0,josh-dix,Signing 1152755
Signing,2026-07-03,Oklahoma City Thunder signed guard Bennett Stirtz to a Rookie Scale Contract.,OKC,1642892.0,bennett-stirtz,Signing 1152756
Signing,2026-07-03,Oklahoma City Thunder signed center Aday Mara to a Rookie Scale Contract.,OKC,1643530.0,aday-mara,Signing 1152757
Signing,2026-07-03,Utah Jazz signed guard Tamar Bates to a Two-Way Contract.,UTA,1642926.0,tamar-bates,Signing 1152758
Signing,2026-07-03,Chicago Bulls signed forward Tobe Awaka to a Two-Way Contract.,CHI,1643591.0,tobe-awaka,Signing 1152759
Signing,2026-07-03,Dallas Mavericks signed guard Sergio de Larrea to a Rookie Scale Contract.,DAL,1643547.0,sergio-de-larrea,Signing 1152762
Signing,2026-07-03,Minnesota Timberwolves re-signed guard Bones Hyland to a Contract.,MIN,1630538.0,bones-hyland,Signing 1152764
Signing,2026-07-03,Philadelphia 76ers signed guard Labaron Philon to a Rookie Scale Contract.,PHI,1642889.0,labaron-philon,Signing 1152765
Signing,2026-07-03,Dallas Mavericks signed forward Tobi Lawal to a Two-Way Contract.,DAL,1643588.0,tobi-lawal,Signing 1152769
Signing,2026-07-03,LA Clippers signed guard Keaton Wagler to a Rookie Scale Contract.,LAC,1643413.0,keaton-wagler,Signing 1152770
Signing,2026-07-03,Chicago Bulls signed  Jaylin Sellers to a Two-Way Contract.,CHI,1643637.0,jaylin-sellers,Signing 1152771
Signing,2026-07-03,Chicago Bulls signed forward Dailyn Swain to a Rookie Scale Contract.,CHI,1643517.0,dailyn-swain,Signing 1152772
Signing,2026-07-03,Los Angeles Lakers re-signed guard Chris Manon to a Two-Way Contract.,LAL,1643024.0,chris-manon,Signing 1152773
Signing,2026-07-03,Chicago Bulls signed forward Caleb Wilson to a Rookie Scale Contract.,CHI,1643410.0,caleb-wilson,Signing 1152774
Signing,2026-07-03,Los Angeles Lakers signed guard Peter Suder to a Two-Way Contract.,LAL,1643614.0,peter-suder,Signing 1152815
Signing,2026-07-03,Los Angeles Lakers signed forward AK Okereke to a Two-Way Contract.,LAL,1643758.0,ak-okereke,Signing 1152816
Signing,2026-07-03,Phoenix Suns signed guard Pat Spencer to a Two-Way Contract.,PHO,1630311.0,pat-spencer,Signing 1152817
Waive,2026-07-03,Milwaukee Bucks waived forward Pete Nance.,MIL,1631250.0,pete-nance,Waive 1152768
Signing,2026-07-02,Toronto Raptors signed forward Allen Graves to a Rookie Scale Contract.,TOR,1643512.0,allen-graves,Signing 1152694
Signing,2026-07-02,Washington Wizards signed forward AJ Dybantsa to a Rookie Scale Contract.,WAS,1643407.0,aj-dybantsa,Signing 1152695
Signing,2026-07-02,Atlanta Hawks signed guard Kingston Flemings to a Rookie Scale Contract.,ATL,1643412.0,kingston-flemings,Signing 1152700
Signing,2026-07-02,Sacramento Kings signed forward Jonathan Mogbo to a Two-Way Contract.,SAC,1642367.0,jonathan-mogbo,Signing 1152701
Signing,2026-07-02,Miami Heat re-signed forward Simone Fontecchio to a Contract.,MIA,1631323.0,simone-fontecchio,Signing 1152702
Signing,2026-07-02,Minnesota Timberwolves re-signed forward Enrique Freeman to a Two-Way Contract.,MIN,1642402.0,enrique-freeman,Signing 1152704
Signing,2026-07-02,Dallas Mavericks signed forward Morez Johnson to a Rookie Scale Contract.,DAL,1643516.0,morez-johnson,Signing 1152731
Signing,2026-07-02,Toronto Raptors re-signed guard Alijah Martin to a Contract.,TOR,1642918.0,alijah-martin,Signing 1152732
Signing,2026-07-02,Detroit Pistons signed center Ugonna Onyenso to a Two-Way Contract.,DET,1642391.0,ugonna-onyenso,Signing 1152734
Signing,2026-07-02,Sacramento Kings re-signed guard Daeqwon Plowden to a Contract.,SAC,1631342.0,daeqwon-plowden,Signing 1152735
Signing,2026-07-02,Los Angeles Lakers signed guard Cameron Carr to a Rookie Scale Contract.,LAL,1643418.0,cameron-carr,Signing 1152736
Signing,2026-07-02,Brooklyn Nets signed guard Mikel Brown Jr. to a Rookie Scale Contract.,BRK,1643414.0,mikel-brown-jr,Signing 1152737
Signing,2026-07-02,Brooklyn Nets signed forward Tyler Bilodeau to a Two-Way Contract.,BRK,1643548.0,tyler-bilodeau,Signing 1152738
Waive,2026-07-02,Oklahoma City Thunder waived forward Payton Sandfort.,OKC,1642362.0,payton-sandfort,Waive 1152733
Signing,2026-07-01,Portland Trail Blazers signed center Branden Carlson to a Contract.,POR,1642382.0,branden-carlson,Signing 1152649
Signing,2026-07-01,Washington Wizards re-signed forward Jamir Watkins to a Two-Way Contract.,WAS,1642364.0,jamir-watkins,Signing 1152661
Signing,2026-07-01,Cleveland Cavaliers signed guard Meleek Thomas to a Contract.,CLE,1643509.0,meleek-thomas,Signing 1152662
Signing,2026-07-01,"Cleveland Cavaliers signed center Ernest Udeh, Jr. to a Two-Way Contract.",CLE,1643640.0,"ernest-udeh,-jr",Signing 1152663
Signing,2026-07-01,Orlando Magic signed forward Jonathan Isaac to a Contract.,ORL,1628371.0,jonathan-isaac,Signing 1152665
Signing,2026-07-01,Orlando Magic re-signed guard Jevon Carter to a Contract.,ORL,1628975.0,jevon-carter,Signing 1152666
Signing,2026-07-01,Orlando Magic signed center Nikola Vucevic to a Contract.,ORL,202696.0,nikola-vucevic,Signing 1152667
Signing,2026-07-01,Atlanta Hawks signed forward Zuby Ejiofor to a Rookie Scale Contract.,ATL,1643544.0,zuby-ejiofor,Signing 1152671
Signing,2026-07-01,Atlanta Hawks signed center Henri Veesaar to a Contract.,ATL,1643539.0,henri-veesaar,Signing 1152672
Signing,2026-07-01,Milwaukee Bucks signed forward Bogoljub Markovic to a Contract.,MIL,1642881.0,bogoljub-markovic,Signing 1152673
Signing,2026-07-01,Golden State Warriors signed forward Yaxel Lendeborg to a Rookie Scale Contract.,GSW,1642865.0,yaxel-lendeborg,Signing 1152674
Signing,2026-07-01,Phoenix Suns signed forward Koa Peat to a Rookie Scale Contract.,PHO,1643520.0,koa-peat,Signing 1152676
Signing,2026-07-01,Sacramento Kings signed guard Adam Flagler to a Two-Way Contract.,SAC,1641745.0,adam-flagler,Signing 1152677
Signing,2026-07-01,Utah Jazz signed guard Darryn Peterson to a Rookie Scale Contract.,UTA,1643408.0,darryn-peterson,Signing 1152678
Signing,2026-07-01,Miami Heat signed guard Ryan Conwell to a Contract.,MIA,1643553.0,ryan-conwell,Signing 1152679
Signing,2026-07-01,Orlando Magic re-signed center Colin Castleton to a Two-Way Contract.,ORL,1630658.0,colin-castleton,Signing 1152682
Signing,2026-07-01,Orlando Magic signed forward Izaiyah Nelson to a Two-Way Contract.,ORL,1643593.0,izaiyah-nelson,Signing 1152683
Signing,2026-07-01,"Cleveland Cavaliers signed center Ernest Udeh, Jr. to a Two-Way Contract.",CLE,1643640.0,"ernest-udeh,-jr",Signing 1152685
Signing,2026-07-01,Boston Celtics re-signed forward Amari Williams to a Two-Way Contract.,BOS,1642873.0,amari-williams,Signing 1152686
Signing,2026-07-01,Sacramento Kings signed guard Emanuel Sharp to a Contract.,SAC,1643567.0,emanuel-sharp,Signing 1152687
Signing,2026-07-01,Sacramento Kings signed forward Alex Karaban to a Rookie Scale Contract.,SAC,1642284.0,alex-karaban,Signing 1152688
Signing,2026-07-01,Sacramento Kings signed guard Darius Acuff Jr. to a Rookie Scale Contract.,SAC,1643411.0,darius-acuff-jr,Signing 1152689
Waive,2026-07-01,Chicago Bulls waived guard Kam Jones.,CHI,1642880.0,kam-jones,Waive 1152680
Waive,2026-07-01,Washington Wizards waived forward Leaky Black.,WAS,1641778.0,leaky-black,Waive 1152681
Signing,2026-06-30,Portland Trail Blazers re-signed center Robert Williams III to a Veteran Extension.,POR,1629057.0,robert-williams-iii,Signing 1151736
Signing,2026-06-30,Golden State Warriors re-signed forward Kristaps Porzingis to a Veteran Extension.,GSW,204001.0,kristaps-porzingis,Signing 1151737
Signing,2026-06-30,Chicago Bulls re-signed forward Zach Collins to a Veteran Extension.,CHI,1628380.0,zach-collins,Signing 1151739
Trade,2026-06-30,Atlanta Hawks received guard Devin Carter from Sacramento Kings.,ATL,1642269.0,devin-carter,Trade 2025064
Trade,2026-06-30,Atlanta Hawks received draft consideration from Sacramento Kings.,ATL,0.0,,Trade 2025064
Signing,2026-06-29,Brooklyn Nets re-signed guard Chaney Johnson to a Two-Way Contract.,BRK,1643052.0,chaney-johnson,Signing 1151670
Signing,2026-06-29,San Antonio Spurs re-signed forward Julian Champagnie to a Veteran Extension.,SAS,1630577.0,julian-champagnie,Signing 1151685
Trade,2026-06-29,Portland Trail Blazers received guard Ja Morant from Memphis Grizzlies.,POR,1629630.0,ja-morant,Trade 2025063
Trade,2026-06-29,Memphis Grizzlies received forward Kris Murray from Portland Trail Blazers.,MEM,1631200.0,kris-murray,Trade 2025063
Trade,2026-06-29,Memphis Grizzlies received forward Jerami Grant from Portland Trail Blazers.,MEM,203924.0,jerami-grant,Trade 2025063
Waive,2026-06-27,Orlando Magic waived forward Jonathan Isaac.,ORL,1628371.0,jonathan-isaac,Waive 1151621
Signing,2026-06-25,Toronto Raptors re-signed guard Chucky Hepburn to a Two-Way Contract.,TOR,1642935.0,chucky-hepburn,Signing 1151603
Trade,2026-06-24,Chicago Bulls received guard Kam Jones from Indiana Pacers.,CHI,1642880.0,kam-jones,Trade 2025058
Trade,2026-06-24,Chicago Bulls received draft consideration from Indiana Pacers.,CHI,0.0,,Trade 2025058
Signing,2026-06-22,Atlanta Hawks re-signed guard CJ McCollum to a Veteran Extension.,ATL,203468.0,cj-mccollum,Signing 1151464
Signing,2026-04-12,Brooklyn Nets signed forward Trevon Scott to a 10-Day Contract.,BRK,1630286.0,trevon-scott,Signing 1148574
Signing,2026-04-12,Los Angeles Lakers re-signed guard Nick Smith Jr. to a Rest-of-Season Contract.,LAL,1641733.0,nick-smith-jr,Signing 1148584
ContractConverted,2026-04-11,Toronto Raptors converted the contract of guard A.J. Lawson to an NBA Contract.,TOR,1630639.0,aj-lawson,ContractConverted 1148548
Signing,2026-04-11,Utah Jazz signed guard Hayden Gray to a Rest-of-Season Contract.,UTA,1643060.0,hayden-gray,Signing 1148516
Signing,2026-04-11,Boston Celtics signed forward Dalano Banton to a Rest-of-Season Contract.,BOS,1630625.0,dalano-banton,Signing 1148517
Signing,2026-04-11,Miami Heat re-signed guard Jahmir Young to a Rest-of-Season Contract.,MIA,1642443.0,jahmir-young,Signing 1148547
Signing,2026-04-10,Memphis Grizzlies signed guard Lucas Williamson to a 10-Day Contract.,MEM,1631351.0,lucas-williamson,Signing 1148495
Signing,2026-04-10,Philadelphia 76ers re-signed forward Dalen Terry to a Rest-of-Season Contract.,PHI,1631207.0,dalen-terry,Signing 1148507
Waive,2026-04-10,Los Angeles Lakers waived guard Kobe Bufkin.,LAL,1641723.0,kobe-bufkin,Waive 1148503
Waive,2026-04-10,Miami Heat waived guard Terry Rozier.,MIA,1626179.0,terry-rozier,Waive 1148504
Waive,2026-04-10,Philadelphia 76ers waived guard Cameron Payne.,PHI,1626166.0,cameron-payne,Waive 1148505
Waive,2026-04-10,Toronto Raptors waived guard Tyreke Key.,TOR,1642615.0,tyreke-key,Waive 1148506
Signing,2026-04-09,Chicago Bulls signed forward Mouhamadou Gueye to a Rest-of-Season Contract.,CHI,1631338.0,mouhamadou-gueye,Signing 1148489
Signing,2026-04-07,Memphis Grizzlies signed guard Adama Bal to a 10-Day Contract.,MEM,1642380.0,adama-bal,Signing 1148392
Signing,2026-04-07,Houston Rockets re-signed guard JD Davison to a Rest-of-Season Contract.,HOU,1631120.0,jd-davison,Signing 1148393
Signing,2026-04-07,Detroit Pistons re-signed forward Tolu Smith to a Rest-of-Season Contract.,DET,1642449.0,tolu-smith,Signing 1148402
Waive,2026-04-07,Detroit Pistons waived forward Bobi Klintman.,DET,1641752.0,bobi-klintman,Waive 1148403
Signing,2026-04-06,Atlanta Hawks signed center Tony Bradley to a Rest-of-Season Contract.,ATL,1628396.0,tony-bradley,Signing 1148213
Signing,2026-04-06,Toronto Raptors signed guard Tyreke Key to a Rest-of-Season Contract.,TOR,1642615.0,tyreke-key,Signing 1148214
Signing,2026-04-05,Golden State Warriors signed center Charles Bassey to a Rest-of-Season Contract.,GSW,1629646.0,charles-bassey,Signing 1148027
Signing,2026-04-04,Brooklyn Nets signed guard Malachi Smith to a Rest-of-Season Contract.,BRK,1641869.0,malachi-smith,Signing 1148019
Signing,2026-04-04,Boston Celtics re-signed guard Ron Harper Jr. to a Rest-of-Season Contract.,BOS,1631199.0,ron-harper-jr,Signing 1148021
Waive,2026-04-04,Atlanta Hawks waived guard Caleb Houstan.,ATL,1631216.0,caleb-houstan,Waive 1148020
Signing,2026-04-03,Memphis Grizzlies signed guard Dariq Whitehead to a 10-Day Contract.,MEM,1641727.0,dariq-whitehead,Signing 1147950
Signing,2026-04-03,Memphis Grizzlies signed forward Toby Okani to a 10-Day Contract.,MEM,1643253.0,toby-okani,Signing 1147951
Signing,2026-04-03,Utah Jazz signed guard Bez Mbeng to a Rest-of-Season Contract.,UTA,1643016.0,bez-mbeng,Signing 1147952
Signing,2026-04-02,Brooklyn Nets signed forward Trevon Scott to a 10-Day Contract.,BRK,1630286.0,trevon-scott,Signing 1147906
Signing,2026-04-01,Utah Jazz signed guard Kennedy Chandler to a 10-Day Contract.,UTA,1631113.0,kennedy-chandler,Signing 1147893
Signing,2026-03-31,Memphis Grizzlies signed guard Lucas Williamson to a 10-Day Contract.,MEM,1631351.0,lucas-williamson,Signing 1147883
Waive,2026-03-30,Chicago Bulls waived guard Jaden Ivey.,CHI,1631093.0,jaden-ivey,Waive 1147785
Signing,2026-03-28,Memphis Grizzlies signed guard Adama Bal to a 10-Day Contract.,MEM,1642380.0,adama-bal,Signing 1147703
Signing,2026-03-26,Sacramento Kings signed guard DaQuan Jeffries to a 10-Day Contract.,SAC,1629610.0,daquan-jeffries,Signing 1147586
Signing,2026-03-25,Brooklyn Nets signed guard Malachi Smith to a 10-Day Contract.,BRK,1641869.0,malachi-smith,Signing 1147575
Signing,2026-03-25,Boston Celtics signed center Charles Bassey to a 10-Day Contract.,BOS,1629646.0,charles-bassey,Signing 1147576
Signing,2026-03-25,Golden State Warriors signed center Omer Yurtseven to a 10-Day Contract.,GSW,1630209.0,omer-yurtseven,Signing 1147578
Signing,2026-03-23,Memphis Grizzlies signed forward Tyler Burton to a 10-Day Contract.,MEM,1631174.0,tyler-burton,Signing 1147490
Signing,2026-03-23,Memphis Grizzlies signed guard DeJon Jarreau to a 10-Day Contract.,MEM,1630610.0,dejon-jarreau,Signing 1147491
Signing,2026-03-23,Utah Jazz signed guard Bez Mbeng to a 10-Day Contract.,UTA,1643016.0,bez-mbeng,Signing 1147493
Signing,2026-03-23,Toronto Raptors signed guard Markelle Fultz to a 10-Day Contract.,TOR,1628365.0,markelle-fultz,Signing 1147496
Signing,2026-03-23,Milwaukee Bucks re-signed forward Pete Nance to a Rest-of-Season Contract.,MIL,1631250.0,pete-nance,Signing 1147545
Waive,2026-03-23,Milwaukee Bucks waived guard Cam Thomas.,MIL,1630560.0,cam-thomas,Waive 1147551
Signing,2026-03-21,Utah Jazz signed guard Kennedy Chandler to a 10-Day Contract.,UTA,1631113.0,kennedy-chandler,Signing 1147400
Signing,2026-03-20,Orlando Magic re-signed forward Jamal Cain to a Rest-of-Season Contract.,ORL,1631288.0,jamal-cain,Signing 1147389
Signing,2026-03-15,Golden State Warriors signed center Omer Yurtseven to a 10-Day Contract.,GSW,1630209.0,omer-yurtseven,Signing 1147102
Signing,2026-03-15,Sacramento Kings signed guard Killian Hayes to a Rest-of-Season Contract.,SAC,1630165.0,killian-hayes,Signing 1147103
Signing,2026-03-15,Boston Celtics signed center Charles Bassey to a 10-Day Contract.,BOS,1629646.0,charles-bassey,Signing 1147113
Signing,2026-03-15,Boston Celtics re-signed guard Max Shulga to a Rest-of-Season Contract.,BOS,1642917.0,max-shulga,Signing 1147114
Signing,2026-03-14,Brooklyn Nets signed guard Malachi Smith to a 10-Day Contract.,BRK,1641869.0,malachi-smith,Signing 1147096
Signing,2026-03-13,Utah Jazz signed guard Bez Mbeng to a 10-Day Contract.,UTA,1643016.0,bez-mbeng,Signing 1147036
Signing,2026-03-13,Memphis Grizzlies signed guard DeJon Jarreau to a 10-Day Contract.,MEM,1630610.0,dejon-jarreau,Signing 1147037
Signing,2026-03-12,Memphis Grizzlies signed forward Tyler Burton to a 10-Day Contract.,MEM,1631174.0,tyler-burton,Signing 1146960
Signing,2026-03-11,Utah Jazz signed forward Andersson Garcia to a 10-Day Contract.,UTA,1643158.0,andersson-garcia,Signing 1146921
Waive,2026-03-09,Utah Jazz waived guard Vince Williams Jr..,UTA,1631246.0,vince-williams-jr,Waive 1146817
Signing,2026-03-08,Utah Jazz signed center Mo Bamba to a 10-Day Contract.,UTA,1628964.0,mo-bamba,Signing 1146802
Signing,2026-03-05,Denver Nuggets signed guard Tyus Jones to a Rest-of-Season Contract.,DEN,1626145.0,tyus-jones,Signing 1146570
Signing,2026-03-05,Sacramento Kings signed guard Killian Hayes to a 10-Day Contract.,SAC,1630165.0,killian-hayes,Signing 1146581
Signing,2026-03-04,Atlanta Hawks signed guard Keshon Gilbert to a Two-Way Contract.,ATL,1642933.0,keshon-gilbert,Signing 1146535
Signing,2026-03-04,Memphis Grizzlies re-signed forward Olivier-Maxence Prosper to a Rest-of-Season Contract.,MEM,1641765.0,olivier-maxence-prosper,Signing 1146537
Signing,2026-03-04,Memphis Grizzlies signed guard Rayan Rupert to a Two-Way Contract.,MEM,1641712.0,rayan-rupert,Signing 1146538
Signing,2026-03-04,New Orleans Pelicans signed center Josh Oduro to a Two-Way Contract.,NOP,1642490.0,josh-oduro,Signing 1146539
Signing,2026-03-04,Denver Nuggets signed forward David Roddy to a Two-Way Contract.,DEN,1631223.0,david-roddy,Signing 1146569
Waive,2026-03-04,Denver Nuggets waived guard Tamar Bates.,DEN,1642926.0,tamar-bates,Waive 1146544
Signing,2026-03-03,Portland Trail Blazers signed guard Chris Youngblood to a Two-Way Contract.,POR,1642959.0,chris-youngblood,Signing 1146455
Signing,2026-03-03,Portland Trail Blazers signed forward Jayson Kent to a Two-Way Contract.,POR,1643257.0,jayson-kent,Signing 1146456
Signing,2026-03-03,Cleveland Cavaliers signed center Olivier Sarr to a Two-Way Contract.,CLE,1630846.0,olivier-sarr,Signing 1146534
Waive,2026-03-03,Cleveland Cavaliers waived guard Darius Brown.,CLE,1642468.0,darius-brown,Waive 1146465
Signing,2026-03-02,Phoenix Suns re-signed guard Jamaree Bouyea to a Rest-of-Season Contract.,PHO,1631123.0,jamaree-bouyea,Signing 1146226
Signing,2026-03-02,Oklahoma City Thunder signed forward Payton Sandfort to a Two-Way Contract.,OKC,1642362.0,payton-sandfort,Signing 1146228
Signing,2026-03-02,Phoenix Suns signed forward CJ Huntley to a Two-Way Contract.,PHO,1643047.0,cj-huntley,Signing 1146253
Waive,2026-03-02,Oklahoma City Thunder waived forward Buddy Boeheim.,OKC,1631205.0,buddy-boeheim,Waive 1146268
Waive,2026-03-02,Portland Trail Blazers waived guard Javonte Cooke.,POR,1631451.0,javonte-cooke,Waive 1146269
Signing,2026-03-01,Boston Celtics signed guard John Tonje to a Two-Way Contract.,BOS,1642910.0,john-tonje,Signing 1146199
Signing,2026-03-01,Minnesota Timberwolves signed guard Zyon Pullin to a Two-Way Contract.,MIN,1642389.0,zyon-pullin,Signing 1146200
Signing,2026-03-01,Minnesota Timberwolves signed forward Kyle Anderson to a Rest-of-Season Contract.,MIN,203937.0,kyle-anderson,Signing 1146225
Signing,2026-02-28,Golden State Warriors re-signed forward Gui Santos to a Veteran Extension.,GSW,1630611.0,gui-santos,Signing 1146161
Signing,2026-02-28,Washington Wizards signed forward Julian Reese to a Two-Way Contract.,WAS,1642882.0,julian-reese,Signing 1146163
Signing,2026-02-28,Indiana Pacers re-signed guard Quenton Jackson to a Rest-of-Season Contract.,IND,1631245.0,quenton-jackson,Signing 1146164
Signing,2026-02-28,Indiana Pacers signed forward Jalen Slawson to a Two-Way Contract.,IND,1641771.0,jalen-slawson,Signing 1146165
Signing,2026-02-28,Dallas Mavericks re-signed guard Ryan Nembhard to a Rest-of-Season Contract.,DAL,1642948.0,ryan-nembhard,Signing 1146193
Signing,2026-02-28,Dallas Mavericks signed guard John Poulakidas to a Two-Way Contract.,DAL,1642967.0,john-poulakidas,Signing 1146194
Signing,2026-02-28,Dallas Mavericks signed forward Tyler Smith to a Two-Way Contract.,DAL,1641890.0,tyler-smith,Signing 1146198
Waive,2026-02-28,Dallas Mavericks waived guard Tyus Jones.,DAL,1626145.0,tyus-jones,Waive 1146171
Waive,2026-02-28,Minnesota Timberwolves waived guard Jules Bernard.,MIN,1631262.0,jules-bernard,Waive 1146172
Waive,2026-02-28,Dallas Mavericks waived guard Miles Kelly.,DAL,1642939.0,miles-kelly,Waive 1146203
Signing,2026-02-27,Brooklyn Nets signed forward Grant Nelson to a 10-Day Contract.,BRK,1641761.0,grant-nelson,Signing 1146114
Signing,2026-02-27,San Antonio Spurs signed forward Mason Plumlee to a Rest-of-Season Contract.,SAS,203486.0,mason-plumlee,Signing 1146125
Waive,2026-02-27,Phoenix Suns waived guard Cole Anthony.,PHO,1630175.0,cole-anthony,Waive 1146131
Signing,2026-02-26,Washington Wizards re-signed forward Jamir Watkins to a Rest-of-Season Contract.,WAS,1642364.0,jamir-watkins,Signing 1146092
Signing,2026-02-26,Utah Jazz signed center Mo Bamba to a 10-Day Contract.,UTA,1628964.0,mo-bamba,Signing 1146094
Signing,2026-02-26,Milwaukee Bucks signed guard Cormac Ryan to a Two-Way Contract.,MIL,1642504.0,cormac-ryan,Signing 1146096
Signing,2026-02-26,Memphis Grizzlies signed forward Taj Gibson to a Rest-of-Season Contract.,MEM,201959.0,taj-gibson,Signing 1146113
Waive,2026-02-26,Memphis Grizzlies waived forward Kyle Anderson.,MEM,203937.0,kyle-anderson,Waive 1146134
Signing,2026-02-25,Minnesota Timberwolves signed guard Jules Bernard to a Two-Way Contract.,MIN,1631262.0,jules-bernard,Signing 1146069
Signing,2026-02-23,Sacramento Kings signed guard Killian Hayes to a 10-Day Contract.,SAC,1630165.0,killian-hayes,Signing 1145879
Signing,2026-02-23,San Antonio Spurs signed forward Emanuel Miller to a Two-Way Contract.,SAS,1641801.0,emanuel-miller,Signing 1145880
Waive,2026-02-23,San Antonio Spurs waived guard Stanley Umude.,SAS,1630649.0,stanley-umude,Waive 1145886
Signing,2026-02-22,Sacramento Kings signed forward Patrick Baldwin Jr. to a Two-Way Contract.,SAC,1631116.0,patrick-baldwin-jr,Signing 1145851
Signing,2026-02-22,Memphis Grizzlies signed guard Rayan Rupert to a 10-Day Contract.,MEM,1641712.0,rayan-rupert,Signing 1145858
Signing,2026-02-21,Washington Wizards re-signed forward Tristan Vukcevic to a Rest-of-Season Contract.,WAS,1641774.0,tristan-vukcevic,Signing 1145862
Signing,2026-02-21,Washington Wizards signed forward Leaky Black to a Two-Way Contract.,WAS,1641778.0,leaky-black,Signing 1145863
Signing,2026-02-20,Portland Trail Blazers re-signed guard Sidy Cissoko to a Rest-of-Season Contract.,POR,1631321.0,sidy-cissoko,Signing 1145786
Signing,2026-02-20,Cleveland Cavaliers signed guard Darius Brown to a Two-Way Contract.,CLE,1642468.0,darius-brown,Signing 1145792
Signing,2026-02-20,New Orleans Pelicans re-signed guard Bryce McGowens to a Rest-of-Season Contract.,NOP,1631121.0,bryce-mcgowens,Signing 1145795
Signing,2026-02-20,LA Clippers signed forward Norchad Omier to a Two-Way Contract.,LAC,1641807.0,norchad-omier,Signing 1145803
Waive,2026-02-20,Portland Trail Blazers waived guard Rayan Rupert.,POR,1641712.0,rayan-rupert,Waive 1145852
ContractConverted,2026-02-19,Denver Nuggets converted the contract of forward Spencer Jones to an NBA Contract.,DEN,1642461.0,spencer-jones,ContractConverted 1145721
ContractConverted,2026-02-19,Atlanta Hawks converted the contract of guard Caleb Houstan to an NBA Contract.,ATL,1631216.0,caleb-houstan,ContractConverted 1145722
Signing,2026-02-19,Philadelphia 76ers re-signed forward Jabari Walker to a Rest-of-Season Contract.,PHI,1631133.0,jabari-walker,Signing 1145716
Signing,2026-02-19,Philadelphia 76ers signed forward Tyrese Martin to a Two-Way Contract.,PHI,1631213.0,tyrese-martin,Signing 1145717
Signing,2026-02-19,Boston Celtics re-signed guard John Tonje to a 10-Day Contract.,BOS,1642910.0,john-tonje,Signing 1145737
Signing,2026-02-19,Denver Nuggets signed guard KJ Simpson to a Two-Way Contract.,DEN,1642354.0,kj-simpson,Signing 1145738
Signing,2026-02-19,Boston Celtics signed forward Dalano Banton to a 10-Day Contract.,BOS,1630625.0,dalano-banton,Signing 1145746
Signing,2026-02-19,LA Clippers signed guard Sean Pedulla to a Two-Way Contract.,LAC,1642951.0,sean-pedulla,Signing 1145748
Waive,2026-02-19,Cleveland Cavaliers waived forward Emanuel Miller.,CLE,1641801.0,emanuel-miller,Waive 1145855
Signing,2026-02-18,Philadelphia 76ers signed guard Cameron Payne to a Rest-of-Season Contract.,PHI,1626166.0,cameron-payne,Signing 1145567
Signing,2026-02-18,Miami Heat re-signed forward Myron Gardner to a Rest-of-Season Contract.,MIA,1642066.0,myron-gardner,Signing 1145569
Signing,2026-02-18,Miami Heat signed guard Trevor Keels to a Two-Way Contract.,MIA,1631211.0,trevor-keels,Signing 1145573
Signing,2026-02-18,LA Clippers re-signed guard Jordan Miller to a Rest-of-Season Contract.,LAC,1641757.0,jordan-miller,Signing 1145582
Signing,2026-02-18,Phoenix Suns signed forward Haywood Highsmith to a Rest-of-Season Contract.,PHO,1629312.0,haywood-highsmith,Signing 1145590
Waive,2026-02-18,Atlanta Hawks waived guard Nikola Djurisic.,ATL,1642365.0,nikola-djurisic,Waive 1145584
Waive,2026-02-18,Minnesota Timberwolves waived guard Johnny Juzang.,MIN,1630548.0,johnny-juzang,Waive 1145585
Signing,2026-02-17,Minnesota Timberwolves signed guard Mike Conley to a Rest-of-Season Contract.,MIN,201144.0,mike-conley,Signing 1145305
Signing,2026-02-17,Golden State Warriors signed guard Nate Williams to a Two-Way Contract.,GSW,1631466.0,nate-williams,Signing 1145409
Signing,2026-02-17,Orlando Magic signed guard Alex Morales to a Two-Way Contract.,ORL,1631457.0,alex-morales,Signing 1145418
Signing,2026-02-17,San Antonio Spurs signed forward Mason Plumlee to a 10-Day Contract.,SAS,203486.0,mason-plumlee,Signing 1145423
Waive,2026-02-17,Orlando Magic waived center Orlando Robinson.,ORL,1631115.0,orlando-robinson,Waive 1145417
Signing,2026-02-16,Washington Wizards signed guard Alondes Williams to a 10-Day Contract.,WAS,1631214.0,alondes-williams,Signing 1145181
Signing,2026-02-13,New York Knicks signed forward Jeremy Sochan to a Rest-of-Season Contract.,NYK,1631110.0,jeremy-sochan,Signing 1145151
Signing,2026-02-13,Cleveland Cavaliers signed forward Riley Minix to a Two-Way Contract.,CLE,1642434.0,riley-minix,Signing 1145152
Waive,2026-02-13,Toronto Raptors waived guard Chris Paul.,TOR,101108.0,chris-paul,Waive 1145150
Signing,2026-02-11,Washington Wizards signed guard Kadary Richmond to a 10-Day Contract.,WAS,1642955.0,kadary-richmond,Signing 1145092
Signing,2026-02-11,Cleveland Cavaliers re-signed forward Nae'Qwan Tomlin to a Rest-of-Season Contract.,CLE,1641772.0,naeqwan-tomlin,Signing 1145104
Waive,2026-02-11,San Antonio Spurs waived forward Jeremy Sochan.,SAS,1631110.0,jeremy-sochan,Waive 1145113
Signing,2026-02-10,Philadelphia 76ers signed forward Dalen Terry to a Two-Way Contract.,PHI,1631207.0,dalen-terry,Signing 1145085
Signing,2026-02-09,Charlotte Hornets signed guard Pat Connaughton to a Rest-of-Season Contract.,CHO,1626192.0,pat-connaughton,Signing 1145025
Signing,2026-02-09,Detroit Pistons re-signed guard Daniss Jenkins to a Rest-of-Season Contract.,DET,1642450.0,daniss-jenkins,Signing 1145037
Signing,2026-02-09,Memphis Grizzlies signed center Lawson Lovering to a 10-Day Contract.,MEM,1643133.0,lawson-lovering,Signing 1145049
Signing,2026-02-09,Utah Jazz signed forward Blake Hinson to a Two-Way Contract.,UTA,1642396.0,blake-hinson,Signing 1145077
Signing,2026-02-09,Detroit Pistons signed forward Isaac Jones to a Two-Way Contract.,DET,1642403.0,isaac-jones,Signing 1145078
Waive,2026-02-09,Charlotte Hornets waived forward Malaki Branham.,CHO,1631103.0,malaki-branham,Waive 1145058
Waive,2026-02-09,Detroit Pistons waived forward Dario Saric.,DET,203967.0,dario-saric,Waive 1145059
Signing,2026-02-08,Los Angeles Lakers signed guard Kobe Bufkin to a Rest-of-Season Contract.,LAL,1641723.0,kobe-bufkin,Signing 1145021
Signing,2026-02-08,Milwaukee Bucks signed guard Cam Thomas to a Rest-of-Season Contract.,MIL,1630560.0,cam-thomas,Signing 1145022
Waive,2026-02-08,Washington Wizards waived guard Dante Exum.,WAS,203957.0,dante-exum,Waive 1145020
ContractConverted,2026-02-07,Golden State Warriors converted the contract of guard Pat Spencer to an NBA Contract.,GSW,1630311.0,pat-spencer,ContractConverted 1144960
Signing,2026-02-07,LA Clippers signed forward Dalano Banton to a 10-Day Contract.,LAC,1630625.0,dalano-banton,Signing 1144988
Signing,2026-02-07,LA Clippers re-signed guard Kobe Sanders to a Rest-of-Season Contract.,LAC,1642920.0,kobe-sanders,Signing 1144993
Signing,2026-02-06,Oklahoma City Thunder signed forward Buddy Boeheim to a Two-Way Contract.,OKC,1631205.0,buddy-boeheim,Signing 1144911
Signing,2026-02-06,Washington Wizards signed guard Keshon Gilbert to a 10-Day Contract.,WAS,1642933.0,keshon-gilbert,Signing 1144918
Signing,2026-02-06,Charlotte Hornets signed forward Tosan Evbuomwan to a Two-Way Contract.,CHO,1641787.0,tosan-evbuomwan,Signing 1144924
Signing,2026-02-06,Orlando Magic signed guard Jevon Carter to a Rest-of-Season Contract.,ORL,1628975.0,jevon-carter,Signing 1144957
Waive,2026-02-06,Milwaukee Bucks waived forward Nigel Hayes-Davis.,MIL,1628502.0,nigel-hayes-davis,Waive 1144928
Waive,2026-02-06,New Orleans Pelicans waived forward Dalen Terry.,NOP,1631207.0,dalen-terry,Waive 1144929
Waive,2026-02-06,Charlotte Hornets waived guard KJ Simpson.,CHO,1642354.0,kj-simpson,Waive 1144930
Waive,2026-02-06,Oklahoma City Thunder waived guard Chris Youngblood.,OKC,1642959.0,chris-youngblood,Waive 1144931
Waive,2026-02-06,Memphis Grizzlies waived guard Eric Gordon.,MEM,201569.0,eric-gordon,Waive 1144932
Signing,2026-02-05,Chicago Bulls signed guard Mac McClung to a Two-Way Contract.,CHI,1630644.0,mac-mcclung,Signing 1144702
Signing,2026-02-05,Boston Celtics re-signed forward Amari Williams to a Rest-of-Season Contract.,BOS,1642873.0,amari-williams,Signing 1144717
Signing,2026-02-05,Philadelphia 76ers signed center Charles Bassey to a 10-Day Contract.,PHI,1629646.0,charles-bassey,Signing 1144725
Signing,2026-02-05,Philadelphia 76ers signed forward Patrick Baldwin Jr. to a 10-Day Contract.,PHI,1631116.0,patrick-baldwin-jr,Signing 1144746
Signing,2026-02-05,Sacramento Kings re-signed center Dylan Cardwell to a Rest-of-Season Contract.,SAC,1642928.0,dylan-cardwell,Signing 1144794
Signing,2026-02-05,Philadelphia 76ers re-signed forward Dominick Barlow to a Rest-of-Season Contract.,PHI,1631230.0,dominick-barlow,Signing 1144795
Trade,2026-02-05,Atlanta Hawks received center Jock Landale from Utah Jazz.,ATL,1629111.0,jock-landale,Trade 2025031
Trade,2026-02-05,Brooklyn Nets received guard Ochai Agbaji from Toronto Raptors.,BRK,1630534.0,ochai-agbaji,Trade 2025032
Trade,2026-02-05,Brooklyn Nets received draft consideration from Toronto Raptors.,BRK,0.0,,Trade 2025032
Trade,2026-02-05,Toronto Raptors received guard Chris Paul from LA Clippers.,TOR,101108.0,chris-paul,Trade 2025032
Trade,2026-02-05,Utah Jazz received guard Lonzo Ball from Cleveland Cavaliers.,UTA,1628366.0,lonzo-ball,Trade 2025033
Trade,2026-02-05,Utah Jazz received draft consideration from Cleveland Cavaliers.,UTA,0.0,,Trade 2025033
Trade,2026-02-05,Boston Celtics received center Nikola Vucevic from Chicago Bulls.,BOS,202696.0,nikola-vucevic,Trade 2025034
Trade,2026-02-05,Boston Celtics received draft consideration from Chicago Bulls.,BOS,0.0,,Trade 2025034
Trade,2026-02-05,Chicago Bulls received guard Anfernee Simons from Boston Celtics.,CHI,1629014.0,anfernee-simons,Trade 2025034
Trade,2026-02-05,Chicago Bulls received draft consideration from Boston Celtics.,CHI,0.0,,Trade 2025034
Trade,2026-02-05,Utah Jazz received forward Chris Boucher from Boston Celtics.,UTA,1628449.0,chris-boucher,Trade 2025035
Trade,2026-02-05,Utah Jazz received draft consideration from Boston Celtics.,UTA,0.0,,Trade 2025035
Trade,2026-02-05,Chicago Bulls received forward Guerschon Yabusele from New York Knicks.,CHI,1627824.0,guerschon-yabusele,Trade 2025036
Trade,2026-02-05,New York Knicks received forward Dalen Terry from Chicago Bulls.,NYK,1631207.0,dalen-terry,Trade 2025036
Trade,2026-02-05,Memphis Grizzlies received guard Eric Gordon from Philadelphia 76ers.,MEM,201569.0,eric-gordon,Trade 2025037
Trade,2026-02-05,Memphis Grizzlies received draft consideration from Philadelphia 76ers.,MEM,0.0,,Trade 2025037
Trade,2026-02-05,Atlanta Hawks received forward Jonathan Kuminga from Golden State Warriors.,ATL,1630228.0,jonathan-kuminga,Trade 2025038
Trade,2026-02-05,Atlanta Hawks received guard Buddy Hield from Golden State Warriors.,ATL,1627741.0,buddy-hield,Trade 2025038
Trade,2026-02-05,Golden State Warriors received forward Kristaps Porzingis from Atlanta Hawks.,GSW,204001.0,kristaps-porzingis,Trade 2025038
Trade,2026-02-05,Dallas Mavericks received guard AJ Johnson from Washington Wizards.,DAL,1642358.0,aj-johnson,Trade 2025039
Trade,2026-02-05,Dallas Mavericks received forward Marvin Bagley III from Washington Wizards.,DAL,1628963.0,marvin-bagley-iii,Trade 2025039
Trade,2026-02-05,Dallas Mavericks received forward Khris Middleton from Washington Wizards.,DAL,203114.0,khris-middleton,Trade 2025039
Trade,2026-02-05,Dallas Mavericks received draft consideration from Washington Wizards.,DAL,0.0,,Trade 2025039
Trade,2026-02-05,Dallas Mavericks received guard Tyus Jones from Charlotte Hornets.,DAL,1626145.0,tyus-jones,Trade 2025039
Trade,2026-02-05,Washington Wizards received guard Jaden Hardy from Dallas Mavericks.,WAS,1630702.0,jaden-hardy,Trade 2025039
Trade,2026-02-05,Washington Wizards received guard D'Angelo Russell from Dallas Mavericks.,WAS,1626156.0,dangelo-russell,Trade 2025039
Trade,2026-02-05,Washington Wizards received guard Dante Exum from Dallas Mavericks.,WAS,203957.0,dante-exum,Trade 2025039
Trade,2026-02-05,Washington Wizards received forward Anthony Davis from Dallas Mavericks.,WAS,203076.0,anthony-davis,Trade 2025039
Trade,2026-02-05,Charlotte Hornets received forward Malaki Branham from Washington Wizards.,CHO,1631103.0,malaki-branham,Trade 2025039
Trade,2026-02-05,LA Clippers received guard Bennedict Mathurin from Indiana Pacers.,LAC,1631097.0,bennedict-mathurin,Trade 2025040
Trade,2026-02-05,LA Clippers received forward Isaiah Jackson from Indiana Pacers.,LAC,1630543.0,isaiah-jackson,Trade 2025040
Trade,2026-02-05,LA Clippers received draft consideration from Indiana Pacers.,LAC,0.0,,Trade 2025040
Trade,2026-02-05,Indiana Pacers received forward Kobe Brown from LA Clippers.,IND,1641738.0,kobe-brown,Trade 2025040
Trade,2026-02-05,Indiana Pacers received center Ivica Zubac from LA Clippers.,IND,1627826.0,ivica-zubac,Trade 2025040
Trade,2026-02-05,Atlanta Hawks received guard Gabe Vincent from Los Angeles Lakers.,ATL,1629216.0,gabe-vincent,Trade 2025041
Trade,2026-02-05,Atlanta Hawks received draft consideration from Los Angeles Lakers.,ATL,0.0,,Trade 2025041
Trade,2026-02-05,Los Angeles Lakers received guard Luke Kennard from Atlanta Hawks.,LAL,1628379.0,luke-kennard,Trade 2025041
Trade,2026-02-05,Chicago Bulls received guard Rob Dillingham from Minnesota Timberwolves.,CHI,1642265.0,rob-dillingham,Trade 2025042
Trade,2026-02-05,Chicago Bulls received forward Leonard Miller from Minnesota Timberwolves.,CHI,1631159.0,leonard-miller,Trade 2025042
Trade,2026-02-05,Chicago Bulls received draft consideration from Minnesota Timberwolves.,CHI,0.0,,Trade 2025042
Trade,2026-02-05,Minnesota Timberwolves received forward Julian Phillips from Chicago Bulls.,MIN,1641763.0,julian-phillips,Trade 2025042
Trade,2026-02-05,Minnesota Timberwolves received guard Ayo Dosunmu from Chicago Bulls.,MIN,1630245.0,ayo-dosunmu,Trade 2025042
Trade,2026-02-05,Golden State Warriors received draft consideration from Toronto Raptors.,GSW,0.0,,Trade 2025043
Trade,2026-02-05,Toronto Raptors received forward Trayce Jackson-Davis from Golden State Warriors.,TOR,1631218.0,trayce-jackson-davis,Trade 2025043
Trade,2026-02-05,New Orleans Pelicans received forward Dalen Terry from New York Knicks.,NOP,1631207.0,dalen-terry,Trade 2025044
Trade,2026-02-05,New Orleans Pelicans received draft consideration from New York Knicks.,NOP,0.0,,Trade 2025044
Trade,2026-02-05,New York Knicks received guard Jose Alvarado from New Orleans Pelicans.,NYK,1630631.0,jose-alvarado,Trade 2025044
Trade,2026-02-05,Chicago Bulls received center Nick Richards from Phoenix Suns.,CHI,1630208.0,nick-richards,Trade 2025045
Trade,2026-02-05,Milwaukee Bucks received forward Ousmane Dieng from Chicago Bulls.,MIL,1631172.0,ousmane-dieng,Trade 2025045
Trade,2026-02-05,Milwaukee Bucks received forward Nigel Hayes-Davis from Phoenix Suns.,MIL,1628502.0,nigel-hayes-davis,Trade 2025045
Trade,2026-02-05,Phoenix Suns received guard Cole Anthony from Milwaukee Bucks.,PHO,1630175.0,cole-anthony,Trade 2025045
Trade,2026-02-05,Phoenix Suns received guard Amir Coffey from Milwaukee Bucks.,PHO,1629599.0,amir-coffey,Trade 2025045
Trade,2026-02-05,Brooklyn Nets received forward Josh Minott from Boston Celtics.,BRK,1631169.0,josh-minott,Trade 2025046
Trade,2026-02-05,Denver Nuggets received draft consideration from Brooklyn Nets.,DEN,0.0,,Trade 2025047
Trade,2026-02-05,Brooklyn Nets received forward Hunter Tyson from Denver Nuggets.,BRK,1641816.0,hunter-tyson,Trade 2025047
Trade,2026-02-05,Brooklyn Nets received draft consideration from Denver Nuggets.,BRK,0.0,,Trade 2025047
Trade,2026-02-05,Boston Celtics received draft consideration from Charlotte Hornets.,BOS,0.0,,Trade 2025048
Trade,2026-02-05,Charlotte Hornets received forward Xavier Tillman from Boston Celtics.,CHO,1630214.0,xavier-tillman,Trade 2025048
Waive,2026-02-05,Atlanta Hawks waived center Duop Reath.,ATL,1641871.0,duop-reath,Waive 1144737
Waive,2026-02-05,Brooklyn Nets waived forward Haywood Highsmith.,BRK,1629312.0,haywood-highsmith,Waive 1144738
Waive,2026-02-05,Memphis Grizzlies waived forward Georges Niang.,MEM,1627777.0,georges-niang,Waive 1144740
Waive,2026-02-05,Utah Jazz waived guard Lonzo Ball.,UTA,1628366.0,lonzo-ball,Waive 1144742
Waive,2026-02-05,Utah Jazz waived forward Chris Boucher.,UTA,1628449.0,chris-boucher,Waive 1144743
Waive,2026-02-05,Charlotte Hornets waived guard Mike Conley.,CHO,201144.0,mike-conley,Waive 1144745
Waive,2026-02-05,Brooklyn Nets waived guard Cam Thomas.,BRK,1630560.0,cam-thomas,Waive 1144933
Waive,2026-02-05,Brooklyn Nets waived forward Tyrese Martin.,BRK,1631213.0,tyrese-martin,Waive 1144934
Waive,2026-02-05,Brooklyn Nets waived forward Hunter Tyson.,BRK,1641816.0,hunter-tyson,Waive 1144935
Waive,2026-02-05,Atlanta Hawks waived center N'Faly Dante.,ATL,1642368.0,nfaly-dante,Waive 1144936
Trade,2026-02-04,Oklahoma City Thunder received forward Mason Plumlee from Charlotte Hornets.,OKC,203486.0,mason-plumlee,Trade 2025025
Trade,2026-02-04,Charlotte Hornets received forward Ousmane Dieng from Oklahoma City Thunder.,CHO,1631172.0,ousmane-dieng,Trade 2025025
Trade,2026-02-04,Charlotte Hornets received draft consideration from Oklahoma City Thunder.,CHO,0.0,,Trade 2025025
Trade,2026-02-04,Cleveland Cavaliers received guard James Harden from LA Clippers.,CLE,201935.0,james-harden,Trade 2025026
Trade,2026-02-04,LA Clippers received guard Darius Garland from Cleveland Cavaliers.,LAC,1629636.0,darius-garland,Trade 2025026
Trade,2026-02-04,LA Clippers received draft consideration from Cleveland Cavaliers.,LAC,0.0,,Trade 2025026
Trade,2026-02-04,Philadelphia 76ers received draft consideration from Oklahoma City Thunder.,PHI,0.0,,Trade 2025028
Trade,2026-02-04,Oklahoma City Thunder received guard Jared McCain from Philadelphia 76ers.,OKC,1642272.0,jared-mccain,Trade 2025028
Trade,2026-02-04,Charlotte Hornets received guard Tyus Jones from Orlando Magic.,CHO,1626145.0,tyus-jones,Trade 2025029
Trade,2026-02-04,Charlotte Hornets received draft consideration from Orlando Magic.,CHO,0.0,,Trade 2025029
Trade,2026-02-04,Chicago Bulls received forward Ousmane Dieng from Charlotte Hornets.,CHI,1631172.0,ousmane-dieng,Trade 2025030
Trade,2026-02-04,Chicago Bulls received guard Collin Sexton from Charlotte Hornets.,CHI,1629012.0,collin-sexton,Trade 2025030
Trade,2026-02-04,Chicago Bulls received draft consideration from Charlotte Hornets.,CHI,0.0,,Trade 2025030
Trade,2026-02-04,Charlotte Hornets received guard Coby White from Chicago Bulls.,CHO,1629632.0,coby-white,Trade 2025030
Trade,2026-02-04,Charlotte Hornets received guard Mike Conley from Chicago Bulls.,CHO,201144.0,mike-conley,Trade 2025030
Waive,2026-02-04,Charlotte Hornets waived guard Pat Connaughton.,CHO,1626192.0,pat-connaughton,Waive 1144739
Waive,2026-02-04,Oklahoma City Thunder waived forward Mason Plumlee.,OKC,203486.0,mason-plumlee,Waive 1144741
Trade,2026-02-03,Utah Jazz received guard Vince Williams Jr. from Memphis Grizzlies.,UTA,1631246.0,vince-williams-jr,Trade 2025022
Trade,2026-02-03,Utah Jazz received guard John Konchar from Memphis Grizzlies.,UTA,1629723.0,john-konchar,Trade 2025022
Trade,2026-02-03,Utah Jazz received center Jock Landale from Memphis Grizzlies.,UTA,1629111.0,jock-landale,Trade 2025022
Trade,2026-02-03,Utah Jazz received forward Jaren Jackson Jr. from Memphis Grizzlies.,UTA,1628991.0,jaren-jackson-jr,Trade 2025022
Trade,2026-02-03,Memphis Grizzlies received guard Walter Clayton Jr. from Utah Jazz.,MEM,1642383.0,walter-clayton-jr,Trade 2025022
Trade,2026-02-03,Memphis Grizzlies received forward Taylor Hendricks from Utah Jazz.,MEM,1641707.0,taylor-hendricks,Trade 2025022
Trade,2026-02-03,Memphis Grizzlies received forward Georges Niang from Utah Jazz.,MEM,1627777.0,georges-niang,Trade 2025022
Trade,2026-02-03,Memphis Grizzlies received forward Kyle Anderson from Utah Jazz.,MEM,203937.0,kyle-anderson,Trade 2025022
Trade,2026-02-03,Memphis Grizzlies received draft consideration from Utah Jazz.,MEM,0.0,,Trade 2025022
Trade,2026-02-03,Chicago Bulls received guard Mike Conley from Minnesota Timberwolves.,CHI,201144.0,mike-conley,Trade 2025023
Trade,2026-02-03,Chicago Bulls received guard Jaden Ivey from Detroit Pistons.,CHI,1631093.0,jaden-ivey,Trade 2025023
Trade,2026-02-03,Detroit Pistons received guard Kevin Huerter from Chicago Bulls.,DET,1628989.0,kevin-huerter,Trade 2025023
Trade,2026-02-03,Detroit Pistons received forward Dario Saric from Chicago Bulls.,DET,203967.0,dario-saric,Trade 2025023
Trade,2026-02-03,Detroit Pistons received draft consideration from Minnesota Timberwolves.,DET,0.0,,Trade 2025023
Waive,2026-02-03,Detroit Pistons waived forward Isaac Jones.,DET,1642403.0,isaac-jones,Waive 1144644
Trade,2026-02-01,Cleveland Cavaliers received guard Keon Ellis from Sacramento Kings.,CLE,1631165.0,keon-ellis,Trade 2025020
Trade,2026-02-01,Cleveland Cavaliers received guard Dennis Schroder from Sacramento Kings.,CLE,203471.0,dennis-schroder,Trade 2025020
Trade,2026-02-01,Chicago Bulls received draft consideration from Cleveland Cavaliers.,CHI,0.0,,Trade 2025020
Trade,2026-02-01,Chicago Bulls received forward Dario Saric from Sacramento Kings.,CHI,203967.0,dario-saric,Trade 2025020
Trade,2026-02-01,Chicago Bulls received draft consideration from Sacramento Kings.,CHI,0.0,,Trade 2025020
Trade,2026-02-01,Sacramento Kings received forward De'Andre Hunter from Cleveland Cavaliers.,SAC,1629631.0,deandre-hunter,Trade 2025020
Trade,2026-02-01,Atlanta Hawks received center Duop Reath from Portland Trail Blazers.,ATL,1641871.0,duop-reath,Trade 2025021
Trade,2026-02-01,Atlanta Hawks received draft consideration from Portland Trail Blazers.,ATL,0.0,,Trade 2025021
Trade,2026-02-01,Portland Trail Blazers received guard Vit Krejci from Atlanta Hawks.,POR,1630249.0,vit-krejci,Trade 2025021
Waive,2026-02-01,Chicago Bulls waived guard Jevon Carter.,CHI,1628975.0,jevon-carter,Waive 1144356
Waive,2026-02-01,Cleveland Cavaliers waived forward Luke Travers.,CLE,1631247.0,luke-travers,Waive 1144357
Signing,2026-01-28,Cleveland Cavaliers signed forward Tristan Enaruna to a Two-Way Contract.,CLE,1642400.0,tristan-enaruna,Signing 1144291
Signing,2026-01-27,Washington Wizards signed forward Skal Labissiere to a 10-Day Contract.,WAS,1627746.0,skal-labissiere,Signing 1144237
Waive,2026-01-27,Cleveland Cavaliers waived forward Chris Livingston.,CLE,1641753.0,chris-livingston,Waive 1144248
Signing,2026-01-26,Philadelphia 76ers signed center Charles Bassey to a 10-Day Contract.,PHI,1629646.0,charles-bassey,Signing 1144081
Signing,2026-01-20,New York Knicks signed forward Dillon Jones to a Two-Way Contract.,NYK,1641794.0,dillon-jones,Signing 1143996
Signing,2026-01-19,Indiana Pacers signed center Tony Bradley to a 10-Day Contract.,IND,1628396.0,tony-bradley,Signing 1143947
Signing,2026-01-16,LA Clippers signed forward Patrick Baldwin Jr. to a 10-Day Contract.,LAC,1631116.0,patrick-baldwin-jr,Signing 1143746
Signing,2026-01-16,Atlanta Hawks signed center Christian Koloko to a Two-Way Contract.,ATL,1631132.0,christian-koloko,Signing 1143755
Signing,2026-01-15,Dallas Mavericks signed forward Jeremiah Robinson-Earl to a 10-Day Contract.,DAL,1630526.0,jeremiah-robinson-earl,Signing 1143722
Signing,2026-01-13,Los Angeles Lakers signed guard Kobe Bufkin to a 10-Day Contract.,LAL,1641723.0,kobe-bufkin,Signing 1143617
Trade,2026-01-09,Atlanta Hawks received forward Corey Kispert from Washington Wizards.,ATL,1630557.0,corey-kispert,Trade 2025019
Trade,2026-01-09,Atlanta Hawks received guard CJ McCollum from Washington Wizards.,ATL,203468.0,cj-mccollum,Trade 2025019
Trade,2026-01-09,Washington Wizards received guard Trae Young from Atlanta Hawks.,WAS,1629027.0,trae-young,Trade 2025019
Signing,2026-01-08,Indiana Pacers signed center Tony Bradley to a 10-Day Contract.,IND,1628396.0,tony-bradley,Signing 1143405
Waive,2026-01-07,New York Knicks waived forward Tosan Evbuomwan.,NYK,1641787.0,tosan-evbuomwan,Waive 1143327
Waive,2026-01-07,Milwaukee Bucks waived guard Mark Sears.,MIL,1641813.0,mark-sears,Waive 1143328
Waive,2026-01-07,Atlanta Hawks waived center Malik Williams.,ATL,1642013.0,malik-williams,Waive 1143329
Signing,2026-01-06,Chicago Bulls signed guard Yuki Kawamura to a Two-Way Contract.,CHI,1642530.0,yuki-kawamura,Signing 1143108
Waive,2026-01-06,Chicago Bulls waived forward Trentyn Flowers.,CHI,1642280.0,trentyn-flowers,Waive 1143112
Waive,2026-01-05,Indiana Pacers waived center Tony Bradley.,IND,1628396.0,tony-bradley,Waive 1143079
Waive,2026-01-05,Toronto Raptors waived center Mo Bamba.,TOR,1628964.0,mo-bamba,Waive 1143113
Signing,2026-01-03,Houston Rockets signed guard Tristen Newton to a Two-Way Contract.,HOU,1641803.0,tristen-newton,Signing 1143039
Waive,2026-01-03,Houston Rockets waived forward Tyler Smith.,HOU,1641890.0,tyler-smith,Waive 1143038
Signing,2026-01-02,Memphis Grizzlies signed center Christian Koloko to a 10-Day Contract.,MEM,1631132.0,christian-koloko,Signing 1143016
