event_id,game_date,season,home_team,away_team,source_team,game_key
bbr-ATL-1,"Wed, Oct 21, 2026",2026-27,ORL,ATL,ATL,"Wed, Oct 21, 2026|ORL|ATL"
bbr-ATL-2,"Fri, Oct 23, 2026",2026-27,CHO,ATL,ATL,"Fri, Oct 23, 2026|CHO|ATL"
bbr-ATL-3,"Sat, Oct 24, 2026",2026-27,ATL,HOU,ATL,"Sat, Oct 24, 2026|ATL|HOU"
bbr-ATL-4,"Mon, Oct 26, 2026",2026-27,HOU,ATL,ATL,"Mon, Oct 26, 2026|HOU|ATL"
bbr-ATL-5,"Wed, Oct 28, 2026",2026-27,ATL,MIA,ATL,"Wed, Oct 28, 2026|ATL|MIA"
bbr-ATL-6,"Thu, Oct 29, 2026",2026-27,ATL,CLE,ATL,"Thu, Oct 29, 2026|ATL|CLE"
bbr-ATL-7,"Sat, Oct 31, 2026",2026-27,NOP,ATL,ATL,"Sat, Oct 31, 2026|NOP|ATL"
bbr-ATL-8,"Mon, Nov 2, 2026",2026-27,IND,ATL,ATL,"Mon, Nov 2, 2026|IND|ATL"
bbr-ATL-9,"Wed, Nov 4, 2026",2026-27,WAS,ATL,ATL,"Wed, Nov 4, 2026|WAS|ATL"
bbr-ATL-10,"Fri, Nov 6, 2026",2026-27,ATL,WAS,ATL,"Fri, Nov 6, 2026|ATL|WAS"
bbr-ATL-11,"Sat, Nov 7, 2026",2026-27,ATL,BRK,ATL,"Sat, Nov 7, 2026|ATL|BRK"
bbr-ATL-12,"Mon, Nov 9, 2026",2026-27,ATL,LAL,ATL,"Mon, Nov 9, 2026|ATL|LAL"
bbr-ATL-13,"Fri, Nov 13, 2026",2026-27,CHI,ATL,ATL,"Fri, Nov 13, 2026|CHI|ATL"
bbr-ATL-14,"Sun, Nov 15, 2026",2026-27,MIL,ATL,ATL,"Sun, Nov 15, 2026|MIL|ATL"
bbr-ATL-15,"Wed, Nov 18, 2026",2026-27,OKC,ATL,ATL,"Wed, Nov 18, 2026|OKC|ATL"
bbr-ATL-16,"Fri, Nov 20, 2026",2026-27,ATL,CHO,ATL,"Fri, Nov 20, 2026|ATL|CHO"
bbr-ATL-17,"Sun, Nov 22, 2026",2026-27,ATL,DET,ATL,"Sun, Nov 22, 2026|ATL|DET"
bbr-ATL-18,"Fri, Nov 27, 2026",2026-27,BOS,ATL,ATL,"Fri, Nov 27, 2026|BOS|ATL"
bbr-ATL-19,"Sun, Nov 29, 2026",2026-27,NYK,ATL,ATL,"Sun, Nov 29, 2026|NYK|ATL"
bbr-ATL-20,"Tue, Dec 1, 2026",2026-27,MIA,ATL,ATL,"Tue, Dec 1, 2026|MIA|ATL"
bbr-ATL-21,"Thu, Dec 3, 2026",2026-27,ATL,IND,ATL,"Thu, Dec 3, 2026|ATL|IND"
bbr-ATL-22,"Sat, Dec 12, 2026",2026-27,POR,ATL,ATL,"Sat, Dec 12, 2026|POR|ATL"
bbr-ATL-23,"Mon, Dec 14, 2026",2026-27,PHO,ATL,ATL,"Mon, Dec 14, 2026|PHO|ATL"
bbr-ATL-24,"Thu, Dec 17, 2026",2026-27,DEN,ATL,ATL,"Thu, Dec 17, 2026|DEN|ATL"
bbr-ATL-25,"Sat, Dec 19, 2026",2026-27,ATL,ORL,ATL,"Sat, Dec 19, 2026|ATL|ORL"
bbr-ATL-26,"Sun, Dec 20, 2026",2026-27,ATL,OKC,ATL,"Sun, Dec 20, 2026|ATL|OKC"
bbr-ATL-27,"Wed, Dec 23, 2026",2026-27,ATL,DET,ATL,"Wed, Dec 23, 2026|ATL|DET"
bbr-ATL-28,"Sat, Dec 26, 2026",2026-27,ATL,CHO,ATL,"Sat, Dec 26, 2026|ATL|CHO"
bbr-ATL-29,"Sun, Dec 27, 2026",2026-27,SAS,ATL,ATL,"Sun, Dec 27, 2026|SAS|ATL"
bbr-ATL-30,"Tue, Dec 29, 2026",2026-27,ATL,CHI,ATL,"Tue, Dec 29, 2026|ATL|CHI"
bbr-ATL-31,"Thu, Dec 31, 2026",2026-27,ATL,MIL,ATL,"Thu, Dec 31, 2026|ATL|MIL"
bbr-ATL-32,"Sat, Jan 2, 2027",2026-27,ATL,DAL,ATL,"Sat, Jan 2, 2027|ATL|DAL"
bbr-ATL-33,"Mon, Jan 4, 2027",2026-27,PHI,ATL,ATL,"Mon, Jan 4, 2027|PHI|ATL"
bbr-ATL-34,"Tue, Jan 5, 2027",2026-27,CHO,ATL,ATL,"Tue, Jan 5, 2027|CHO|ATL"
bbr-ATL-35,"Thu, Jan 7, 2027",2026-27,ATL,IND,ATL,"Thu, Jan 7, 2027|ATL|IND"
bbr-ATL-36,"Sun, Jan 10, 2027",2026-27,ATL,SAS,ATL,"Sun, Jan 10, 2027|ATL|SAS"
bbr-ATL-37,"Mon, Jan 11, 2027",2026-27,WAS,ATL,ATL,"Mon, Jan 11, 2027|WAS|ATL"
bbr-ATL-38,"Wed, Jan 13, 2027",2026-27,ATL,CLE,ATL,"Wed, Jan 13, 2027|ATL|CLE"
bbr-ATL-39,"Fri, Jan 15, 2027",2026-27,ATL,GSW,ATL,"Fri, Jan 15, 2027|ATL|GSW"
bbr-ATL-40,"Mon, Jan 18, 2027",2026-27,ATL,PHI,ATL,"Mon, Jan 18, 2027|ATL|PHI"
bbr-ATL-41,"Wed, Jan 20, 2027",2026-27,ATL,POR,ATL,"Wed, Jan 20, 2027|ATL|POR"
bbr-ATL-42,"Fri, Jan 22, 2027",2026-27,ATL,NYK,ATL,"Fri, Jan 22, 2027|ATL|NYK"
bbr-ATL-43,"Sat, Jan 23, 2027",2026-27,MIA,ATL,ATL,"Sat, Jan 23, 2027|MIA|ATL"
bbr-ATL-44,"Tue, Jan 26, 2027",2026-27,DET,ATL,ATL,"Tue, Jan 26, 2027|DET|ATL"
bbr-ATL-45,"Thu, Jan 28, 2027",2026-27,NYK,ATL,ATL,"Thu, Jan 28, 2027|NYK|ATL"
bbr-ATL-46,"Sat, Jan 30, 2027",2026-27,MIL,ATL,ATL,"Sat, Jan 30, 2027|MIL|ATL"
bbr-ATL-47,"Mon, Feb 1, 2027",2026-27,ATL,WAS,ATL,"Mon, Feb 1, 2027|ATL|WAS"
bbr-ATL-48,"Wed, Feb 3, 2027",2026-27,IND,ATL,ATL,"Wed, Feb 3, 2027|IND|ATL"
bbr-ATL-49,"Fri, Feb 5, 2027",2026-27,ATL,BOS,ATL,"Fri, Feb 5, 2027|ATL|BOS"
bbr-ATL-50,"Sun, Feb 7, 2027",2026-27,ATL,DEN,ATL,"Sun, Feb 7, 2027|ATL|DEN"
bbr-ATL-51,"Mon, Feb 8, 2027",2026-27,ATL,MIA,ATL,"Mon, Feb 8, 2027|ATL|MIA"
bbr-ATL-52,"Wed, Feb 10, 2027",2026-27,ATL,NOP,ATL,"Wed, Feb 10, 2027|ATL|NOP"
bbr-ATL-53,"Fri, Feb 12, 2027",2026-27,ATL,PHO,ATL,"Fri, Feb 12, 2027|ATL|PHO"
bbr-ATL-54,"Sun, Feb 14, 2027",2026-27,ATL,SAC,ATL,"Sun, Feb 14, 2027|ATL|SAC"
bbr-ATL-55,"Tue, Feb 16, 2027",2026-27,ATL,TOR,ATL,"Tue, Feb 16, 2027|ATL|TOR"
bbr-ATL-56,"Wed, Feb 17, 2027",2026-27,BRK,ATL,ATL,"Wed, Feb 17, 2027|BRK|ATL"
bbr-ATL-57,"Thu, Feb 25, 2027",2026-27,CHI,ATL,ATL,"Thu, Feb 25, 2027|CHI|ATL"
bbr-ATL-58,"Fri, Feb 26, 2027",2026-27,TOR,ATL,ATL,"Fri, Feb 26, 2027|TOR|ATL"
bbr-ATL-59,"Sun, Feb 28, 2027",2026-27,ORL,ATL,ATL,"Sun, Feb 28, 2027|ORL|ATL"
bbr-ATL-60,"Wed, Mar 3, 2027",2026-27,ATL,CHI,ATL,"Wed, Mar 3, 2027|ATL|CHI"
bbr-ATL-61,"Thu, Mar 4, 2027",2026-27,ATL,MEM,ATL,"Thu, Mar 4, 2027|ATL|MEM"
bbr-ATL-62,"Sat, Mar 6, 2027",2026-27,CLE,ATL,ATL,"Sat, Mar 6, 2027|CLE|ATL"
bbr-ATL-63,"Mon, Mar 8, 2027",2026-27,MEM,ATL,ATL,"Mon, Mar 8, 2027|MEM|ATL"
bbr-ATL-64,"Wed, Mar 10, 2027",2026-27,MIN,ATL,ATL,"Wed, Mar 10, 2027|MIN|ATL"
bbr-ATL-65,"Thu, Mar 11, 2027",2026-27,ATL,BRK,ATL,"Thu, Mar 11, 2027|ATL|BRK"
bbr-ATL-66,"Sat, Mar 13, 2027",2026-27,ATL,ORL,ATL,"Sat, Mar 13, 2027|ATL|ORL"
bbr-ATL-67,"Mon, Mar 15, 2027",2026-27,DAL,ATL,ATL,"Mon, Mar 15, 2027|DAL|ATL"
bbr-ATL-68,"Wed, Mar 17, 2027",2026-27,UTA,ATL,ATL,"Wed, Mar 17, 2027|UTA|ATL"
bbr-ATL-69,"Fri, Mar 19, 2027",2026-27,LAL,ATL,ATL,"Fri, Mar 19, 2027|LAL|ATL"
bbr-ATL-70,"Sat, Mar 20, 2027",2026-27,LAC,ATL,ATL,"Sat, Mar 20, 2027|LAC|ATL"
bbr-ATL-71,"Mon, Mar 22, 2027",2026-27,GSW,ATL,ATL,"Mon, Mar 22, 2027|GSW|ATL"
bbr-ATL-72,"Wed, Mar 24, 2027",2026-27,SAC,ATL,ATL,"Wed, Mar 24, 2027|SAC|ATL"
bbr-ATL-73,"Sat, Mar 27, 2027",2026-27,ATL,UTA,ATL,"Sat, Mar 27, 2027|ATL|UTA"
bbr-ATL-74,"Mon, Mar 29, 2027",2026-27,ATL,MIN,ATL,"Mon, Mar 29, 2027|ATL|MIN"
bbr-ATL-75,"Wed, Mar 31, 2027",2026-27,ATL,LAC,ATL,"Wed, Mar 31, 2027|ATL|LAC"
bbr-ATL-76,"Fri, Apr 2, 2027",2026-27,TOR,ATL,ATL,"Fri, Apr 2, 2027|TOR|ATL"
bbr-ATL-77,"Sun, Apr 4, 2027",2026-27,PHI,ATL,ATL,"Sun, Apr 4, 2027|PHI|ATL"
bbr-ATL-78,"Tue, Apr 6, 2027",2026-27,ATL,NYK,ATL,"Tue, Apr 6, 2027|ATL|NYK"
bbr-ATL-79,"Fri, Apr 9, 2027",2026-27,ATL,BOS,ATL,"Fri, Apr 9, 2027|ATL|BOS"
bbr-ATL-80,"Sun, Apr 11, 2027",2026-27,CLE,ATL,ATL,"Sun, Apr 11, 2027|CLE|ATL"
bbr-BOS-1,"Tue, Oct 20, 2026",2026-27,DET,BOS,BOS,"Tue, Oct 20, 2026|DET|BOS"
bbr-BOS-2,"Fri, Oct 23, 2026",2026-27,BOS,NYK,BOS,"Fri, Oct 23, 2026|BOS|NYK"
bbr-BOS-3,"Mon, Oct 26, 2026",2026-27,BOS,CHI,BOS,"Mon, Oct 26, 2026|BOS|CHI"
bbr-BOS-4,"Tue, Oct 27, 2026",2026-27,BOS,BRK,BOS,"Tue, Oct 27, 2026|BOS|BRK"
bbr-BOS-5,"Fri, Oct 30, 2026",2026-27,BOS,CHI,BOS,"Fri, Oct 30, 2026|BOS|CHI"
bbr-BOS-6,"Sun, Nov 1, 2026",2026-27,ORL,BOS,BOS,"Sun, Nov 1, 2026|ORL|BOS"
bbr-BOS-7,"Mon, Nov 2, 2026",2026-27,HOU,BOS,BOS,"Mon, Nov 2, 2026|HOU|BOS"
bbr-BOS-8,"Wed, Nov 4, 2026",2026-27,BOS,MIL,BOS,"Wed, Nov 4, 2026|BOS|MIL"
bbr-BOS-9,"Fri, Nov 6, 2026",2026-27,CHO,BOS,BOS,"Fri, Nov 6, 2026|CHO|BOS"
bbr-BOS-10,"Sun, Nov 8, 2026",2026-27,MIL,BOS,BOS,"Sun, Nov 8, 2026|MIL|BOS"
bbr-BOS-11,"Tue, Nov 10, 2026",2026-27,PHI,BOS,BOS,"Tue, Nov 10, 2026|PHI|BOS"
bbr-BOS-12,"Wed, Nov 11, 2026",2026-27,TOR,BOS,BOS,"Wed, Nov 11, 2026|TOR|BOS"
bbr-BOS-13,"Sun, Nov 15, 2026",2026-27,BOS,DAL,BOS,"Sun, Nov 15, 2026|BOS|DAL"
bbr-BOS-14,"Mon, Nov 16, 2026",2026-27,BOS,ORL,BOS,"Mon, Nov 16, 2026|BOS|ORL"
bbr-BOS-15,"Wed, Nov 18, 2026",2026-27,DEN,BOS,BOS,"Wed, Nov 18, 2026|DEN|BOS"
bbr-BOS-16,"Sat, Nov 21, 2026",2026-27,SAC,BOS,BOS,"Sat, Nov 21, 2026|SAC|BOS"
bbr-BOS-17,"Sun, Nov 22, 2026",2026-27,GSW,BOS,BOS,"Sun, Nov 22, 2026|GSW|BOS"
bbr-BOS-18,"Tue, Nov 24, 2026",2026-27,WAS,BOS,BOS,"Tue, Nov 24, 2026|WAS|BOS"
bbr-BOS-20,"Sun, Nov 29, 2026",2026-27,SAS,BOS,BOS,"Sun, Nov 29, 2026|SAS|BOS"
bbr-BOS-21,"Mon, Nov 30, 2026",2026-27,DAL,BOS,BOS,"Mon, Nov 30, 2026|DAL|BOS"
bbr-BOS-22,"Wed, Dec 2, 2026",2026-27,BOS,CHO,BOS,"Wed, Dec 2, 2026|BOS|CHO"
bbr-BOS-23,"Sun, Dec 13, 2026",2026-27,BRK,BOS,BOS,"Sun, Dec 13, 2026|BRK|BOS"
bbr-BOS-24,"Mon, Dec 14, 2026",2026-27,BOS,WAS,BOS,"Mon, Dec 14, 2026|BOS|WAS"
bbr-BOS-25,"Wed, Dec 16, 2026",2026-27,BOS,WAS,BOS,"Wed, Dec 16, 2026|BOS|WAS"
bbr-BOS-26,"Fri, Dec 18, 2026",2026-27,BOS,UTA,BOS,"Fri, Dec 18, 2026|BOS|UTA"
bbr-BOS-27,"Sun, Dec 20, 2026",2026-27,BOS,DET,BOS,"Sun, Dec 20, 2026|BOS|DET"
bbr-BOS-28,"Wed, Dec 23, 2026",2026-27,BOS,POR,BOS,"Wed, Dec 23, 2026|BOS|POR"
bbr-BOS-29,"Fri, Dec 25, 2026",2026-27,BOS,MIA,BOS,"Fri, Dec 25, 2026|BOS|MIA"
bbr-BOS-30,"Mon, Dec 28, 2026",2026-27,BOS,CLE,BOS,"Mon, Dec 28, 2026|BOS|CLE"
bbr-BOS-31,"Wed, Dec 30, 2026",2026-27,CHI,BOS,BOS,"Wed, Dec 30, 2026|CHI|BOS"
bbr-BOS-32,"Fri, Jan 1, 2027",2026-27,UTA,BOS,BOS,"Fri, Jan 1, 2027|UTA|BOS"
bbr-BOS-33,"Sat, Jan 2, 2027",2026-27,POR,BOS,BOS,"Sat, Jan 2, 2027|POR|BOS"
bbr-BOS-34,"Mon, Jan 4, 2027",2026-27,PHO,BOS,BOS,"Mon, Jan 4, 2027|PHO|BOS"
bbr-BOS-35,"Thu, Jan 7, 2027",2026-27,LAL,BOS,BOS,"Thu, Jan 7, 2027|LAL|BOS"
bbr-BOS-36,"Sat, Jan 9, 2027",2026-27,LAC,BOS,BOS,"Sat, Jan 9, 2027|LAC|BOS"
bbr-BOS-37,"Mon, Jan 11, 2027",2026-27,BOS,HOU,BOS,"Mon, Jan 11, 2027|BOS|HOU"
bbr-BOS-38,"Wed, Jan 13, 2027",2026-27,BOS,NYK,BOS,"Wed, Jan 13, 2027|BOS|NYK"
bbr-BOS-39,"Sat, Jan 16, 2027",2026-27,BOS,BRK,BOS,"Sat, Jan 16, 2027|BOS|BRK"
bbr-BOS-40,"Mon, Jan 18, 2027",2026-27,WAS,BOS,BOS,"Mon, Jan 18, 2027|WAS|BOS"
bbr-BOS-41,"Wed, Jan 20, 2027",2026-27,BOS,IND,BOS,"Wed, Jan 20, 2027|BOS|IND"
bbr-BOS-42,"Thu, Jan 21, 2027",2026-27,BOS,PHI,BOS,"Thu, Jan 21, 2027|BOS|PHI"
bbr-BOS-43,"Sat, Jan 23, 2027",2026-27,BOS,CHO,BOS,"Sat, Jan 23, 2027|BOS|CHO"
bbr-BOS-44,"Mon, Jan 25, 2027",2026-27,BOS,TOR,BOS,"Mon, Jan 25, 2027|BOS|TOR"
bbr-BOS-45,"Wed, Jan 27, 2027",2026-27,BOS,LAC,BOS,"Wed, Jan 27, 2027|BOS|LAC"
bbr-BOS-46,"Fri, Jan 29, 2027",2026-27,BOS,PHO,BOS,"Fri, Jan 29, 2027|BOS|PHO"
bbr-BOS-47,"Sun, Jan 31, 2027",2026-27,TOR,BOS,BOS,"Sun, Jan 31, 2027|TOR|BOS"
bbr-BOS-48,"Tue, Feb 2, 2027",2026-27,BOS,LAL,BOS,"Tue, Feb 2, 2027|BOS|LAL"
bbr-BOS-49,"Thu, Feb 4, 2027",2026-27,CHO,BOS,BOS,"Thu, Feb 4, 2027|CHO|BOS"
bbr-BOS-51,"Sun, Feb 7, 2027",2026-27,PHI,BOS,BOS,"Sun, Feb 7, 2027|PHI|BOS"
bbr-BOS-52,"Tue, Feb 9, 2027",2026-27,BOS,DEN,BOS,"Tue, Feb 9, 2027|BOS|DEN"
bbr-BOS-53,"Wed, Feb 10, 2027",2026-27,BOS,GSW,BOS,"Wed, Feb 10, 2027|BOS|GSW"
bbr-BOS-54,"Fri, Feb 12, 2027",2026-27,BOS,MIN,BOS,"Fri, Feb 12, 2027|BOS|MIN"
bbr-BOS-55,"Sun, Feb 14, 2027",2026-27,BOS,TOR,BOS,"Sun, Feb 14, 2027|BOS|TOR"
bbr-BOS-56,"Wed, Feb 17, 2027",2026-27,OKC,BOS,BOS,"Wed, Feb 17, 2027|OKC|BOS"
bbr-BOS-57,"Thu, Feb 18, 2027",2026-27,MEM,BOS,BOS,"Thu, Feb 18, 2027|MEM|BOS"
bbr-BOS-58,"Fri, Feb 26, 2027",2026-27,BOS,CLE,BOS,"Fri, Feb 26, 2027|BOS|CLE"
bbr-BOS-59,"Sun, Feb 28, 2027",2026-27,MIN,BOS,BOS,"Sun, Feb 28, 2027|MIN|BOS"
bbr-BOS-60,"Tue, Mar 2, 2027",2026-27,IND,BOS,BOS,"Tue, Mar 2, 2027|IND|BOS"
bbr-BOS-61,"Fri, Mar 5, 2027",2026-27,DET,BOS,BOS,"Fri, Mar 5, 2027|DET|BOS"
bbr-BOS-62,"Sun, Mar 7, 2027",2026-27,BOS,PHI,BOS,"Sun, Mar 7, 2027|BOS|PHI"
bbr-BOS-63,"Tue, Mar 9, 2027",2026-27,CHI,BOS,BOS,"Tue, Mar 9, 2027|CHI|BOS"
bbr-BOS-64,"Thu, Mar 11, 2027",2026-27,BOS,MEM,BOS,"Thu, Mar 11, 2027|BOS|MEM"
bbr-BOS-65,"Fri, Mar 12, 2027",2026-27,BOS,OKC,BOS,"Fri, Mar 12, 2027|BOS|OKC"
bbr-BOS-66,"Sun, Mar 14, 2027",2026-27,NYK,BOS,BOS,"Sun, Mar 14, 2027|NYK|BOS"
bbr-BOS-67,"Tue, Mar 16, 2027",2026-27,BOS,SAC,BOS,"Tue, Mar 16, 2027|BOS|SAC"
bbr-BOS-68,"Thu, Mar 18, 2027",2026-27,BOS,ORL,BOS,"Thu, Mar 18, 2027|BOS|ORL"
bbr-BOS-69,"Sun, Mar 21, 2027",2026-27,BOS,NOP,BOS,"Sun, Mar 21, 2027|BOS|NOP"
bbr-BOS-70,"Tue, Mar 23, 2027",2026-27,BRK,BOS,BOS,"Tue, Mar 23, 2027|BRK|BOS"
bbr-BOS-71,"Wed, Mar 24, 2027",2026-27,BOS,SAS,BOS,"Wed, Mar 24, 2027|BOS|SAS"
bbr-BOS-72,"Sat, Mar 27, 2027",2026-27,MIA,BOS,BOS,"Sat, Mar 27, 2027|MIA|BOS"
bbr-BOS-73,"Sun, Mar 28, 2027",2026-27,NOP,BOS,BOS,"Sun, Mar 28, 2027|NOP|BOS"
bbr-BOS-74,"Tue, Mar 30, 2027",2026-27,IND,BOS,BOS,"Tue, Mar 30, 2027|IND|BOS"
bbr-BOS-75,"Thu, Apr 1, 2027",2026-27,CLE,BOS,BOS,"Thu, Apr 1, 2027|CLE|BOS"
bbr-BOS-76,"Fri, Apr 2, 2027",2026-27,BOS,MIA,BOS,"Fri, Apr 2, 2027|BOS|MIA"
bbr-BOS-77,"Sun, Apr 4, 2027",2026-27,NYK,BOS,BOS,"Sun, Apr 4, 2027|NYK|BOS"
bbr-BOS-78,"Wed, Apr 7, 2027",2026-27,ORL,BOS,BOS,"Wed, Apr 7, 2027|ORL|BOS"
bbr-BOS-80,"Sun, Apr 11, 2027",2026-27,BOS,MIL,BOS,"Sun, Apr 11, 2027|BOS|MIL"
bbr-BRK-1,"Wed, Oct 21, 2026",2026-27,BRK,CHO,BRK,"Wed, Oct 21, 2026|BRK|CHO"
bbr-BRK-2,"Sat, Oct 24, 2026",2026-27,CLE,BRK,BRK,"Sat, Oct 24, 2026|CLE|BRK"
bbr-BRK-3,"Sun, Oct 25, 2026",2026-27,BRK,IND,BRK,"Sun, Oct 25, 2026|BRK|IND"
bbr-BRK-5,"Fri, Oct 30, 2026",2026-27,BRK,DET,BRK,"Fri, Oct 30, 2026|BRK|DET"
bbr-BRK-6,"Sun, Nov 1, 2026",2026-27,IND,BRK,BRK,"Sun, Nov 1, 2026|IND|BRK"
bbr-BRK-7,"Mon, Nov 2, 2026",2026-27,NYK,BRK,BRK,"Mon, Nov 2, 2026|NYK|BRK"
bbr-BRK-8,"Wed, Nov 4, 2026",2026-27,BRK,CHO,BRK,"Wed, Nov 4, 2026|BRK|CHO"
bbr-BRK-10,"Sun, Nov 8, 2026",2026-27,DAL,BRK,BRK,"Sun, Nov 8, 2026|DAL|BRK"
bbr-BRK-11,"Wed, Nov 11, 2026",2026-27,NOP,BRK,BRK,"Wed, Nov 11, 2026|NOP|BRK"
bbr-BRK-12,"Sat, Nov 14, 2026",2026-27,MEM,BRK,BRK,"Sat, Nov 14, 2026|MEM|BRK"
bbr-BRK-13,"Mon, Nov 16, 2026",2026-27,BRK,PHI,BRK,"Mon, Nov 16, 2026|BRK|PHI"
bbr-BRK-14,"Wed, Nov 18, 2026",2026-27,BRK,CHI,BRK,"Wed, Nov 18, 2026|BRK|CHI"
bbr-BRK-15,"Fri, Nov 20, 2026",2026-27,BRK,ORL,BRK,"Fri, Nov 20, 2026|BRK|ORL"
bbr-BRK-16,"Mon, Nov 23, 2026",2026-27,MIN,BRK,BRK,"Mon, Nov 23, 2026|MIN|BRK"
bbr-BRK-17,"Wed, Nov 25, 2026",2026-27,MIL,BRK,BRK,"Wed, Nov 25, 2026|MIL|BRK"
bbr-BRK-18,"Fri, Nov 27, 2026",2026-27,TOR,BRK,BRK,"Fri, Nov 27, 2026|TOR|BRK"
bbr-BRK-19,"Sat, Nov 28, 2026",2026-27,CHO,BRK,BRK,"Sat, Nov 28, 2026|CHO|BRK"
bbr-BRK-20,"Mon, Nov 30, 2026",2026-27,BRK,OKC,BRK,"Mon, Nov 30, 2026|BRK|OKC"
bbr-BRK-21,"Wed, Dec 2, 2026",2026-27,OKC,BRK,BRK,"Wed, Dec 2, 2026|OKC|BRK"
bbr-BRK-23,"Mon, Dec 14, 2026",2026-27,DET,BRK,BRK,"Mon, Dec 14, 2026|DET|BRK"
bbr-BRK-24,"Wed, Dec 16, 2026",2026-27,BRK,DAL,BRK,"Wed, Dec 16, 2026|BRK|DAL"
bbr-BRK-25,"Fri, Dec 18, 2026",2026-27,BRK,ORL,BRK,"Fri, Dec 18, 2026|BRK|ORL"
bbr-BRK-26,"Sun, Dec 20, 2026",2026-27,BRK,WAS,BRK,"Sun, Dec 20, 2026|BRK|WAS"
bbr-BRK-27,"Mon, Dec 21, 2026",2026-27,BRK,POR,BRK,"Mon, Dec 21, 2026|BRK|POR"
bbr-BRK-28,"Wed, Dec 23, 2026",2026-27,BRK,SAS,BRK,"Wed, Dec 23, 2026|BRK|SAS"
bbr-BRK-29,"Sat, Dec 26, 2026",2026-27,BRK,NOP,BRK,"Sat, Dec 26, 2026|BRK|NOP"
bbr-BRK-30,"Sun, Dec 27, 2026",2026-27,NYK,BRK,BRK,"Sun, Dec 27, 2026|NYK|BRK"
bbr-BRK-31,"Tue, Dec 29, 2026",2026-27,POR,BRK,BRK,"Tue, Dec 29, 2026|POR|BRK"
bbr-BRK-32,"Thu, Dec 31, 2026",2026-27,SAC,BRK,BRK,"Thu, Dec 31, 2026|SAC|BRK"
bbr-BRK-33,"Sat, Jan 2, 2027",2026-27,GSW,BRK,BRK,"Sat, Jan 2, 2027|GSW|BRK"
bbr-BRK-34,"Mon, Jan 4, 2027",2026-27,UTA,BRK,BRK,"Mon, Jan 4, 2027|UTA|BRK"
bbr-BRK-35,"Wed, Jan 6, 2027",2026-27,BRK,UTA,BRK,"Wed, Jan 6, 2027|BRK|UTA"
bbr-BRK-36,"Thu, Jan 7, 2027",2026-27,BRK,MIA,BRK,"Thu, Jan 7, 2027|BRK|MIA"
bbr-BRK-37,"Sat, Jan 9, 2027",2026-27,BRK,HOU,BRK,"Sat, Jan 9, 2027|BRK|HOU"
bbr-BRK-38,"Mon, Jan 11, 2027",2026-27,IND,BRK,BRK,"Mon, Jan 11, 2027|IND|BRK"
bbr-BRK-39,"Tue, Jan 12, 2027",2026-27,MIA,BRK,BRK,"Tue, Jan 12, 2027|MIA|BRK"
bbr-BRK-40,"Thu, Jan 14, 2027",2026-27,PHI,BRK,BRK,"Thu, Jan 14, 2027|PHI|BRK"
bbr-BRK-42,"Wed, Jan 20, 2027",2026-27,BRK,CHI,BRK,"Wed, Jan 20, 2027|BRK|CHI"
bbr-BRK-43,"Thu, Jan 21, 2027",2026-27,BRK,CLE,BRK,"Thu, Jan 21, 2027|BRK|CLE"
bbr-BRK-44,"Sat, Jan 23, 2027",2026-27,BRK,TOR,BRK,"Sat, Jan 23, 2027|BRK|TOR"
bbr-BRK-45,"Mon, Jan 25, 2027",2026-27,BRK,MIA,BRK,"Mon, Jan 25, 2027|BRK|MIA"
bbr-BRK-46,"Wed, Jan 27, 2027",2026-27,BRK,PHO,BRK,"Wed, Jan 27, 2027|BRK|PHO"
bbr-BRK-47,"Fri, Jan 29, 2027",2026-27,BRK,LAC,BRK,"Fri, Jan 29, 2027|BRK|LAC"
bbr-BRK-48,"Sun, Jan 31, 2027",2026-27,ORL,BRK,BRK,"Sun, Jan 31, 2027|ORL|BRK"
bbr-BRK-49,"Mon, Feb 1, 2027",2026-27,BRK,NYK,BRK,"Mon, Feb 1, 2027|BRK|NYK"
bbr-BRK-50,"Thu, Feb 4, 2027",2026-27,BRK,LAL,BRK,"Thu, Feb 4, 2027|BRK|LAL"
bbr-BRK-51,"Sat, Feb 6, 2027",2026-27,BRK,WAS,BRK,"Sat, Feb 6, 2027|BRK|WAS"
bbr-BRK-52,"Mon, Feb 8, 2027",2026-27,PHI,BRK,BRK,"Mon, Feb 8, 2027|PHI|BRK"
bbr-BRK-53,"Tue, Feb 9, 2027",2026-27,BRK,MIN,BRK,"Tue, Feb 9, 2027|BRK|MIN"
bbr-BRK-54,"Fri, Feb 12, 2027",2026-27,WAS,BRK,BRK,"Fri, Feb 12, 2027|WAS|BRK"
bbr-BRK-55,"Sun, Feb 14, 2027",2026-27,MIA,BRK,BRK,"Sun, Feb 14, 2027|MIA|BRK"
bbr-BRK-57,"Thu, Feb 25, 2027",2026-27,BRK,PHI,BRK,"Thu, Feb 25, 2027|BRK|PHI"
bbr-BRK-58,"Sat, Feb 27, 2027",2026-27,CHI,BRK,BRK,"Sat, Feb 27, 2027|CHI|BRK"
bbr-BRK-59,"Mon, Mar 1, 2027",2026-27,DEN,BRK,BRK,"Mon, Mar 1, 2027|DEN|BRK"
bbr-BRK-60,"Wed, Mar 3, 2027",2026-27,PHO,BRK,BRK,"Wed, Mar 3, 2027|PHO|BRK"
bbr-BRK-61,"Thu, Mar 4, 2027",2026-27,LAC,BRK,BRK,"Thu, Mar 4, 2027|LAC|BRK"
bbr-BRK-62,"Sun, Mar 7, 2027",2026-27,LAL,BRK,BRK,"Sun, Mar 7, 2027|LAL|BRK"
bbr-BRK-63,"Tue, Mar 9, 2027",2026-27,BRK,MIL,BRK,"Tue, Mar 9, 2027|BRK|MIL"
bbr-BRK-65,"Sat, Mar 13, 2027",2026-27,DET,BRK,BRK,"Sat, Mar 13, 2027|DET|BRK"
bbr-BRK-66,"Mon, Mar 15, 2027",2026-27,BRK,IND,BRK,"Mon, Mar 15, 2027|BRK|IND"
bbr-BRK-67,"Wed, Mar 17, 2027",2026-27,HOU,BRK,BRK,"Wed, Mar 17, 2027|HOU|BRK"
bbr-BRK-68,"Thu, Mar 18, 2027",2026-27,SAS,BRK,BRK,"Thu, Mar 18, 2027|SAS|BRK"
bbr-BRK-69,"Sun, Mar 21, 2027",2026-27,BRK,SAC,BRK,"Sun, Mar 21, 2027|BRK|SAC"
bbr-BRK-71,"Thu, Mar 25, 2027",2026-27,BRK,DEN,BRK,"Thu, Mar 25, 2027|BRK|DEN"
bbr-BRK-72,"Sun, Mar 28, 2027",2026-27,BRK,MEM,BRK,"Sun, Mar 28, 2027|BRK|MEM"
bbr-BRK-73,"Mon, Mar 29, 2027",2026-27,BRK,GSW,BRK,"Mon, Mar 29, 2027|BRK|GSW"
bbr-BRK-74,"Wed, Mar 31, 2027",2026-27,BRK,CLE,BRK,"Wed, Mar 31, 2027|BRK|CLE"
bbr-BRK-75,"Fri, Apr 2, 2027",2026-27,BRK,NYK,BRK,"Fri, Apr 2, 2027|BRK|NYK"
bbr-BRK-76,"Sun, Apr 4, 2027",2026-27,MIL,BRK,BRK,"Sun, Apr 4, 2027|MIL|BRK"
bbr-BRK-77,"Mon, Apr 5, 2027",2026-27,CLE,BRK,BRK,"Mon, Apr 5, 2027|CLE|BRK"
bbr-BRK-78,"Wed, Apr 7, 2027",2026-27,TOR,BRK,BRK,"Wed, Apr 7, 2027|TOR|BRK"
bbr-BRK-79,"Fri, Apr 9, 2027",2026-27,CHO,BRK,BRK,"Fri, Apr 9, 2027|CHO|BRK"
bbr-BRK-80,"Sun, Apr 11, 2027",2026-27,BRK,TOR,BRK,"Sun, Apr 11, 2027|BRK|TOR"
bbr-CHO-3,"Sat, Oct 24, 2026",2026-27,CHO,MIA,CHO,"Sat, Oct 24, 2026|CHO|MIA"
bbr-CHO-4,"Mon, Oct 26, 2026",2026-27,CHO,WAS,CHO,"Mon, Oct 26, 2026|CHO|WAS"
bbr-CHO-5,"Wed, Oct 28, 2026",2026-27,DET,CHO,CHO,"Wed, Oct 28, 2026|DET|CHO"
bbr-CHO-6,"Fri, Oct 30, 2026",2026-27,WAS,CHO,CHO,"Fri, Oct 30, 2026|WAS|CHO"
bbr-CHO-7,"Sat, Oct 31, 2026",2026-27,CHO,PHI,CHO,"Sat, Oct 31, 2026|CHO|PHI"
bbr-CHO-8,"Mon, Nov 2, 2026",2026-27,CHO,DET,CHO,"Mon, Nov 2, 2026|CHO|DET"
bbr-CHO-11,"Mon, Nov 9, 2026",2026-27,CHO,CLE,CHO,"Mon, Nov 9, 2026|CHO|CLE"
bbr-CHO-12,"Thu, Nov 12, 2026",2026-27,PHO,CHO,CHO,"Thu, Nov 12, 2026|PHO|CHO"
bbr-CHO-13,"Sun, Nov 15, 2026",2026-27,LAC,CHO,CHO,"Sun, Nov 15, 2026|LAC|CHO"
bbr-CHO-14,"Tue, Nov 17, 2026",2026-27,LAL,CHO,CHO,"Tue, Nov 17, 2026|LAL|CHO"
bbr-CHO-16,"Mon, Nov 23, 2026",2026-27,CHO,MEM,CHO,"Mon, Nov 23, 2026|CHO|MEM"
bbr-CHO-17,"Wed, Nov 25, 2026",2026-27,CHO,CHI,CHO,"Wed, Nov 25, 2026|CHO|CHI"
bbr-CHO-19,"Mon, Nov 30, 2026",2026-27,CHO,WAS,CHO,"Mon, Nov 30, 2026|CHO|WAS"
bbr-CHO-21,"Sat, Dec 12, 2026",2026-27,WAS,CHO,CHO,"Sat, Dec 12, 2026|WAS|CHO"
bbr-CHO-22,"Mon, Dec 14, 2026",2026-27,CHO,TOR,CHO,"Mon, Dec 14, 2026|CHO|TOR"
bbr-CHO-23,"Wed, Dec 16, 2026",2026-27,CHO,LAC,CHO,"Wed, Dec 16, 2026|CHO|LAC"
bbr-CHO-24,"Fri, Dec 18, 2026",2026-27,CHO,OKC,CHO,"Fri, Dec 18, 2026|CHO|OKC"
bbr-CHO-25,"Sat, Dec 19, 2026",2026-27,CHO,POR,CHO,"Sat, Dec 19, 2026|CHO|POR"
bbr-CHO-26,"Mon, Dec 21, 2026",2026-27,CHO,PHI,CHO,"Mon, Dec 21, 2026|CHO|PHI"
bbr-CHO-27,"Wed, Dec 23, 2026",2026-27,ORL,CHO,CHO,"Wed, Dec 23, 2026|ORL|CHO"
bbr-CHO-29,"Sun, Dec 27, 2026",2026-27,MIA,CHO,CHO,"Sun, Dec 27, 2026|MIA|CHO"
bbr-CHO-30,"Tue, Dec 29, 2026",2026-27,CHO,ORL,CHO,"Tue, Dec 29, 2026|CHO|ORL"
bbr-CHO-31,"Thu, Dec 31, 2026",2026-27,CHO,SAS,CHO,"Thu, Dec 31, 2026|CHO|SAS"
bbr-CHO-32,"Sat, Jan 2, 2027",2026-27,CHO,CLE,CHO,"Sat, Jan 2, 2027|CHO|CLE"
bbr-CHO-33,"Sun, Jan 3, 2027",2026-27,MIL,CHO,CHO,"Sun, Jan 3, 2027|MIL|CHO"
bbr-CHO-35,"Thu, Jan 7, 2027",2026-27,CHO,DEN,CHO,"Thu, Jan 7, 2027|CHO|DEN"
bbr-CHO-36,"Sat, Jan 9, 2027",2026-27,POR,CHO,CHO,"Sat, Jan 9, 2027|POR|CHO"
bbr-CHO-37,"Sun, Jan 10, 2027",2026-27,SAC,CHO,CHO,"Sun, Jan 10, 2027|SAC|CHO"
bbr-CHO-38,"Wed, Jan 13, 2027",2026-27,GSW,CHO,CHO,"Wed, Jan 13, 2027|GSW|CHO"
bbr-CHO-39,"Thu, Jan 14, 2027",2026-27,UTA,CHO,CHO,"Thu, Jan 14, 2027|UTA|CHO"
bbr-CHO-40,"Sat, Jan 16, 2027",2026-27,DEN,CHO,CHO,"Sat, Jan 16, 2027|DEN|CHO"
bbr-CHO-41,"Tue, Jan 19, 2027",2026-27,DAL,CHO,CHO,"Tue, Jan 19, 2027|DAL|CHO"
bbr-CHO-42,"Fri, Jan 22, 2027",2026-27,CHO,HOU,CHO,"Fri, Jan 22, 2027|CHO|HOU"
bbr-CHO-44,"Mon, Jan 25, 2027",2026-27,CHO,ORL,CHO,"Mon, Jan 25, 2027|CHO|ORL"
bbr-CHO-45,"Wed, Jan 27, 2027",2026-27,SAS,CHO,CHO,"Wed, Jan 27, 2027|SAS|CHO"
bbr-CHO-46,"Fri, Jan 29, 2027",2026-27,MIN,CHO,CHO,"Fri, Jan 29, 2027|MIN|CHO"
bbr-CHO-47,"Sun, Jan 31, 2027",2026-27,CHO,LAL,CHO,"Sun, Jan 31, 2027|CHO|LAL"
bbr-CHO-48,"Tue, Feb 2, 2027",2026-27,MIA,CHO,CHO,"Tue, Feb 2, 2027|MIA|CHO"
bbr-CHO-50,"Fri, Feb 5, 2027",2026-27,CHO,GSW,CHO,"Fri, Feb 5, 2027|CHO|GSW"
bbr-CHO-51,"Sun, Feb 7, 2027",2026-27,TOR,CHO,CHO,"Sun, Feb 7, 2027|TOR|CHO"
bbr-CHO-52,"Tue, Feb 9, 2027",2026-27,NYK,CHO,CHO,"Tue, Feb 9, 2027|NYK|CHO"
bbr-CHO-53,"Thu, Feb 11, 2027",2026-27,CHO,MIL,CHO,"Thu, Feb 11, 2027|CHO|MIL"
bbr-CHO-54,"Sat, Feb 13, 2027",2026-27,CHO,DAL,CHO,"Sat, Feb 13, 2027|CHO|DAL"
bbr-CHO-55,"Mon, Feb 15, 2027",2026-27,CHO,MIN,CHO,"Mon, Feb 15, 2027|CHO|MIN"
bbr-CHO-56,"Wed, Feb 17, 2027",2026-27,CHO,TOR,CHO,"Wed, Feb 17, 2027|CHO|TOR"
bbr-CHO-57,"Thu, Feb 25, 2027",2026-27,ORL,CHO,CHO,"Thu, Feb 25, 2027|ORL|CHO"
bbr-CHO-58,"Fri, Feb 26, 2027",2026-27,HOU,CHO,CHO,"Fri, Feb 26, 2027|HOU|CHO"
bbr-CHO-59,"Sun, Feb 28, 2027",2026-27,CHO,SAC,CHO,"Sun, Feb 28, 2027|CHO|SAC"
bbr-CHO-60,"Wed, Mar 3, 2027",2026-27,PHI,CHO,CHO,"Wed, Mar 3, 2027|PHI|CHO"
bbr-CHO-61,"Sat, Mar 6, 2027",2026-27,CHI,CHO,CHO,"Sat, Mar 6, 2027|CHI|CHO"
bbr-CHO-62,"Mon, Mar 8, 2027",2026-27,IND,CHO,CHO,"Mon, Mar 8, 2027|IND|CHO"
bbr-CHO-63,"Wed, Mar 10, 2027",2026-27,CHO,NOP,CHO,"Wed, Mar 10, 2027|CHO|NOP"
bbr-CHO-64,"Thu, Mar 11, 2027",2026-27,CHO,IND,CHO,"Thu, Mar 11, 2027|CHO|IND"
bbr-CHO-65,"Sat, Mar 13, 2027",2026-27,CHO,PHO,CHO,"Sat, Mar 13, 2027|CHO|PHO"
bbr-CHO-66,"Tue, Mar 16, 2027",2026-27,OKC,CHO,CHO,"Tue, Mar 16, 2027|OKC|CHO"
bbr-CHO-67,"Thu, Mar 18, 2027",2026-27,NOP,CHO,CHO,"Thu, Mar 18, 2027|NOP|CHO"
bbr-CHO-68,"Sat, Mar 20, 2027",2026-27,DET,CHO,CHO,"Sat, Mar 20, 2027|DET|CHO"
bbr-CHO-69,"Mon, Mar 22, 2027",2026-27,MEM,CHO,CHO,"Mon, Mar 22, 2027|MEM|CHO"
bbr-CHO-70,"Wed, Mar 24, 2027",2026-27,CHO,DET,CHO,"Wed, Mar 24, 2027|CHO|DET"
bbr-CHO-71,"Fri, Mar 26, 2027",2026-27,CHO,NYK,CHO,"Fri, Mar 26, 2027|CHO|NYK"
bbr-CHO-72,"Sun, Mar 28, 2027",2026-27,CHO,UTA,CHO,"Sun, Mar 28, 2027|CHO|UTA"
bbr-CHO-73,"Tue, Mar 30, 2027",2026-27,CHO,MIA,CHO,"Tue, Mar 30, 2027|CHO|MIA"
bbr-CHO-74,"Thu, Apr 1, 2027",2026-27,NYK,CHO,CHO,"Thu, Apr 1, 2027|NYK|CHO"
bbr-CHO-75,"Fri, Apr 2, 2027",2026-27,MIL,CHO,CHO,"Fri, Apr 2, 2027|MIL|CHO"
bbr-CHO-76,"Sun, Apr 4, 2027",2026-27,CLE,CHO,CHO,"Sun, Apr 4, 2027|CLE|CHO"
bbr-CHO-77,"Tue, Apr 6, 2027",2026-27,CHO,IND,CHO,"Tue, Apr 6, 2027|CHO|IND"
bbr-CHO-78,"Wed, Apr 7, 2027",2026-27,CHI,CHO,CHO,"Wed, Apr 7, 2027|CHI|CHO"
bbr-CHO-80,"Sun, Apr 11, 2027",2026-27,PHI,CHO,CHO,"Sun, Apr 11, 2027|PHI|CHO"
bbr-CHI-1,"Wed, Oct 21, 2026",2026-27,TOR,CHI,CHI,"Wed, Oct 21, 2026|TOR|CHI"
bbr-CHI-2,"Fri, Oct 23, 2026",2026-27,MIL,CHI,CHI,"Fri, Oct 23, 2026|MIL|CHI"
bbr-CHI-3,"Sat, Oct 24, 2026",2026-27,CHI,WAS,CHI,"Sat, Oct 24, 2026|CHI|WAS"
bbr-CHI-5,"Wed, Oct 28, 2026",2026-27,CHI,NYK,CHI,"Wed, Oct 28, 2026|CHI|NYK"
bbr-CHI-7,"Mon, Nov 2, 2026",2026-27,PHI,CHI,CHI,"Mon, Nov 2, 2026|PHI|CHI"
bbr-CHI-8,"Wed, Nov 4, 2026",2026-27,NYK,CHI,CHI,"Wed, Nov 4, 2026|NYK|CHI"
bbr-CHI-9,"Sun, Nov 8, 2026",2026-27,CHI,PHI,CHI,"Sun, Nov 8, 2026|CHI|PHI"
bbr-CHI-10,"Wed, Nov 11, 2026",2026-27,CHI,SAS,CHI,"Wed, Nov 11, 2026|CHI|SAS"
bbr-CHI-12,"Sat, Nov 14, 2026",2026-27,MIN,CHI,CHI,"Sat, Nov 14, 2026|MIN|CHI"
bbr-CHI-13,"Mon, Nov 16, 2026",2026-27,CLE,CHI,CHI,"Mon, Nov 16, 2026|CLE|CHI"
bbr-CHI-15,"Fri, Nov 20, 2026",2026-27,CHI,WAS,CHI,"Fri, Nov 20, 2026|CHI|WAS"
bbr-CHI-16,"Sun, Nov 22, 2026",2026-27,CHI,DEN,CHI,"Sun, Nov 22, 2026|CHI|DEN"
bbr-CHI-17,"Mon, Nov 23, 2026",2026-27,CHI,CLE,CHI,"Mon, Nov 23, 2026|CHI|CLE"
bbr-CHI-19,"Sat, Nov 28, 2026",2026-27,CHI,IND,CHI,"Sat, Nov 28, 2026|CHI|IND"
bbr-CHI-20,"Tue, Dec 1, 2026",2026-27,CHI,NYK,CHI,"Tue, Dec 1, 2026|CHI|NYK"
bbr-CHI-21,"Thu, Dec 3, 2026",2026-27,CHI,CLE,CHI,"Thu, Dec 3, 2026|CHI|CLE"
bbr-CHI-22,"Sun, Dec 13, 2026",2026-27,CHI,HOU,CHI,"Sun, Dec 13, 2026|CHI|HOU"
bbr-CHI-23,"Mon, Dec 14, 2026",2026-27,CHI,MIA,CHI,"Mon, Dec 14, 2026|CHI|MIA"
bbr-CHI-24,"Wed, Dec 16, 2026",2026-27,CHI,UTA,CHI,"Wed, Dec 16, 2026|CHI|UTA"
bbr-CHI-25,"Fri, Dec 18, 2026",2026-27,SAS,CHI,CHI,"Fri, Dec 18, 2026|SAS|CHI"
bbr-CHI-26,"Sat, Dec 19, 2026",2026-27,DAL,CHI,CHI,"Sat, Dec 19, 2026|DAL|CHI"
bbr-CHI-27,"Mon, Dec 21, 2026",2026-27,MIA,CHI,CHI,"Mon, Dec 21, 2026|MIA|CHI"
bbr-CHI-28,"Wed, Dec 23, 2026",2026-27,MIA,CHI,CHI,"Wed, Dec 23, 2026|MIA|CHI"
bbr-CHI-29,"Sat, Dec 26, 2026",2026-27,CHI,DET,CHI,"Sat, Dec 26, 2026|CHI|DET"
bbr-CHI-32,"Sat, Jan 2, 2027",2026-27,CHI,LAL,CHI,"Sat, Jan 2, 2027|CHI|LAL"
bbr-CHI-33,"Mon, Jan 4, 2027",2026-27,IND,CHI,CHI,"Mon, Jan 4, 2027|IND|CHI"
bbr-CHI-34,"Tue, Jan 5, 2027",2026-27,CHI,MIL,CHI,"Tue, Jan 5, 2027|CHI|MIL"
bbr-CHI-35,"Thu, Jan 7, 2027",2026-27,SAC,CHI,CHI,"Thu, Jan 7, 2027|SAC|CHI"
bbr-CHI-36,"Sat, Jan 9, 2027",2026-27,GSW,CHI,CHI,"Sat, Jan 9, 2027|GSW|CHI"
bbr-CHI-37,"Sun, Jan 10, 2027",2026-27,PHO,CHI,CHI,"Sun, Jan 10, 2027|PHO|CHI"
bbr-CHI-38,"Tue, Jan 12, 2027",2026-27,UTA,CHI,CHI,"Tue, Jan 12, 2027|UTA|CHI"
bbr-CHI-39,"Thu, Jan 14, 2027",2026-27,CHI,MIN,CHI,"Thu, Jan 14, 2027|CHI|MIN"
bbr-CHI-40,"Sun, Jan 17, 2027",2026-27,CHI,TOR,CHI,"Sun, Jan 17, 2027|CHI|TOR"
bbr-CHI-41,"Tue, Jan 19, 2027",2026-27,TOR,CHI,CHI,"Tue, Jan 19, 2027|TOR|CHI"
bbr-CHI-43,"Sat, Jan 23, 2027",2026-27,CHI,PHI,CHI,"Sat, Jan 23, 2027|CHI|PHI"
bbr-CHI-44,"Mon, Jan 25, 2027",2026-27,CHI,DAL,CHI,"Mon, Jan 25, 2027|CHI|DAL"
bbr-CHI-45,"Tue, Jan 26, 2027",2026-27,IND,CHI,CHI,"Tue, Jan 26, 2027|IND|CHI"
bbr-CHI-46,"Thu, Jan 28, 2027",2026-27,ORL,CHI,CHI,"Thu, Jan 28, 2027|ORL|CHI"
bbr-CHI-47,"Sun, Jan 31, 2027",2026-27,OKC,CHI,CHI,"Sun, Jan 31, 2027|OKC|CHI"
bbr-CHI-48,"Tue, Feb 2, 2027",2026-27,DET,CHI,CHI,"Tue, Feb 2, 2027|DET|CHI"
bbr-CHI-49,"Thu, Feb 4, 2027",2026-27,CHI,OKC,CHI,"Thu, Feb 4, 2027|CHI|OKC"
bbr-CHI-50,"Sat, Feb 6, 2027",2026-27,CHI,NOP,CHI,"Sat, Feb 6, 2027|CHI|NOP"
bbr-CHI-51,"Mon, Feb 8, 2027",2026-27,WAS,CHI,CHI,"Mon, Feb 8, 2027|WAS|CHI"
bbr-CHI-52,"Tue, Feb 9, 2027",2026-27,CHI,GSW,CHI,"Tue, Feb 9, 2027|CHI|GSW"
bbr-CHI-53,"Thu, Feb 11, 2027",2026-27,DEN,CHI,CHI,"Thu, Feb 11, 2027|DEN|CHI"
bbr-CHI-54,"Sun, Feb 14, 2027",2026-27,POR,CHI,CHI,"Sun, Feb 14, 2027|POR|CHI"
bbr-CHI-55,"Tue, Feb 16, 2027",2026-27,LAL,CHI,CHI,"Tue, Feb 16, 2027|LAL|CHI"
bbr-CHI-56,"Wed, Feb 17, 2027",2026-27,LAC,CHI,CHI,"Wed, Feb 17, 2027|LAC|CHI"
bbr-CHI-59,"Mon, Mar 1, 2027",2026-27,DET,CHI,CHI,"Mon, Mar 1, 2027|DET|CHI"
bbr-CHI-62,"Sun, Mar 7, 2027",2026-27,CHI,POR,CHI,"Sun, Mar 7, 2027|CHI|POR"
bbr-CHI-64,"Thu, Mar 11, 2027",2026-27,CHI,PHO,CHI,"Thu, Mar 11, 2027|CHI|PHO"
bbr-CHI-65,"Sat, Mar 13, 2027",2026-27,CHI,MEM,CHI,"Sat, Mar 13, 2027|CHI|MEM"
bbr-CHI-66,"Mon, Mar 15, 2027",2026-27,CHI,ORL,CHI,"Mon, Mar 15, 2027|CHI|ORL"
bbr-CHI-67,"Wed, Mar 17, 2027",2026-27,PHI,CHI,CHI,"Wed, Mar 17, 2027|PHI|CHI"
bbr-CHI-68,"Sat, Mar 20, 2027",2026-27,CLE,CHI,CHI,"Sat, Mar 20, 2027|CLE|CHI"
bbr-CHI-69,"Mon, Mar 22, 2027",2026-27,CHI,SAC,CHI,"Mon, Mar 22, 2027|CHI|SAC"
bbr-CHI-70,"Wed, Mar 24, 2027",2026-27,CHI,ORL,CHI,"Wed, Mar 24, 2027|CHI|ORL"
bbr-CHI-71,"Thu, Mar 25, 2027",2026-27,MEM,CHI,CHI,"Thu, Mar 25, 2027|MEM|CHI"
bbr-CHI-72,"Sat, Mar 27, 2027",2026-27,CHI,LAC,CHI,"Sat, Mar 27, 2027|CHI|LAC"
bbr-CHI-73,"Mon, Mar 29, 2027",2026-27,CHI,IND,CHI,"Mon, Mar 29, 2027|CHI|IND"
bbr-CHI-74,"Wed, Mar 31, 2027",2026-27,WAS,CHI,CHI,"Wed, Mar 31, 2027|WAS|CHI"
bbr-CHI-75,"Fri, Apr 2, 2027",2026-27,CHI,DET,CHI,"Fri, Apr 2, 2027|CHI|DET"
bbr-CHI-76,"Sun, Apr 4, 2027",2026-27,HOU,CHI,CHI,"Sun, Apr 4, 2027|HOU|CHI"
bbr-CHI-77,"Tue, Apr 6, 2027",2026-27,MIL,CHI,CHI,"Tue, Apr 6, 2027|MIL|CHI"
bbr-CHI-79,"Fri, Apr 9, 2027",2026-27,CHI,MIL,CHI,"Fri, Apr 9, 2027|CHI|MIL"
bbr-CHI-80,"Sun, Apr 11, 2027",2026-27,NOP,CHI,CHI,"Sun, Apr 11, 2027|NOP|CHI"
bbr-CLE-1,"Thu, Oct 22, 2026",2026-27,PHI,CLE,CLE,"Thu, Oct 22, 2026|PHI|CLE"
bbr-CLE-3,"Mon, Oct 26, 2026",2026-27,CLE,MIN,CLE,"Mon, Oct 26, 2026|CLE|MIN"
bbr-CLE-4,"Wed, Oct 28, 2026",2026-27,CLE,WAS,CLE,"Wed, Oct 28, 2026|CLE|WAS"
bbr-CLE-6,"Sat, Oct 31, 2026",2026-27,MIL,CLE,CLE,"Sat, Oct 31, 2026|MIL|CLE"
bbr-CLE-7,"Mon, Nov 2, 2026",2026-27,CLE,OKC,CLE,"Mon, Nov 2, 2026|CLE|OKC"
bbr-CLE-8,"Wed, Nov 4, 2026",2026-27,OKC,CLE,CLE,"Wed, Nov 4, 2026|OKC|CLE"
bbr-CLE-9,"Fri, Nov 6, 2026",2026-27,CLE,PHI,CLE,"Fri, Nov 6, 2026|CLE|PHI"
bbr-CLE-10,"Sat, Nov 7, 2026",2026-27,CLE,NYK,CLE,"Sat, Nov 7, 2026|CLE|NYK"
bbr-CLE-12,"Wed, Nov 11, 2026",2026-27,NYK,CLE,CLE,"Wed, Nov 11, 2026|NYK|CLE"
bbr-CLE-13,"Fri, Nov 13, 2026",2026-27,MIA,CLE,CLE,"Fri, Nov 13, 2026|MIA|CLE"
bbr-CLE-14,"Sat, Nov 14, 2026",2026-27,CLE,DAL,CLE,"Sat, Nov 14, 2026|CLE|DAL"
bbr-CLE-16,"Wed, Nov 18, 2026",2026-27,CLE,MEM,CLE,"Wed, Nov 18, 2026|CLE|MEM"
bbr-CLE-17,"Fri, Nov 20, 2026",2026-27,CLE,IND,CLE,"Fri, Nov 20, 2026|CLE|IND"
bbr-CLE-19,"Wed, Nov 25, 2026",2026-27,NYK,CLE,CLE,"Wed, Nov 25, 2026|NYK|CLE"
bbr-CLE-20,"Sun, Nov 29, 2026",2026-27,CLE,MIA,CLE,"Sun, Nov 29, 2026|CLE|MIA"
bbr-CLE-21,"Tue, Dec 1, 2026",2026-27,CLE,IND,CLE,"Tue, Dec 1, 2026|CLE|IND"
bbr-CLE-23,"Sat, Dec 12, 2026",2026-27,CLE,GSW,CLE,"Sat, Dec 12, 2026|CLE|GSW"
bbr-CLE-24,"Tue, Dec 15, 2026",2026-27,CLE,SAS,CLE,"Tue, Dec 15, 2026|CLE|SAS"
bbr-CLE-25,"Wed, Dec 16, 2026",2026-27,ORL,CLE,CLE,"Wed, Dec 16, 2026|ORL|CLE"
bbr-CLE-26,"Fri, Dec 18, 2026",2026-27,DET,CLE,CLE,"Fri, Dec 18, 2026|DET|CLE"
bbr-CLE-27,"Sun, Dec 20, 2026",2026-27,CLE,UTA,CLE,"Sun, Dec 20, 2026|CLE|UTA"
bbr-CLE-28,"Mon, Dec 21, 2026",2026-27,CLE,NYK,CLE,"Mon, Dec 21, 2026|CLE|NYK"
bbr-CLE-29,"Wed, Dec 23, 2026",2026-27,WAS,CLE,CLE,"Wed, Dec 23, 2026|WAS|CLE"
bbr-CLE-30,"Sun, Dec 27, 2026",2026-27,CLE,WAS,CLE,"Sun, Dec 27, 2026|CLE|WAS"
bbr-CLE-32,"Thu, Dec 31, 2026",2026-27,CLE,LAC,CLE,"Thu, Dec 31, 2026|CLE|LAC"
bbr-CLE-34,"Sun, Jan 3, 2027",2026-27,HOU,CLE,CLE,"Sun, Jan 3, 2027|HOU|CLE"
bbr-CLE-35,"Tue, Jan 5, 2027",2026-27,CLE,TOR,CLE,"Tue, Jan 5, 2027|CLE|TOR"
bbr-CLE-36,"Thu, Jan 7, 2027",2026-27,ORL,CLE,CLE,"Thu, Jan 7, 2027|ORL|CLE"
bbr-CLE-37,"Sat, Jan 9, 2027",2026-27,CLE,DEN,CLE,"Sat, Jan 9, 2027|CLE|DEN"
bbr-CLE-38,"Mon, Jan 11, 2027",2026-27,MIN,CLE,CLE,"Mon, Jan 11, 2027|MIN|CLE"
bbr-CLE-40,"Fri, Jan 15, 2027",2026-27,MIL,CLE,CLE,"Fri, Jan 15, 2027|MIL|CLE"
bbr-CLE-41,"Sat, Jan 16, 2027",2026-27,MEM,CLE,CLE,"Sat, Jan 16, 2027|MEM|CLE"
bbr-CLE-42,"Mon, Jan 18, 2027",2026-27,CLE,DET,CLE,"Mon, Jan 18, 2027|CLE|DET"
bbr-CLE-44,"Sat, Jan 23, 2027",2026-27,DAL,CLE,CLE,"Sat, Jan 23, 2027|DAL|CLE"
bbr-CLE-45,"Mon, Jan 25, 2027",2026-27,NOP,CLE,CLE,"Mon, Jan 25, 2027|NOP|CLE"
bbr-CLE-46,"Wed, Jan 27, 2027",2026-27,CLE,DET,CLE,"Wed, Jan 27, 2027|CLE|DET"
bbr-CLE-47,"Fri, Jan 29, 2027",2026-27,TOR,CLE,CLE,"Fri, Jan 29, 2027|TOR|CLE"
bbr-CLE-48,"Sat, Jan 30, 2027",2026-27,CLE,NOP,CLE,"Sat, Jan 30, 2027|CLE|NOP"
bbr-CLE-49,"Mon, Feb 1, 2027",2026-27,UTA,CLE,CLE,"Mon, Feb 1, 2027|UTA|CLE"
bbr-CLE-50,"Wed, Feb 3, 2027",2026-27,PHO,CLE,CLE,"Wed, Feb 3, 2027|PHO|CLE"
bbr-CLE-51,"Thu, Feb 4, 2027",2026-27,POR,CLE,CLE,"Thu, Feb 4, 2027|POR|CLE"
bbr-CLE-52,"Sat, Feb 6, 2027",2026-27,CLE,ORL,CLE,"Sat, Feb 6, 2027|CLE|ORL"
bbr-CLE-53,"Tue, Feb 9, 2027",2026-27,CLE,TOR,CLE,"Tue, Feb 9, 2027|CLE|TOR"
bbr-CLE-54,"Wed, Feb 10, 2027",2026-27,IND,CLE,CLE,"Wed, Feb 10, 2027|IND|CLE"
bbr-CLE-55,"Fri, Feb 12, 2027",2026-27,TOR,CLE,CLE,"Fri, Feb 12, 2027|TOR|CLE"
bbr-CLE-56,"Sun, Feb 14, 2027",2026-27,CLE,PHO,CLE,"Sun, Feb 14, 2027|CLE|PHO"
bbr-CLE-57,"Tue, Feb 16, 2027",2026-27,CLE,MIL,CLE,"Tue, Feb 16, 2027|CLE|MIL"
bbr-CLE-58,"Wed, Feb 17, 2027",2026-27,CLE,MIL,CLE,"Wed, Feb 17, 2027|CLE|MIL"
bbr-CLE-59,"Thu, Feb 25, 2027",2026-27,CLE,SAC,CLE,"Thu, Feb 25, 2027|CLE|SAC"
bbr-CLE-61,"Mon, Mar 1, 2027",2026-27,CLE,PHI,CLE,"Mon, Mar 1, 2027|CLE|PHI"
bbr-CLE-62,"Thu, Mar 4, 2027",2026-27,CLE,POR,CLE,"Thu, Mar 4, 2027|CLE|POR"
bbr-CLE-64,"Tue, Mar 9, 2027",2026-27,DET,CLE,CLE,"Tue, Mar 9, 2027|DET|CLE"
bbr-CLE-65,"Thu, Mar 11, 2027",2026-27,LAC,CLE,CLE,"Thu, Mar 11, 2027|LAC|CLE"
bbr-CLE-66,"Fri, Mar 12, 2027",2026-27,LAL,CLE,CLE,"Fri, Mar 12, 2027|LAL|CLE"
bbr-CLE-67,"Sun, Mar 14, 2027",2026-27,SAC,CLE,CLE,"Sun, Mar 14, 2027|SAC|CLE"
bbr-CLE-68,"Tue, Mar 16, 2027",2026-27,GSW,CLE,CLE,"Tue, Mar 16, 2027|GSW|CLE"
bbr-CLE-69,"Thu, Mar 18, 2027",2026-27,DEN,CLE,CLE,"Thu, Mar 18, 2027|DEN|CLE"
bbr-CLE-71,"Mon, Mar 22, 2027",2026-27,CLE,HOU,CLE,"Mon, Mar 22, 2027|CLE|HOU"
bbr-CLE-72,"Thu, Mar 25, 2027",2026-27,CLE,LAL,CLE,"Thu, Mar 25, 2027|CLE|LAL"
bbr-CLE-73,"Mon, Mar 29, 2027",2026-27,CLE,MIA,CLE,"Mon, Mar 29, 2027|CLE|MIA"
bbr-CLE-78,"Wed, Apr 7, 2027",2026-27,SAS,CLE,CLE,"Wed, Apr 7, 2027|SAS|CLE"
bbr-CLE-79,"Fri, Apr 9, 2027",2026-27,IND,CLE,CLE,"Fri, Apr 9, 2027|IND|CLE"
bbr-DAL-1,"Wed, Oct 21, 2026",2026-27,HOU,DAL,DAL,"Wed, Oct 21, 2026|HOU|DAL"
bbr-DAL-2,"Fri, Oct 23, 2026",2026-27,IND,DAL,DAL,"Fri, Oct 23, 2026|IND|DAL"
bbr-DAL-3,"Sat, Oct 24, 2026",2026-27,DAL,SAS,DAL,"Sat, Oct 24, 2026|DAL|SAS"
bbr-DAL-4,"Mon, Oct 26, 2026",2026-27,MIA,DAL,DAL,"Mon, Oct 26, 2026|MIA|DAL"
bbr-DAL-5,"Wed, Oct 28, 2026",2026-27,DAL,OKC,DAL,"Wed, Oct 28, 2026|DAL|OKC"
bbr-DAL-6,"Fri, Oct 30, 2026",2026-27,DAL,HOU,DAL,"Fri, Oct 30, 2026|DAL|HOU"
bbr-DAL-7,"Mon, Nov 2, 2026",2026-27,DAL,SAC,DAL,"Mon, Nov 2, 2026|DAL|SAC"
bbr-DAL-8,"Wed, Nov 4, 2026",2026-27,SAS,DAL,DAL,"Wed, Nov 4, 2026|SAS|DAL"
bbr-DAL-9,"Fri, Nov 6, 2026",2026-27,DAL,UTA,DAL,"Fri, Nov 6, 2026|DAL|UTA"
bbr-DAL-11,"Mon, Nov 9, 2026",2026-27,DAL,IND,DAL,"Mon, Nov 9, 2026|DAL|IND"
bbr-DAL-12,"Thu, Nov 12, 2026",2026-27,MIN,DAL,DAL,"Thu, Nov 12, 2026|MIN|DAL"
bbr-DAL-15,"Wed, Nov 18, 2026",2026-27,DAL,GSW,DAL,"Wed, Nov 18, 2026|DAL|GSW"
bbr-DAL-16,"Sat, Nov 21, 2026",2026-27,DAL,LAC,DAL,"Sat, Nov 21, 2026|DAL|LAC"
bbr-DAL-17,"Sun, Nov 22, 2026",2026-27,UTA,DAL,DAL,"Sun, Nov 22, 2026|UTA|DAL"
bbr-DAL-18,"Tue, Nov 24, 2026",2026-27,DEN,DAL,DAL,"Tue, Nov 24, 2026|DEN|DAL"
bbr-DAL-19,"Fri, Nov 27, 2026",2026-27,PHO,DAL,DAL,"Fri, Nov 27, 2026|PHO|DAL"
bbr-DAL-21,"Wed, Dec 2, 2026",2026-27,DAL,ORL,DAL,"Wed, Dec 2, 2026|DAL|ORL"
bbr-DAL-22,"Mon, Dec 14, 2026",2026-27,DAL,MIL,DAL,"Mon, Dec 14, 2026|DAL|MIL"
bbr-DAL-24,"Thu, Dec 17, 2026",2026-27,PHI,DAL,DAL,"Thu, Dec 17, 2026|PHI|DAL"
bbr-DAL-26,"Tue, Dec 22, 2026",2026-27,GSW,DAL,DAL,"Tue, Dec 22, 2026|GSW|DAL"
bbr-DAL-27,"Wed, Dec 23, 2026",2026-27,SAC,DAL,DAL,"Wed, Dec 23, 2026|SAC|DAL"
bbr-DAL-28,"Sat, Dec 26, 2026",2026-27,DAL,PHO,DAL,"Sat, Dec 26, 2026|DAL|PHO"
bbr-DAL-29,"Tue, Dec 29, 2026",2026-27,DAL,MIA,DAL,"Tue, Dec 29, 2026|DAL|MIA"
bbr-DAL-30,"Fri, Jan 1, 2027",2026-27,HOU,DAL,DAL,"Fri, Jan 1, 2027|HOU|DAL"
bbr-DAL-32,"Mon, Jan 4, 2027",2026-27,NOP,DAL,DAL,"Mon, Jan 4, 2027|NOP|DAL"
bbr-DAL-33,"Thu, Jan 7, 2027",2026-27,DAL,POR,DAL,"Thu, Jan 7, 2027|DAL|POR"
bbr-DAL-34,"Fri, Jan 8, 2027",2026-27,DAL,PHO,DAL,"Fri, Jan 8, 2027|DAL|PHO"
bbr-DAL-35,"Sun, Jan 10, 2027",2026-27,MEM,DAL,DAL,"Sun, Jan 10, 2027|MEM|DAL"
bbr-DAL-36,"Tue, Jan 12, 2027",2026-27,MEM,DAL,DAL,"Tue, Jan 12, 2027|MEM|DAL"
bbr-DAL-37,"Thu, Jan 14, 2027",2026-27,DET,DAL,DAL,"Thu, Jan 14, 2027|DET|DAL"
bbr-DAL-38,"Sat, Jan 16, 2027",2026-27,NYK,DAL,DAL,"Sat, Jan 16, 2027|NYK|DAL"
bbr-DAL-39,"Mon, Jan 18, 2027",2026-27,DAL,OKC,DAL,"Mon, Jan 18, 2027|DAL|OKC"
bbr-DAL-41,"Fri, Jan 22, 2027",2026-27,NOP,DAL,DAL,"Fri, Jan 22, 2027|NOP|DAL"
bbr-DAL-44,"Wed, Jan 27, 2027",2026-27,TOR,DAL,DAL,"Wed, Jan 27, 2027|TOR|DAL"
bbr-DAL-45,"Fri, Jan 29, 2027",2026-27,DAL,DET,DAL,"Fri, Jan 29, 2027|DAL|DET"
bbr-DAL-46,"Sun, Jan 31, 2027",2026-27,DAL,HOU,DAL,"Sun, Jan 31, 2027|DAL|HOU"
bbr-DAL-47,"Tue, Feb 2, 2027",2026-27,DAL,TOR,DAL,"Tue, Feb 2, 2027|DAL|TOR"
bbr-DAL-48,"Thu, Feb 4, 2027",2026-27,DEN,DAL,DAL,"Thu, Feb 4, 2027|DEN|DAL"
bbr-DAL-49,"Sat, Feb 6, 2027",2026-27,DAL,UTA,DAL,"Sat, Feb 6, 2027|DAL|UTA"
bbr-DAL-50,"Sun, Feb 7, 2027",2026-27,DAL,LAC,DAL,"Sun, Feb 7, 2027|DAL|LAC"
bbr-DAL-51,"Tue, Feb 9, 2027",2026-27,DAL,SAS,DAL,"Tue, Feb 9, 2027|DAL|SAS"
bbr-DAL-52,"Thu, Feb 11, 2027",2026-27,DAL,POR,DAL,"Thu, Feb 11, 2027|DAL|POR"
bbr-DAL-54,"Mon, Feb 15, 2027",2026-27,DAL,PHI,DAL,"Mon, Feb 15, 2027|DAL|PHI"
bbr-DAL-55,"Wed, Feb 17, 2027",2026-27,ORL,DAL,DAL,"Wed, Feb 17, 2027|ORL|DAL"
bbr-DAL-56,"Thu, Feb 25, 2027",2026-27,GSW,DAL,DAL,"Thu, Feb 25, 2027|GSW|DAL"
bbr-DAL-57,"Fri, Feb 26, 2027",2026-27,POR,DAL,DAL,"Fri, Feb 26, 2027|POR|DAL"
bbr-DAL-58,"Sun, Feb 28, 2027",2026-27,DAL,LAL,DAL,"Sun, Feb 28, 2027|DAL|LAL"
bbr-DAL-59,"Tue, Mar 2, 2027",2026-27,DAL,GSW,DAL,"Tue, Mar 2, 2027|DAL|GSW"
bbr-DAL-60,"Thu, Mar 4, 2027",2026-27,DAL,NYK,DAL,"Thu, Mar 4, 2027|DAL|NYK"
bbr-DAL-61,"Mon, Mar 8, 2027",2026-27,OKC,DAL,DAL,"Mon, Mar 8, 2027|OKC|DAL"
bbr-DAL-62,"Tue, Mar 9, 2027",2026-27,DAL,MEM,DAL,"Tue, Mar 9, 2027|DAL|MEM"
bbr-DAL-63,"Thu, Mar 11, 2027",2026-27,DAL,WAS,DAL,"Thu, Mar 11, 2027|DAL|WAS"
bbr-DAL-64,"Sat, Mar 13, 2027",2026-27,DAL,NOP,DAL,"Sat, Mar 13, 2027|DAL|NOP"
bbr-DAL-66,"Wed, Mar 17, 2027",2026-27,OKC,DAL,DAL,"Wed, Mar 17, 2027|OKC|DAL"
bbr-DAL-67,"Fri, Mar 19, 2027",2026-27,SAS,DAL,DAL,"Fri, Mar 19, 2027|SAS|DAL"
bbr-DAL-68,"Sun, Mar 21, 2027",2026-27,LAL,DAL,DAL,"Sun, Mar 21, 2027|LAL|DAL"
bbr-DAL-69,"Mon, Mar 22, 2027",2026-27,LAC,DAL,DAL,"Mon, Mar 22, 2027|LAC|DAL"
bbr-DAL-70,"Wed, Mar 24, 2027",2026-27,MIN,DAL,DAL,"Wed, Mar 24, 2027|MIN|DAL"
bbr-DAL-71,"Fri, Mar 26, 2027",2026-27,DAL,NOP,DAL,"Fri, Mar 26, 2027|DAL|NOP"
bbr-DAL-72,"Sun, Mar 28, 2027",2026-27,WAS,DAL,DAL,"Sun, Mar 28, 2027|WAS|DAL"
bbr-DAL-73,"Mon, Mar 29, 2027",2026-27,MIL,DAL,DAL,"Mon, Mar 29, 2027|MIL|DAL"
bbr-DAL-74,"Wed, Mar 31, 2027",2026-27,DAL,DEN,DAL,"Wed, Mar 31, 2027|DAL|DEN"
bbr-DAL-75,"Fri, Apr 2, 2027",2026-27,DAL,SAC,DAL,"Fri, Apr 2, 2027|DAL|SAC"
bbr-DAL-76,"Sun, Apr 4, 2027",2026-27,DAL,MIN,DAL,"Sun, Apr 4, 2027|DAL|MIN"
bbr-DAL-77,"Tue, Apr 6, 2027",2026-27,LAL,DAL,DAL,"Tue, Apr 6, 2027|LAL|DAL"
bbr-DAL-78,"Wed, Apr 7, 2027",2026-27,POR,DAL,DAL,"Wed, Apr 7, 2027|POR|DAL"
bbr-DAL-79,"Fri, Apr 9, 2027",2026-27,SAC,DAL,DAL,"Fri, Apr 9, 2027|SAC|DAL"
bbr-DAL-80,"Sun, Apr 11, 2027",2026-27,DAL,MEM,DAL,"Sun, Apr 11, 2027|DAL|MEM"
bbr-DEN-1,"Thu, Oct 22, 2026",2026-27,OKC,DEN,DEN,"Thu, Oct 22, 2026|OKC|DEN"
bbr-DEN-2,"Sat, Oct 24, 2026",2026-27,DEN,NOP,DEN,"Sat, Oct 24, 2026|DEN|NOP"
bbr-DEN-3,"Mon, Oct 26, 2026",2026-27,DEN,GSW,DEN,"Mon, Oct 26, 2026|DEN|GSW"
bbr-DEN-4,"Wed, Oct 28, 2026",2026-27,NOP,DEN,DEN,"Wed, Oct 28, 2026|NOP|DEN"
bbr-DEN-5,"Fri, Oct 30, 2026",2026-27,PHO,DEN,DEN,"Fri, Oct 30, 2026|PHO|DEN"
bbr-DEN-6,"Mon, Nov 2, 2026",2026-27,DEN,POR,DEN,"Mon, Nov 2, 2026|DEN|POR"
bbr-DEN-7,"Wed, Nov 4, 2026",2026-27,DEN,TOR,DEN,"Wed, Nov 4, 2026|DEN|TOR"
bbr-DEN-8,"Sat, Nov 7, 2026",2026-27,IND,DEN,DEN,"Sat, Nov 7, 2026|IND|DEN"
bbr-DEN-9,"Mon, Nov 9, 2026",2026-27,HOU,DEN,DEN,"Mon, Nov 9, 2026|HOU|DEN"
bbr-DEN-10,"Wed, Nov 11, 2026",2026-27,MEM,DEN,DEN,"Wed, Nov 11, 2026|MEM|DEN"
bbr-DEN-11,"Sat, Nov 14, 2026",2026-27,NOP,DEN,DEN,"Sat, Nov 14, 2026|NOP|DEN"
bbr-DEN-12,"Mon, Nov 16, 2026",2026-27,DEN,PHO,DEN,"Mon, Nov 16, 2026|DEN|PHO"
bbr-DEN-14,"Fri, Nov 20, 2026",2026-27,DEN,HOU,DEN,"Fri, Nov 20, 2026|DEN|HOU"
bbr-DEN-17,"Fri, Nov 27, 2026",2026-27,UTA,DEN,DEN,"Fri, Nov 27, 2026|UTA|DEN"
bbr-DEN-18,"Sun, Nov 29, 2026",2026-27,TOR,DEN,DEN,"Sun, Nov 29, 2026|TOR|DEN"
bbr-DEN-19,"Mon, Nov 30, 2026",2026-27,DET,DEN,DEN,"Mon, Nov 30, 2026|DET|DEN"
bbr-DEN-20,"Wed, Dec 2, 2026",2026-27,PHI,DEN,DEN,"Wed, Dec 2, 2026|PHI|DEN"
bbr-DEN-21,"Sat, Dec 12, 2026",2026-27,UTA,DEN,DEN,"Sat, Dec 12, 2026|UTA|DEN"
bbr-DEN-22,"Tue, Dec 15, 2026",2026-27,POR,DEN,DEN,"Tue, Dec 15, 2026|POR|DEN"
bbr-DEN-24,"Sat, Dec 19, 2026",2026-27,DEN,LAL,DEN,"Sat, Dec 19, 2026|DEN|LAL"
bbr-DEN-25,"Mon, Dec 21, 2026",2026-27,LAC,DEN,DEN,"Mon, Dec 21, 2026|LAC|DEN"
bbr-DEN-26,"Wed, Dec 23, 2026",2026-27,LAL,DEN,DEN,"Wed, Dec 23, 2026|LAL|DEN"
bbr-DEN-27,"Fri, Dec 25, 2026",2026-27,GSW,DEN,DEN,"Fri, Dec 25, 2026|GSW|DEN"
bbr-DEN-28,"Sun, Dec 27, 2026",2026-27,DEN,IND,DEN,"Sun, Dec 27, 2026|DEN|IND"
bbr-DEN-29,"Mon, Dec 28, 2026",2026-27,DEN,MIN,DEN,"Mon, Dec 28, 2026|DEN|MIN"
bbr-DEN-30,"Thu, Dec 31, 2026",2026-27,MIN,DEN,DEN,"Thu, Dec 31, 2026|MIN|DEN"
bbr-DEN-31,"Sat, Jan 2, 2027",2026-27,DEN,NYK,DEN,"Sat, Jan 2, 2027|DEN|NYK"
bbr-DEN-32,"Sun, Jan 3, 2027",2026-27,DEN,DET,DEN,"Sun, Jan 3, 2027|DEN|DET"
bbr-DEN-33,"Tue, Jan 5, 2027",2026-27,DEN,PHO,DEN,"Tue, Jan 5, 2027|DEN|PHO"
bbr-DEN-36,"Mon, Jan 11, 2027",2026-27,NYK,DEN,DEN,"Mon, Jan 11, 2027|NYK|DEN"
bbr-DEN-37,"Tue, Jan 12, 2027",2026-27,MIL,DEN,DEN,"Tue, Jan 12, 2027|MIL|DEN"
bbr-DEN-38,"Thu, Jan 14, 2027",2026-27,DEN,MEM,DEN,"Thu, Jan 14, 2027|DEN|MEM"
bbr-DEN-40,"Sun, Jan 17, 2027",2026-27,DEN,ORL,DEN,"Sun, Jan 17, 2027|DEN|ORL"
bbr-DEN-41,"Tue, Jan 19, 2027",2026-27,DEN,UTA,DEN,"Tue, Jan 19, 2027|DEN|UTA"
bbr-DEN-42,"Thu, Jan 21, 2027",2026-27,DEN,WAS,DEN,"Thu, Jan 21, 2027|DEN|WAS"
bbr-DEN-43,"Sat, Jan 23, 2027",2026-27,DEN,MIL,DEN,"Sat, Jan 23, 2027|DEN|MIL"
bbr-DEN-44,"Mon, Jan 25, 2027",2026-27,DEN,SAC,DEN,"Mon, Jan 25, 2027|DEN|SAC"
bbr-DEN-45,"Wed, Jan 27, 2027",2026-27,MIN,DEN,DEN,"Wed, Jan 27, 2027|MIN|DEN"
bbr-DEN-46,"Sat, Jan 30, 2027",2026-27,OKC,DEN,DEN,"Sat, Jan 30, 2027|OKC|DEN"
bbr-DEN-47,"Sun, Jan 31, 2027",2026-27,DEN,POR,DEN,"Sun, Jan 31, 2027|DEN|POR"
bbr-DEN-48,"Tue, Feb 2, 2027",2026-27,DEN,OKC,DEN,"Tue, Feb 2, 2027|DEN|OKC"
bbr-DEN-50,"Fri, Feb 5, 2027",2026-27,DEN,LAC,DEN,"Fri, Feb 5, 2027|DEN|LAC"
bbr-DEN-54,"Fri, Feb 12, 2027",2026-27,LAL,DEN,DEN,"Fri, Feb 12, 2027|LAL|DEN"
bbr-DEN-55,"Sun, Feb 14, 2027",2026-27,HOU,DEN,DEN,"Sun, Feb 14, 2027|HOU|DEN"
bbr-DEN-56,"Wed, Feb 17, 2027",2026-27,DEN,UTA,DEN,"Wed, Feb 17, 2027|DEN|UTA"
bbr-DEN-57,"Fri, Feb 26, 2027",2026-27,DEN,LAL,DEN,"Fri, Feb 26, 2027|DEN|LAL"
bbr-DEN-58,"Sun, Feb 28, 2027",2026-27,SAS,DEN,DEN,"Sun, Feb 28, 2027|SAS|DEN"
bbr-DEN-60,"Wed, Mar 3, 2027",2026-27,DEN,SAS,DEN,"Wed, Mar 3, 2027|DEN|SAS"
bbr-DEN-61,"Sun, Mar 7, 2027",2026-27,DEN,MIN,DEN,"Sun, Mar 7, 2027|DEN|MIN"
bbr-DEN-62,"Mon, Mar 8, 2027",2026-27,SAC,DEN,DEN,"Mon, Mar 8, 2027|SAC|DEN"
bbr-DEN-63,"Wed, Mar 10, 2027",2026-27,POR,DEN,DEN,"Wed, Mar 10, 2027|POR|DEN"
bbr-DEN-64,"Fri, Mar 12, 2027",2026-27,DEN,GSW,DEN,"Fri, Mar 12, 2027|DEN|GSW"
bbr-DEN-65,"Sun, Mar 14, 2027",2026-27,DEN,MIA,DEN,"Sun, Mar 14, 2027|DEN|MIA"
bbr-DEN-66,"Tue, Mar 16, 2027",2026-27,LAC,DEN,DEN,"Tue, Mar 16, 2027|LAC|DEN"
bbr-DEN-68,"Sat, Mar 20, 2027",2026-27,ORL,DEN,DEN,"Sat, Mar 20, 2027|ORL|DEN"
bbr-DEN-69,"Sun, Mar 21, 2027",2026-27,MIA,DEN,DEN,"Sun, Mar 21, 2027|MIA|DEN"
bbr-DEN-70,"Wed, Mar 24, 2027",2026-27,WAS,DEN,DEN,"Wed, Mar 24, 2027|WAS|DEN"
bbr-DEN-72,"Sun, Mar 28, 2027",2026-27,DEN,PHI,DEN,"Sun, Mar 28, 2027|DEN|PHI"
bbr-DEN-73,"Mon, Mar 29, 2027",2026-27,SAC,DEN,DEN,"Mon, Mar 29, 2027|SAC|DEN"
bbr-DEN-75,"Fri, Apr 2, 2027",2026-27,PHO,DEN,DEN,"Fri, Apr 2, 2027|PHO|DEN"
bbr-DEN-76,"Sun, Apr 4, 2027",2026-27,DEN,MEM,DEN,"Sun, Apr 4, 2027|DEN|MEM"
bbr-DEN-77,"Tue, Apr 6, 2027",2026-27,DEN,NOP,DEN,"Tue, Apr 6, 2027|DEN|NOP"
bbr-DEN-78,"Thu, Apr 8, 2027",2026-27,DEN,LAC,DEN,"Thu, Apr 8, 2027|DEN|LAC"
bbr-DEN-79,"Fri, Apr 9, 2027",2026-27,SAS,DEN,DEN,"Fri, Apr 9, 2027|SAS|DEN"
bbr-DEN-80,"Sun, Apr 11, 2027",2026-27,DEN,OKC,DEN,"Sun, Apr 11, 2027|DEN|OKC"
bbr-DET-2,"Fri, Oct 23, 2026",2026-27,MIA,DET,DET,"Fri, Oct 23, 2026|MIA|DET"
bbr-DET-3,"Sun, Oct 25, 2026",2026-27,PHI,DET,DET,"Sun, Oct 25, 2026|PHI|DET"
bbr-DET-4,"Tue, Oct 27, 2026",2026-27,NYK,DET,DET,"Tue, Oct 27, 2026|NYK|DET"
bbr-DET-8,"Wed, Nov 4, 2026",2026-27,DET,PHI,DET,"Wed, Nov 4, 2026|DET|PHI"
bbr-DET-9,"Sun, Nov 8, 2026",2026-27,DET,LAL,DET,"Sun, Nov 8, 2026|DET|LAL"
bbr-DET-10,"Mon, Nov 9, 2026",2026-27,DET,WAS,DET,"Mon, Nov 9, 2026|DET|WAS"
bbr-DET-11,"Thu, Nov 12, 2026",2026-27,WAS,DET,DET,"Thu, Nov 12, 2026|WAS|DET"
bbr-DET-12,"Sat, Nov 14, 2026",2026-27,MIA,DET,DET,"Sat, Nov 14, 2026|MIA|DET"
bbr-DET-13,"Tue, Nov 17, 2026",2026-27,SAS,DET,DET,"Tue, Nov 17, 2026|SAS|DET"
bbr-DET-14,"Wed, Nov 18, 2026",2026-27,NOP,DET,DET,"Wed, Nov 18, 2026|NOP|DET"
bbr-DET-15,"Fri, Nov 20, 2026",2026-27,DET,TOR,DET,"Fri, Nov 20, 2026|DET|TOR"
bbr-DET-17,"Tue, Nov 24, 2026",2026-27,ORL,DET,DET,"Tue, Nov 24, 2026|ORL|DET"
bbr-DET-18,"Fri, Nov 27, 2026",2026-27,DET,MIL,DET,"Fri, Nov 27, 2026|DET|MIL"
bbr-DET-19,"Sun, Nov 29, 2026",2026-27,DET,ORL,DET,"Sun, Nov 29, 2026|DET|ORL"
bbr-DET-21,"Wed, Dec 2, 2026",2026-27,DET,MEM,DET,"Wed, Dec 2, 2026|DET|MEM"
bbr-DET-22,"Sun, Dec 13, 2026",2026-27,IND,DET,DET,"Sun, Dec 13, 2026|IND|DET"
bbr-DET-24,"Wed, Dec 16, 2026",2026-27,DET,PHO,DET,"Wed, Dec 16, 2026|DET|PHO"
bbr-DET-27,"Tue, Dec 22, 2026",2026-27,OKC,DET,DET,"Tue, Dec 22, 2026|OKC|DET"
bbr-DET-30,"Sun, Dec 27, 2026",2026-27,DET,POR,DET,"Sun, Dec 27, 2026|DET|POR"
bbr-DET-31,"Wed, Dec 30, 2026",2026-27,DET,NOP,DET,"Wed, Dec 30, 2026|DET|NOP"
bbr-DET-32,"Fri, Jan 1, 2027",2026-27,DET,ORL,DET,"Fri, Jan 1, 2027|DET|ORL"
bbr-DET-34,"Tue, Jan 5, 2027",2026-27,SAC,DET,DET,"Tue, Jan 5, 2027|SAC|DET"
bbr-DET-35,"Thu, Jan 7, 2027",2026-27,GSW,DET,DET,"Thu, Jan 7, 2027|GSW|DET"
bbr-DET-36,"Fri, Jan 8, 2027",2026-27,LAL,DET,DET,"Fri, Jan 8, 2027|LAL|DET"
bbr-DET-37,"Sun, Jan 10, 2027",2026-27,DET,UTA,DET,"Sun, Jan 10, 2027|DET|UTA"
bbr-DET-38,"Tue, Jan 12, 2027",2026-27,TOR,DET,DET,"Tue, Jan 12, 2027|TOR|DET"
bbr-DET-40,"Sat, Jan 16, 2027",2026-27,HOU,DET,DET,"Sat, Jan 16, 2027|HOU|DET"
bbr-DET-42,"Fri, Jan 22, 2027",2026-27,DET,IND,DET,"Fri, Jan 22, 2027|DET|IND"
bbr-DET-43,"Sun, Jan 24, 2027",2026-27,DET,MIN,DET,"Sun, Jan 24, 2027|DET|MIN"
bbr-DET-47,"Sun, Jan 31, 2027",2026-27,DET,SAC,DET,"Sun, Jan 31, 2027|DET|SAC"
bbr-DET-49,"Wed, Feb 3, 2027",2026-27,DET,NYK,DET,"Wed, Feb 3, 2027|DET|NYK"
bbr-DET-50,"Fri, Feb 5, 2027",2026-27,PHI,DET,DET,"Fri, Feb 5, 2027|PHI|DET"
bbr-DET-51,"Sun, Feb 7, 2027",2026-27,DET,GSW,DET,"Sun, Feb 7, 2027|DET|GSW"
bbr-DET-52,"Tue, Feb 9, 2027",2026-27,LAC,DET,DET,"Tue, Feb 9, 2027|LAC|DET"
bbr-DET-53,"Wed, Feb 10, 2027",2026-27,PHO,DET,DET,"Wed, Feb 10, 2027|PHO|DET"
bbr-DET-54,"Sat, Feb 13, 2027",2026-27,POR,DET,DET,"Sat, Feb 13, 2027|POR|DET"
bbr-DET-55,"Mon, Feb 15, 2027",2026-27,UTA,DET,DET,"Mon, Feb 15, 2027|UTA|DET"
bbr-DET-56,"Wed, Feb 17, 2027",2026-27,DET,NYK,DET,"Wed, Feb 17, 2027|DET|NYK"
bbr-DET-57,"Thu, Feb 25, 2027",2026-27,DET,MIA,DET,"Thu, Feb 25, 2027|DET|MIA"
bbr-DET-58,"Sat, Feb 27, 2027",2026-27,DET,OKC,DET,"Sat, Feb 27, 2027|DET|OKC"
bbr-DET-60,"Tue, Mar 2, 2027",2026-27,MIL,DET,DET,"Tue, Mar 2, 2027|MIL|DET"
bbr-DET-63,"Thu, Mar 11, 2027",2026-27,DET,MIL,DET,"Thu, Mar 11, 2027|DET|MIL"
bbr-DET-65,"Sun, Mar 14, 2027",2026-27,TOR,DET,DET,"Sun, Mar 14, 2027|TOR|DET"
bbr-DET-66,"Tue, Mar 16, 2027",2026-27,IND,DET,DET,"Tue, Mar 16, 2027|IND|DET"
bbr-DET-67,"Thu, Mar 18, 2027",2026-27,MIL,DET,DET,"Thu, Mar 18, 2027|MIL|DET"
bbr-DET-69,"Mon, Mar 22, 2027",2026-27,MIN,DET,DET,"Mon, Mar 22, 2027|MIN|DET"
bbr-DET-71,"Thu, Mar 25, 2027",2026-27,DET,HOU,DET,"Thu, Mar 25, 2027|DET|HOU"
bbr-DET-72,"Sat, Mar 27, 2027",2026-27,DET,SAS,DET,"Sat, Mar 27, 2027|DET|SAS"
bbr-DET-73,"Mon, Mar 29, 2027",2026-27,DET,LAC,DET,"Mon, Mar 29, 2027|DET|LAC"
bbr-DET-74,"Wed, Mar 31, 2027",2026-27,DET,TOR,DET,"Wed, Mar 31, 2027|DET|TOR"
bbr-DET-76,"Sun, Apr 4, 2027",2026-27,DET,MIA,DET,"Sun, Apr 4, 2027|DET|MIA"
bbr-DET-77,"Tue, Apr 6, 2027",2026-27,MEM,DET,DET,"Tue, Apr 6, 2027|MEM|DET"
bbr-DET-78,"Wed, Apr 7, 2027",2026-27,DET,IND,DET,"Wed, Apr 7, 2027|DET|IND"
bbr-DET-79,"Fri, Apr 9, 2027",2026-27,NYK,DET,DET,"Fri, Apr 9, 2027|NYK|DET"
bbr-DET-80,"Sun, Apr 11, 2027",2026-27,WAS,DET,DET,"Sun, Apr 11, 2027|WAS|DET"
bbr-GSW-1,"Wed, Oct 21, 2026",2026-27,LAL,GSW,GSW,"Wed, Oct 21, 2026|LAL|GSW"
bbr-GSW-2,"Fri, Oct 23, 2026",2026-27,GSW,MEM,GSW,"Fri, Oct 23, 2026|GSW|MEM"
bbr-GSW-3,"Sat, Oct 24, 2026",2026-27,PHO,GSW,GSW,"Sat, Oct 24, 2026|PHO|GSW"
bbr-GSW-5,"Wed, Oct 28, 2026",2026-27,MIN,GSW,GSW,"Wed, Oct 28, 2026|MIN|GSW"
bbr-GSW-6,"Fri, Oct 30, 2026",2026-27,GSW,LAL,GSW,"Fri, Oct 30, 2026|GSW|LAL"
bbr-GSW-7,"Sun, Nov 1, 2026",2026-27,GSW,LAC,GSW,"Sun, Nov 1, 2026|GSW|LAC"
bbr-GSW-8,"Mon, Nov 2, 2026",2026-27,GSW,PHO,GSW,"Mon, Nov 2, 2026|GSW|PHO"
bbr-GSW-9,"Thu, Nov 5, 2026",2026-27,GSW,MIA,GSW,"Thu, Nov 5, 2026|GSW|MIA"
bbr-GSW-10,"Sat, Nov 7, 2026",2026-27,GSW,ORL,GSW,"Sat, Nov 7, 2026|GSW|ORL"
bbr-GSW-11,"Mon, Nov 9, 2026",2026-27,GSW,NOP,GSW,"Mon, Nov 9, 2026|GSW|NOP"
bbr-GSW-12,"Wed, Nov 11, 2026",2026-27,HOU,GSW,GSW,"Wed, Nov 11, 2026|HOU|GSW"
bbr-GSW-13,"Fri, Nov 13, 2026",2026-27,SAS,GSW,GSW,"Fri, Nov 13, 2026|SAS|GSW"
bbr-GSW-14,"Mon, Nov 16, 2026",2026-27,NOP,GSW,GSW,"Mon, Nov 16, 2026|NOP|GSW"
bbr-GSW-16,"Thu, Nov 19, 2026",2026-27,MEM,GSW,GSW,"Thu, Nov 19, 2026|MEM|GSW"
bbr-GSW-18,"Wed, Nov 25, 2026",2026-27,GSW,SAC,GSW,"Wed, Nov 25, 2026|GSW|SAC"
bbr-GSW-19,"Fri, Nov 27, 2026",2026-27,POR,GSW,GSW,"Fri, Nov 27, 2026|POR|GSW"
bbr-GSW-20,"Sun, Nov 29, 2026",2026-27,GSW,LAC,GSW,"Sun, Nov 29, 2026|GSW|LAC"
bbr-GSW-21,"Tue, Dec 1, 2026",2026-27,GSW,UTA,GSW,"Tue, Dec 1, 2026|GSW|UTA"
bbr-GSW-23,"Mon, Dec 14, 2026",2026-27,MEM,GSW,GSW,"Mon, Dec 14, 2026|MEM|GSW"
bbr-GSW-24,"Wed, Dec 16, 2026",2026-27,IND,GSW,GSW,"Wed, Dec 16, 2026|IND|GSW"
bbr-GSW-25,"Fri, Dec 18, 2026",2026-27,TOR,GSW,GSW,"Fri, Dec 18, 2026|TOR|GSW"
bbr-GSW-26,"Sun, Dec 20, 2026",2026-27,MIL,GSW,GSW,"Sun, Dec 20, 2026|MIL|GSW"
bbr-GSW-28,"Wed, Dec 23, 2026",2026-27,LAC,GSW,GSW,"Wed, Dec 23, 2026|LAC|GSW"
bbr-GSW-30,"Sun, Dec 27, 2026",2026-27,GSW,MIN,GSW,"Sun, Dec 27, 2026|GSW|MIN"
bbr-GSW-31,"Mon, Dec 28, 2026",2026-27,PHO,GSW,GSW,"Mon, Dec 28, 2026|PHO|GSW"
bbr-GSW-32,"Wed, Dec 30, 2026",2026-27,GSW,HOU,GSW,"Wed, Dec 30, 2026|GSW|HOU"
bbr-GSW-34,"Wed, Jan 6, 2027",2026-27,GSW,NYK,GSW,"Wed, Jan 6, 2027|GSW|NYK"
bbr-GSW-37,"Tue, Jan 12, 2027",2026-27,GSW,SAC,GSW,"Tue, Jan 12, 2027|GSW|SAC"
bbr-GSW-40,"Sun, Jan 17, 2027",2026-27,MIA,GSW,GSW,"Sun, Jan 17, 2027|MIA|GSW"
bbr-GSW-41,"Tue, Jan 19, 2027",2026-27,ORL,GSW,GSW,"Tue, Jan 19, 2027|ORL|GSW"
bbr-GSW-42,"Thu, Jan 21, 2027",2026-27,GSW,LAL,GSW,"Thu, Jan 21, 2027|GSW|LAL"
bbr-GSW-43,"Fri, Jan 22, 2027",2026-27,GSW,MIL,GSW,"Fri, Jan 22, 2027|GSW|MIL"
bbr-GSW-44,"Sun, Jan 24, 2027",2026-27,GSW,OKC,GSW,"Sun, Jan 24, 2027|GSW|OKC"
bbr-GSW-45,"Wed, Jan 27, 2027",2026-27,POR,GSW,GSW,"Wed, Jan 27, 2027|POR|GSW"
bbr-GSW-46,"Thu, Jan 28, 2027",2026-27,UTA,GSW,GSW,"Thu, Jan 28, 2027|UTA|GSW"
bbr-GSW-47,"Sat, Jan 30, 2027",2026-27,GSW,SAS,GSW,"Sat, Jan 30, 2027|GSW|SAS"
bbr-GSW-48,"Mon, Feb 1, 2027",2026-27,GSW,SAS,GSW,"Mon, Feb 1, 2027|GSW|SAS"
bbr-GSW-49,"Wed, Feb 3, 2027",2026-27,LAC,GSW,GSW,"Wed, Feb 3, 2027|LAC|GSW"
bbr-GSW-54,"Sat, Feb 13, 2027",2026-27,NYK,GSW,GSW,"Sat, Feb 13, 2027|NYK|GSW"
bbr-GSW-55,"Mon, Feb 15, 2027",2026-27,GSW,IND,GSW,"Mon, Feb 15, 2027|GSW|IND"
bbr-GSW-56,"Wed, Feb 17, 2027",2026-27,GSW,NOP,GSW,"Wed, Feb 17, 2027|GSW|NOP"
bbr-GSW-58,"Mon, Mar 1, 2027",2026-27,HOU,GSW,GSW,"Mon, Mar 1, 2027|HOU|GSW"
bbr-GSW-60,"Thu, Mar 4, 2027",2026-27,GSW,WAS,GSW,"Thu, Mar 4, 2027|GSW|WAS"
bbr-GSW-61,"Sun, Mar 7, 2027",2026-27,GSW,HOU,GSW,"Sun, Mar 7, 2027|GSW|HOU"
bbr-GSW-62,"Tue, Mar 9, 2027",2026-27,GSW,POR,GSW,"Tue, Mar 9, 2027|GSW|POR"
bbr-GSW-63,"Wed, Mar 10, 2027",2026-27,SAC,GSW,GSW,"Wed, Mar 10, 2027|SAC|GSW"
bbr-GSW-65,"Sun, Mar 14, 2027",2026-27,LAL,GSW,GSW,"Sun, Mar 14, 2027|LAL|GSW"
bbr-GSW-67,"Wed, Mar 17, 2027",2026-27,GSW,MEM,GSW,"Wed, Mar 17, 2027|GSW|MEM"
bbr-GSW-68,"Fri, Mar 19, 2027",2026-27,GSW,POR,GSW,"Fri, Mar 19, 2027|GSW|POR"
bbr-GSW-70,"Wed, Mar 24, 2027",2026-27,GSW,PHI,GSW,"Wed, Mar 24, 2027|GSW|PHI"
bbr-GSW-71,"Thu, Mar 25, 2027",2026-27,GSW,TOR,GSW,"Thu, Mar 25, 2027|GSW|TOR"
bbr-GSW-72,"Sat, Mar 27, 2027",2026-27,WAS,GSW,GSW,"Sat, Mar 27, 2027|WAS|GSW"
bbr-GSW-74,"Wed, Mar 31, 2027",2026-27,PHI,GSW,GSW,"Wed, Mar 31, 2027|PHI|GSW"
bbr-GSW-75,"Fri, Apr 2, 2027",2026-27,MIN,GSW,GSW,"Fri, Apr 2, 2027|MIN|GSW"
bbr-GSW-76,"Sun, Apr 4, 2027",2026-27,SAC,GSW,GSW,"Sun, Apr 4, 2027|SAC|GSW"
bbr-GSW-77,"Tue, Apr 6, 2027",2026-27,GSW,PHO,GSW,"Tue, Apr 6, 2027|GSW|PHO"
bbr-GSW-78,"Thu, Apr 8, 2027",2026-27,OKC,GSW,GSW,"Thu, Apr 8, 2027|OKC|GSW"
bbr-GSW-79,"Fri, Apr 9, 2027",2026-27,OKC,GSW,GSW,"Fri, Apr 9, 2027|OKC|GSW"
bbr-GSW-80,"Sun, Apr 11, 2027",2026-27,GSW,UTA,GSW,"Sun, Apr 11, 2027|GSW|UTA"
bbr-HOU-2,"Fri, Oct 23, 2026",2026-27,SAS,HOU,HOU,"Fri, Oct 23, 2026|SAS|HOU"
bbr-HOU-5,"Wed, Oct 28, 2026",2026-27,MIL,HOU,HOU,"Wed, Oct 28, 2026|MIL|HOU"
bbr-HOU-7,"Sat, Oct 31, 2026",2026-27,HOU,OKC,HOU,"Sat, Oct 31, 2026|HOU|OKC"
bbr-HOU-9,"Wed, Nov 4, 2026",2026-27,HOU,MIN,HOU,"Wed, Nov 4, 2026|HOU|MIN"
bbr-HOU-10,"Sat, Nov 7, 2026",2026-27,PHO,HOU,HOU,"Sat, Nov 7, 2026|PHO|HOU"
bbr-HOU-13,"Fri, Nov 13, 2026",2026-27,HOU,UTA,HOU,"Fri, Nov 13, 2026|HOU|UTA"
bbr-HOU-14,"Sun, Nov 15, 2026",2026-27,WAS,HOU,HOU,"Sun, Nov 15, 2026|WAS|HOU"
bbr-HOU-15,"Mon, Nov 16, 2026",2026-27,MIA,HOU,HOU,"Mon, Nov 16, 2026|MIA|HOU"
bbr-HOU-16,"Wed, Nov 18, 2026",2026-27,IND,HOU,HOU,"Wed, Nov 18, 2026|IND|HOU"
bbr-HOU-18,"Mon, Nov 23, 2026",2026-27,HOU,LAC,HOU,"Mon, Nov 23, 2026|HOU|LAC"
bbr-HOU-19,"Wed, Nov 25, 2026",2026-27,HOU,PHO,HOU,"Wed, Nov 25, 2026|HOU|PHO"
bbr-HOU-20,"Sat, Nov 28, 2026",2026-27,HOU,PHI,HOU,"Sat, Nov 28, 2026|HOU|PHI"
bbr-HOU-21,"Mon, Nov 30, 2026",2026-27,HOU,LAL,HOU,"Mon, Nov 30, 2026|HOU|LAL"
bbr-HOU-22,"Tue, Dec 1, 2026",2026-27,HOU,TOR,HOU,"Tue, Dec 1, 2026|HOU|TOR"
bbr-HOU-24,"Mon, Dec 14, 2026",2026-27,HOU,NYK,HOU,"Mon, Dec 14, 2026|HOU|NYK"
bbr-HOU-25,"Wed, Dec 16, 2026",2026-27,HOU,MIL,HOU,"Wed, Dec 16, 2026|HOU|MIL"
bbr-HOU-26,"Fri, Dec 18, 2026",2026-27,MEM,HOU,HOU,"Fri, Dec 18, 2026|MEM|HOU"
bbr-HOU-27,"Sun, Dec 20, 2026",2026-27,TOR,HOU,HOU,"Sun, Dec 20, 2026|TOR|HOU"
bbr-HOU-28,"Wed, Dec 23, 2026",2026-27,PHI,HOU,HOU,"Wed, Dec 23, 2026|PHI|HOU"
bbr-HOU-29,"Sun, Dec 27, 2026",2026-27,HOU,OKC,HOU,"Sun, Dec 27, 2026|HOU|OKC"
bbr-HOU-30,"Tue, Dec 29, 2026",2026-27,LAL,HOU,HOU,"Tue, Dec 29, 2026|LAL|HOU"
bbr-HOU-34,"Tue, Jan 5, 2027",2026-27,HOU,MIN,HOU,"Tue, Jan 5, 2027|HOU|MIN"
bbr-HOU-35,"Thu, Jan 7, 2027",2026-27,HOU,MEM,HOU,"Thu, Jan 7, 2027|HOU|MEM"
bbr-HOU-38,"Wed, Jan 13, 2027",2026-27,OKC,HOU,HOU,"Wed, Jan 13, 2027|OKC|HOU"
bbr-HOU-39,"Fri, Jan 15, 2027",2026-27,HOU,WAS,HOU,"Fri, Jan 15, 2027|HOU|WAS"
bbr-HOU-41,"Mon, Jan 18, 2027",2026-27,MEM,HOU,HOU,"Mon, Jan 18, 2027|MEM|HOU"
bbr-HOU-42,"Wed, Jan 20, 2027",2026-27,MIN,HOU,HOU,"Wed, Jan 20, 2027|MIN|HOU"
bbr-HOU-44,"Sun, Jan 24, 2027",2026-27,ORL,HOU,HOU,"Sun, Jan 24, 2027|ORL|HOU"
bbr-HOU-45,"Tue, Jan 26, 2027",2026-27,SAS,HOU,HOU,"Tue, Jan 26, 2027|SAS|HOU"
bbr-HOU-46,"Wed, Jan 27, 2027",2026-27,HOU,NOP,HOU,"Wed, Jan 27, 2027|HOU|NOP"
bbr-HOU-47,"Fri, Jan 29, 2027",2026-27,HOU,ORL,HOU,"Fri, Jan 29, 2027|HOU|ORL"
bbr-HOU-49,"Wed, Feb 3, 2027",2026-27,HOU,UTA,HOU,"Wed, Feb 3, 2027|HOU|UTA"
bbr-HOU-50,"Fri, Feb 5, 2027",2026-27,PHO,HOU,HOU,"Fri, Feb 5, 2027|PHO|HOU"
bbr-HOU-51,"Sun, Feb 7, 2027",2026-27,SAC,HOU,HOU,"Sun, Feb 7, 2027|SAC|HOU"
bbr-HOU-52,"Tue, Feb 9, 2027",2026-27,UTA,HOU,HOU,"Tue, Feb 9, 2027|UTA|HOU"
bbr-HOU-53,"Thu, Feb 11, 2027",2026-27,HOU,SAC,HOU,"Thu, Feb 11, 2027|HOU|SAC"
bbr-HOU-54,"Fri, Feb 12, 2027",2026-27,NOP,HOU,HOU,"Fri, Feb 12, 2027|NOP|HOU"
bbr-HOU-56,"Tue, Feb 16, 2027",2026-27,LAC,HOU,HOU,"Tue, Feb 16, 2027|LAC|HOU"
bbr-HOU-57,"Thu, Feb 18, 2027",2026-27,LAL,HOU,HOU,"Thu, Feb 18, 2027|LAL|HOU"
bbr-HOU-59,"Sun, Feb 28, 2027",2026-27,HOU,MIA,HOU,"Sun, Feb 28, 2027|HOU|MIA"
bbr-HOU-61,"Wed, Mar 3, 2027",2026-27,HOU,NOP,HOU,"Wed, Mar 3, 2027|HOU|NOP"
bbr-HOU-62,"Fri, Mar 5, 2027",2026-27,HOU,SAS,HOU,"Fri, Mar 5, 2027|HOU|SAS"
bbr-HOU-64,"Mon, Mar 8, 2027",2026-27,LAC,HOU,HOU,"Mon, Mar 8, 2027|LAC|HOU"
bbr-HOU-65,"Wed, Mar 10, 2027",2026-27,UTA,HOU,HOU,"Wed, Mar 10, 2027|UTA|HOU"
bbr-HOU-66,"Sat, Mar 13, 2027",2026-27,HOU,IND,HOU,"Sat, Mar 13, 2027|HOU|IND"
bbr-HOU-67,"Tue, Mar 16, 2027",2026-27,HOU,SAS,HOU,"Tue, Mar 16, 2027|HOU|SAS"
bbr-HOU-69,"Fri, Mar 19, 2027",2026-27,NOP,HOU,HOU,"Fri, Mar 19, 2027|NOP|HOU"
bbr-HOU-71,"Wed, Mar 24, 2027",2026-27,NYK,HOU,HOU,"Wed, Mar 24, 2027|NYK|HOU"
bbr-HOU-73,"Sun, Mar 28, 2027",2026-27,HOU,LAL,HOU,"Sun, Mar 28, 2027|HOU|LAL"
bbr-HOU-74,"Tue, Mar 30, 2027",2026-27,POR,HOU,HOU,"Tue, Mar 30, 2027|POR|HOU"
bbr-HOU-75,"Wed, Mar 31, 2027",2026-27,POR,HOU,HOU,"Wed, Mar 31, 2027|POR|HOU"
bbr-HOU-76,"Fri, Apr 2, 2027",2026-27,HOU,MEM,HOU,"Fri, Apr 2, 2027|HOU|MEM"
bbr-HOU-78,"Wed, Apr 7, 2027",2026-27,HOU,SAC,HOU,"Wed, Apr 7, 2027|HOU|SAC"
bbr-HOU-79,"Fri, Apr 9, 2027",2026-27,HOU,POR,HOU,"Fri, Apr 9, 2027|HOU|POR"
bbr-HOU-80,"Sun, Apr 11, 2027",2026-27,MIN,HOU,HOU,"Sun, Apr 11, 2027|MIN|HOU"
bbr-IND-1,"Wed, Oct 21, 2026",2026-27,NOP,IND,IND,"Wed, Oct 21, 2026|NOP|IND"
bbr-IND-4,"Mon, Oct 26, 2026",2026-27,MIL,IND,IND,"Mon, Oct 26, 2026|MIL|IND"
bbr-IND-5,"Wed, Oct 28, 2026",2026-27,IND,PHI,IND,"Wed, Oct 28, 2026|IND|PHI"
bbr-IND-6,"Fri, Oct 30, 2026",2026-27,MIA,IND,IND,"Fri, Oct 30, 2026|MIA|IND"
bbr-IND-9,"Wed, Nov 4, 2026",2026-27,MEM,IND,IND,"Wed, Nov 4, 2026|MEM|IND"
bbr-IND-12,"Wed, Nov 11, 2026",2026-27,IND,WAS,IND,"Wed, Nov 11, 2026|IND|WAS"
bbr-IND-13,"Fri, Nov 13, 2026",2026-27,IND,NYK,IND,"Fri, Nov 13, 2026|IND|NYK"
bbr-IND-14,"Sun, Nov 15, 2026",2026-27,PHI,IND,IND,"Sun, Nov 15, 2026|PHI|IND"
bbr-IND-17,"Sun, Nov 22, 2026",2026-27,NYK,IND,IND,"Sun, Nov 22, 2026|NYK|IND"
bbr-IND-18,"Mon, Nov 23, 2026",2026-27,IND,OKC,IND,"Mon, Nov 23, 2026|IND|OKC"
bbr-IND-19,"Fri, Nov 27, 2026",2026-27,IND,PHI,IND,"Fri, Nov 27, 2026|IND|PHI"
bbr-IND-25,"Thu, Dec 17, 2026",2026-27,IND,POR,IND,"Thu, Dec 17, 2026|IND|POR"
bbr-IND-26,"Sun, Dec 20, 2026",2026-27,LAC,IND,IND,"Sun, Dec 20, 2026|LAC|IND"
bbr-IND-27,"Mon, Dec 21, 2026",2026-27,LAL,IND,IND,"Mon, Dec 21, 2026|LAL|IND"
bbr-IND-28,"Wed, Dec 23, 2026",2026-27,PHO,IND,IND,"Wed, Dec 23, 2026|PHO|IND"
bbr-IND-29,"Sat, Dec 26, 2026",2026-27,UTA,IND,IND,"Sat, Dec 26, 2026|UTA|IND"
bbr-IND-31,"Tue, Dec 29, 2026",2026-27,IND,LAC,IND,"Tue, Dec 29, 2026|IND|LAC"
bbr-IND-32,"Thu, Dec 31, 2026",2026-27,IND,ORL,IND,"Thu, Dec 31, 2026|IND|ORL"
bbr-IND-33,"Sat, Jan 2, 2027",2026-27,IND,MIN,IND,"Sat, Jan 2, 2027|IND|MIN"
bbr-IND-35,"Wed, Jan 6, 2027",2026-27,SAS,IND,IND,"Wed, Jan 6, 2027|SAS|IND"
bbr-IND-37,"Sat, Jan 9, 2027",2026-27,IND,MIL,IND,"Sat, Jan 9, 2027|IND|MIL"
bbr-IND-39,"Wed, Jan 13, 2027",2026-27,IND,MIL,IND,"Wed, Jan 13, 2027|IND|MIL"
bbr-IND-40,"Fri, Jan 15, 2027",2026-27,IND,PHO,IND,"Fri, Jan 15, 2027|IND|PHO"
bbr-IND-41,"Sun, Jan 17, 2027",2026-27,WAS,IND,IND,"Sun, Jan 17, 2027|WAS|IND"
bbr-IND-42,"Tue, Jan 19, 2027",2026-27,PHI,IND,IND,"Tue, Jan 19, 2027|PHI|IND"
bbr-IND-46,"Thu, Jan 28, 2027",2026-27,IND,LAL,IND,"Thu, Jan 28, 2027|IND|LAL"
bbr-IND-47,"Sat, Jan 30, 2027",2026-27,IND,WAS,IND,"Sat, Jan 30, 2027|IND|WAS"
bbr-IND-48,"Mon, Feb 1, 2027",2026-27,IND,MIA,IND,"Mon, Feb 1, 2027|IND|MIA"
bbr-IND-50,"Fri, Feb 5, 2027",2026-27,OKC,IND,IND,"Fri, Feb 5, 2027|OKC|IND"
bbr-IND-51,"Mon, Feb 8, 2027",2026-27,IND,NOP,IND,"Mon, Feb 8, 2027|IND|NOP"
bbr-IND-53,"Thu, Feb 11, 2027",2026-27,IND,UTA,IND,"Thu, Feb 11, 2027|IND|UTA"
bbr-IND-54,"Sat, Feb 13, 2027",2026-27,IND,SAC,IND,"Sat, Feb 13, 2027|IND|SAC"
bbr-IND-56,"Wed, Feb 17, 2027",2026-27,SAC,IND,IND,"Wed, Feb 17, 2027|SAC|IND"
bbr-IND-57,"Thu, Feb 18, 2027",2026-27,POR,IND,IND,"Thu, Feb 18, 2027|POR|IND"
bbr-IND-58,"Fri, Feb 26, 2027",2026-27,MIN,IND,IND,"Fri, Feb 26, 2027|MIN|IND"
bbr-IND-59,"Sun, Feb 28, 2027",2026-27,IND,TOR,IND,"Sun, Feb 28, 2027|IND|TOR"
bbr-IND-61,"Thu, Mar 4, 2027",2026-27,ORL,IND,IND,"Thu, Mar 4, 2027|ORL|IND"
bbr-IND-62,"Sat, Mar 6, 2027",2026-27,MIA,IND,IND,"Sat, Mar 6, 2027|MIA|IND"
bbr-IND-68,"Thu, Mar 18, 2027",2026-27,IND,TOR,IND,"Thu, Mar 18, 2027|IND|TOR"
bbr-IND-69,"Sat, Mar 20, 2027",2026-27,MIL,IND,IND,"Sat, Mar 20, 2027|MIL|IND"
bbr-IND-70,"Mon, Mar 22, 2027",2026-27,ORL,IND,IND,"Mon, Mar 22, 2027|ORL|IND"
bbr-IND-71,"Wed, Mar 24, 2027",2026-27,IND,MEM,IND,"Wed, Mar 24, 2027|IND|MEM"
bbr-IND-72,"Thu, Mar 25, 2027",2026-27,IND,SAS,IND,"Thu, Mar 25, 2027|IND|SAS"
bbr-IND-75,"Thu, Apr 1, 2027",2026-27,IND,ORL,IND,"Thu, Apr 1, 2027|IND|ORL"
bbr-IND-76,"Sun, Apr 4, 2027",2026-27,TOR,IND,IND,"Sun, Apr 4, 2027|TOR|IND"
bbr-IND-80,"Sun, Apr 11, 2027",2026-27,NYK,IND,IND,"Sun, Apr 11, 2027|NYK|IND"
bbr-LAC-1,"Wed, Oct 21, 2026",2026-27,LAC,SAC,LAC,"Wed, Oct 21, 2026|LAC|SAC"
bbr-LAC-2,"Fri, Oct 23, 2026",2026-27,LAL,LAC,LAC,"Fri, Oct 23, 2026|LAL|LAC"
bbr-LAC-3,"Sun, Oct 25, 2026",2026-27,OKC,LAC,LAC,"Sun, Oct 25, 2026|OKC|LAC"
bbr-LAC-4,"Wed, Oct 28, 2026",2026-27,LAC,LAL,LAC,"Wed, Oct 28, 2026|LAC|LAL"
bbr-LAC-5,"Fri, Oct 30, 2026",2026-27,MIN,LAC,LAC,"Fri, Oct 30, 2026|MIN|LAC"
bbr-LAC-7,"Mon, Nov 2, 2026",2026-27,LAC,TOR,LAC,"Mon, Nov 2, 2026|LAC|TOR"
bbr-LAC-8,"Wed, Nov 4, 2026",2026-27,LAC,MIA,LAC,"Wed, Nov 4, 2026|LAC|MIA"
bbr-LAC-9,"Sun, Nov 8, 2026",2026-27,LAC,NOP,LAC,"Sun, Nov 8, 2026|LAC|NOP"
bbr-LAC-10,"Tue, Nov 10, 2026",2026-27,PHO,LAC,LAC,"Tue, Nov 10, 2026|PHO|LAC"
bbr-LAC-11,"Fri, Nov 13, 2026",2026-27,LAC,OKC,LAC,"Fri, Nov 13, 2026|LAC|OKC"
bbr-LAC-13,"Tue, Nov 17, 2026",2026-27,LAC,UTA,LAC,"Tue, Nov 17, 2026|LAC|UTA"
bbr-LAC-14,"Thu, Nov 19, 2026",2026-27,SAS,LAC,LAC,"Thu, Nov 19, 2026|SAS|LAC"
bbr-LAC-17,"Wed, Nov 25, 2026",2026-27,MEM,LAC,LAC,"Wed, Nov 25, 2026|MEM|LAC"
bbr-LAC-18,"Fri, Nov 27, 2026",2026-27,LAC,NOP,LAC,"Fri, Nov 27, 2026|LAC|NOP"
bbr-LAC-20,"Tue, Dec 1, 2026",2026-27,PHO,LAC,LAC,"Tue, Dec 1, 2026|PHO|LAC"
bbr-LAC-21,"Wed, Dec 2, 2026",2026-27,LAC,MIN,LAC,"Wed, Dec 2, 2026|LAC|MIN"
bbr-LAC-22,"Sun, Dec 13, 2026",2026-27,SAS,LAC,LAC,"Sun, Dec 13, 2026|SAS|LAC"
bbr-LAC-24,"Fri, Dec 18, 2026",2026-27,MIA,LAC,LAC,"Fri, Dec 18, 2026|MIA|LAC"
bbr-LAC-28,"Sat, Dec 26, 2026",2026-27,LAC,MEM,LAC,"Sat, Dec 26, 2026|LAC|MEM"
bbr-LAC-29,"Sun, Dec 27, 2026",2026-27,LAC,PHI,LAC,"Sun, Dec 27, 2026|LAC|PHI"
bbr-LAC-32,"Fri, Jan 1, 2027",2026-27,TOR,LAC,LAC,"Fri, Jan 1, 2027|TOR|LAC"
bbr-LAC-33,"Sun, Jan 3, 2027",2026-27,WAS,LAC,LAC,"Sun, Jan 3, 2027|WAS|LAC"
bbr-LAC-34,"Tue, Jan 5, 2027",2026-27,ORL,LAC,LAC,"Tue, Jan 5, 2027|ORL|LAC"
bbr-LAC-35,"Thu, Jan 7, 2027",2026-27,MIL,LAC,LAC,"Thu, Jan 7, 2027|MIL|LAC"
bbr-LAC-37,"Mon, Jan 11, 2027",2026-27,LAC,LAL,LAC,"Mon, Jan 11, 2027|LAC|LAL"
bbr-LAC-38,"Thu, Jan 14, 2027",2026-27,SAC,LAC,LAC,"Thu, Jan 14, 2027|SAC|LAC"
bbr-LAC-39,"Fri, Jan 15, 2027",2026-27,LAC,ORL,LAC,"Fri, Jan 15, 2027|LAC|ORL"
bbr-LAC-40,"Mon, Jan 18, 2027",2026-27,LAC,PHO,LAC,"Mon, Jan 18, 2027|LAC|PHO"
bbr-LAC-41,"Wed, Jan 20, 2027",2026-27,UTA,LAC,LAC,"Wed, Jan 20, 2027|UTA|LAC"
bbr-LAC-42,"Fri, Jan 22, 2027",2026-27,LAC,WAS,LAC,"Fri, Jan 22, 2027|LAC|WAS"
bbr-LAC-43,"Sun, Jan 24, 2027",2026-27,NYK,LAC,LAC,"Sun, Jan 24, 2027|NYK|LAC"
bbr-LAC-44,"Mon, Jan 25, 2027",2026-27,PHI,LAC,LAC,"Mon, Jan 25, 2027|PHI|LAC"
bbr-LAC-47,"Tue, Feb 2, 2027",2026-27,LAC,SAS,LAC,"Tue, Feb 2, 2027|LAC|SAS"
bbr-LAC-52,"Wed, Feb 10, 2027",2026-27,LAL,LAC,LAC,"Wed, Feb 10, 2027|LAL|LAC"
bbr-LAC-53,"Fri, Feb 12, 2027",2026-27,MEM,LAC,LAC,"Fri, Feb 12, 2027|MEM|LAC"
bbr-LAC-54,"Sun, Feb 14, 2027",2026-27,NOP,LAC,LAC,"Sun, Feb 14, 2027|NOP|LAC"
bbr-LAC-57,"Thu, Feb 25, 2027",2026-27,LAC,UTA,LAC,"Thu, Feb 25, 2027|LAC|UTA"
bbr-LAC-58,"Sun, Feb 28, 2027",2026-27,LAC,POR,LAC,"Sun, Feb 28, 2027|LAC|POR"
bbr-LAC-59,"Tue, Mar 2, 2027",2026-27,POR,LAC,LAC,"Tue, Mar 2, 2027|POR|LAC"
bbr-LAC-61,"Sat, Mar 6, 2027",2026-27,SAC,LAC,LAC,"Sat, Mar 6, 2027|SAC|LAC"
bbr-LAC-63,"Wed, Mar 10, 2027",2026-27,LAC,NYK,LAC,"Wed, Mar 10, 2027|LAC|NYK"
bbr-LAC-65,"Sat, Mar 13, 2027",2026-27,POR,LAC,LAC,"Sat, Mar 13, 2027|POR|LAC"
bbr-LAC-67,"Thu, Mar 18, 2027",2026-27,LAC,MEM,LAC,"Thu, Mar 18, 2027|LAC|MEM"
bbr-LAC-70,"Wed, Mar 24, 2027",2026-27,LAC,MIL,LAC,"Wed, Mar 24, 2027|LAC|MIL"
bbr-LAC-71,"Fri, Mar 26, 2027",2026-27,OKC,LAC,LAC,"Fri, Mar 26, 2027|OKC|LAC"
bbr-LAC-75,"Fri, Apr 2, 2027",2026-27,LAC,SAS,LAC,"Fri, Apr 2, 2027|LAC|SAS"
bbr-LAC-76,"Sun, Apr 4, 2027",2026-27,LAC,PHO,LAC,"Sun, Apr 4, 2027|LAC|PHO"
bbr-LAC-77,"Tue, Apr 6, 2027",2026-27,LAC,MIN,LAC,"Tue, Apr 6, 2027|LAC|MIN"
bbr-LAC-79,"Fri, Apr 9, 2027",2026-27,UTA,LAC,LAC,"Fri, Apr 9, 2027|UTA|LAC"
bbr-LAC-80,"Sun, Apr 11, 2027",2026-27,LAC,SAC,LAC,"Sun, Apr 11, 2027|LAC|SAC"
bbr-LAL-3,"Sun, Oct 25, 2026",2026-27,UTA,LAL,LAL,"Sun, Oct 25, 2026|UTA|LAL"
bbr-LAL-4,"Tue, Oct 27, 2026",2026-27,LAL,POR,LAL,"Tue, Oct 27, 2026|LAL|POR"
bbr-LAL-7,"Sun, Nov 1, 2026",2026-27,LAL,TOR,LAL,"Sun, Nov 1, 2026|LAL|TOR"
bbr-LAL-8,"Mon, Nov 2, 2026",2026-27,LAL,MIA,LAL,"Mon, Nov 2, 2026|LAL|MIA"
bbr-LAL-9,"Wed, Nov 4, 2026",2026-27,SAC,LAL,LAL,"Wed, Nov 4, 2026|SAC|LAL"
bbr-LAL-10,"Fri, Nov 6, 2026",2026-27,LAL,POR,LAL,"Fri, Nov 6, 2026|LAL|POR"
bbr-LAL-13,"Wed, Nov 11, 2026",2026-27,MIL,LAL,LAL,"Wed, Nov 11, 2026|MIL|LAL"
bbr-LAL-14,"Sun, Nov 15, 2026",2026-27,PHO,LAL,LAL,"Sun, Nov 15, 2026|PHO|LAL"
bbr-LAL-16,"Wed, Nov 18, 2026",2026-27,LAL,UTA,LAL,"Wed, Nov 18, 2026|LAL|UTA"
bbr-LAL-17,"Fri, Nov 20, 2026",2026-27,LAL,SAC,LAL,"Fri, Nov 20, 2026|LAL|SAC"
bbr-LAL-18,"Mon, Nov 23, 2026",2026-27,LAL,UTA,LAL,"Mon, Nov 23, 2026|LAL|UTA"
bbr-LAL-19,"Fri, Nov 27, 2026",2026-27,SAS,LAL,LAL,"Fri, Nov 27, 2026|SAS|LAL"
bbr-LAL-20,"Sun, Nov 29, 2026",2026-27,MEM,LAL,LAL,"Sun, Nov 29, 2026|MEM|LAL"
bbr-LAL-22,"Wed, Dec 2, 2026",2026-27,NOP,LAL,LAL,"Wed, Dec 2, 2026|NOP|LAL"
bbr-LAL-23,"Mon, Dec 14, 2026",2026-27,LAL,NOP,LAL,"Mon, Dec 14, 2026|LAL|NOP"
bbr-LAL-24,"Wed, Dec 16, 2026",2026-27,MIN,LAL,LAL,"Wed, Dec 16, 2026|MIN|LAL"
bbr-LAL-25,"Fri, Dec 18, 2026",2026-27,MIN,LAL,LAL,"Fri, Dec 18, 2026|MIN|LAL"
bbr-LAL-29,"Fri, Dec 25, 2026",2026-27,LAL,PHI,LAL,"Fri, Dec 25, 2026|LAL|PHI"
bbr-LAL-30,"Sun, Dec 27, 2026",2026-27,LAL,MEM,LAL,"Sun, Dec 27, 2026|LAL|MEM"
bbr-LAL-32,"Thu, Dec 31, 2026",2026-27,NOP,LAL,LAL,"Thu, Dec 31, 2026|NOP|LAL"
bbr-LAL-34,"Sun, Jan 3, 2027",2026-27,TOR,LAL,LAL,"Sun, Jan 3, 2027|TOR|LAL"
bbr-LAL-35,"Tue, Jan 5, 2027",2026-27,WAS,LAL,LAL,"Tue, Jan 5, 2027|WAS|LAL"
bbr-LAL-39,"Wed, Jan 13, 2027",2026-27,POR,LAL,LAL,"Wed, Jan 13, 2027|POR|LAL"
bbr-LAL-40,"Thu, Jan 14, 2027",2026-27,LAL,ORL,LAL,"Thu, Jan 14, 2027|LAL|ORL"
bbr-LAL-41,"Sun, Jan 17, 2027",2026-27,LAL,MIL,LAL,"Sun, Jan 17, 2027|LAL|MIL"
bbr-LAL-42,"Tue, Jan 19, 2027",2026-27,SAC,LAL,LAL,"Tue, Jan 19, 2027|SAC|LAL"
bbr-LAL-44,"Fri, Jan 22, 2027",2026-27,LAL,SAC,LAL,"Fri, Jan 22, 2027|LAL|SAC"
bbr-LAL-45,"Sun, Jan 24, 2027",2026-27,LAL,WAS,LAL,"Sun, Jan 24, 2027|LAL|WAS"
bbr-LAL-46,"Tue, Jan 26, 2027",2026-27,LAL,OKC,LAL,"Tue, Jan 26, 2027|LAL|OKC"
bbr-LAL-48,"Sat, Jan 30, 2027",2026-27,NYK,LAL,LAL,"Sat, Jan 30, 2027|NYK|LAL"
bbr-LAL-52,"Sat, Feb 6, 2027",2026-27,SAS,LAL,LAL,"Sat, Feb 6, 2027|SAS|LAL"
bbr-LAL-53,"Mon, Feb 8, 2027",2026-27,PHO,LAL,LAL,"Mon, Feb 8, 2027|PHO|LAL"
bbr-LAL-60,"Tue, Mar 2, 2027",2026-27,ORL,LAL,LAL,"Tue, Mar 2, 2027|ORL|LAL"
bbr-LAL-61,"Thu, Mar 4, 2027",2026-27,PHI,LAL,LAL,"Thu, Mar 4, 2027|PHI|LAL"
bbr-LAL-62,"Sat, Mar 6, 2027",2026-27,LAL,OKC,LAL,"Sat, Mar 6, 2027|LAL|OKC"
bbr-LAL-64,"Thu, Mar 11, 2027",2026-27,LAL,NYK,LAL,"Thu, Mar 11, 2027|LAL|NYK"
bbr-LAL-67,"Tue, Mar 16, 2027",2026-27,POR,LAL,LAL,"Tue, Mar 16, 2027|POR|LAL"
bbr-LAL-68,"Wed, Mar 17, 2027",2026-27,LAL,PHO,LAL,"Wed, Mar 17, 2027|LAL|PHO"
bbr-LAL-71,"Tue, Mar 23, 2027",2026-27,MIA,LAL,LAL,"Tue, Mar 23, 2027|MIA|LAL"
bbr-LAL-74,"Tue, Mar 30, 2027",2026-27,MEM,LAL,LAL,"Tue, Mar 30, 2027|MEM|LAL"
bbr-LAL-75,"Thu, Apr 1, 2027",2026-27,OKC,LAL,LAL,"Thu, Apr 1, 2027|OKC|LAL"
bbr-LAL-76,"Sun, Apr 4, 2027",2026-27,LAL,SAS,LAL,"Sun, Apr 4, 2027|LAL|SAS"
bbr-LAL-78,"Wed, Apr 7, 2027",2026-27,LAL,MIN,LAL,"Wed, Apr 7, 2027|LAL|MIN"
bbr-LAL-79,"Fri, Apr 9, 2027",2026-27,LAL,MIN,LAL,"Fri, Apr 9, 2027|LAL|MIN"
bbr-LAL-80,"Sun, Apr 11, 2027",2026-27,LAL,PHO,LAL,"Sun, Apr 11, 2027|LAL|PHO"
bbr-MEM-1,"Wed, Oct 21, 2026",2026-27,MEM,UTA,MEM,"Wed, Oct 21, 2026|MEM|UTA"
bbr-MEM-3,"Sun, Oct 25, 2026",2026-27,SAC,MEM,MEM,"Sun, Oct 25, 2026|SAC|MEM"
bbr-MEM-4,"Mon, Oct 26, 2026",2026-27,UTA,MEM,MEM,"Mon, Oct 26, 2026|UTA|MEM"
bbr-MEM-5,"Thu, Oct 29, 2026",2026-27,POR,MEM,MEM,"Thu, Oct 29, 2026|POR|MEM"
bbr-MEM-6,"Sat, Oct 31, 2026",2026-27,MEM,SAC,MEM,"Sat, Oct 31, 2026|MEM|SAC"
bbr-MEM-7,"Mon, Nov 2, 2026",2026-27,MEM,NOP,MEM,"Mon, Nov 2, 2026|MEM|NOP"
bbr-MEM-9,"Fri, Nov 6, 2026",2026-27,MEM,OKC,MEM,"Fri, Nov 6, 2026|MEM|OKC"
bbr-MEM-10,"Mon, Nov 9, 2026",2026-27,TOR,MEM,MEM,"Mon, Nov 9, 2026|TOR|MEM"
bbr-MEM-12,"Fri, Nov 13, 2026",2026-27,NOP,MEM,MEM,"Fri, Nov 13, 2026|NOP|MEM"
bbr-MEM-14,"Mon, Nov 16, 2026",2026-27,WAS,MEM,MEM,"Mon, Nov 16, 2026|WAS|MEM"
bbr-MEM-17,"Sat, Nov 21, 2026",2026-27,MIN,MEM,MEM,"Sat, Nov 21, 2026|MIN|MEM"
bbr-MEM-20,"Fri, Nov 27, 2026",2026-27,MIN,MEM,MEM,"Fri, Nov 27, 2026|MIN|MEM"
bbr-MEM-22,"Tue, Dec 1, 2026",2026-27,PHI,MEM,MEM,"Tue, Dec 1, 2026|PHI|MEM"
bbr-MEM-24,"Sat, Dec 12, 2026",2026-27,MEM,MIL,MEM,"Sat, Dec 12, 2026|MEM|MIL"
bbr-MEM-26,"Wed, Dec 16, 2026",2026-27,MEM,MIA,MEM,"Wed, Dec 16, 2026|MEM|MIA"
bbr-MEM-28,"Sun, Dec 20, 2026",2026-27,MEM,PHO,MEM,"Sun, Dec 20, 2026|MEM|PHO"
bbr-MEM-29,"Mon, Dec 21, 2026",2026-27,NOP,MEM,MEM,"Mon, Dec 21, 2026|NOP|MEM"
bbr-MEM-30,"Wed, Dec 23, 2026",2026-27,MEM,TOR,MEM,"Wed, Dec 23, 2026|MEM|TOR"
bbr-MEM-33,"Tue, Dec 29, 2026",2026-27,MEM,SAS,MEM,"Tue, Dec 29, 2026|MEM|SAS"
bbr-MEM-34,"Sun, Jan 3, 2027",2026-27,ORL,MEM,MEM,"Sun, Jan 3, 2027|ORL|MEM"
bbr-MEM-35,"Tue, Jan 5, 2027",2026-27,MIA,MEM,MEM,"Tue, Jan 5, 2027|MIA|MEM"
bbr-MEM-37,"Fri, Jan 8, 2027",2026-27,SAS,MEM,MEM,"Fri, Jan 8, 2027|SAS|MEM"
bbr-MEM-43,"Wed, Jan 20, 2027",2026-27,PHO,MEM,MEM,"Wed, Jan 20, 2027|PHO|MEM"
bbr-MEM-44,"Fri, Jan 22, 2027",2026-27,OKC,MEM,MEM,"Fri, Jan 22, 2027|OKC|MEM"
bbr-MEM-45,"Mon, Jan 25, 2027",2026-27,MEM,MIN,MEM,"Mon, Jan 25, 2027|MEM|MIN"
bbr-MEM-46,"Thu, Jan 28, 2027",2026-27,OKC,MEM,MEM,"Thu, Jan 28, 2027|OKC|MEM"
bbr-MEM-47,"Sat, Jan 30, 2027",2026-27,UTA,MEM,MEM,"Sat, Jan 30, 2027|UTA|MEM"
bbr-MEM-48,"Mon, Feb 1, 2027",2026-27,MIL,MEM,MEM,"Mon, Feb 1, 2027|MIL|MEM"
bbr-MEM-49,"Wed, Feb 3, 2027",2026-27,MEM,PHI,MEM,"Wed, Feb 3, 2027|MEM|PHI"
bbr-MEM-50,"Sat, Feb 6, 2027",2026-27,MEM,POR,MEM,"Sat, Feb 6, 2027|MEM|POR"
bbr-MEM-51,"Mon, Feb 8, 2027",2026-27,MEM,POR,MEM,"Mon, Feb 8, 2027|MEM|POR"
bbr-MEM-52,"Wed, Feb 10, 2027",2026-27,MEM,ORL,MEM,"Wed, Feb 10, 2027|MEM|ORL"
bbr-MEM-54,"Mon, Feb 15, 2027",2026-27,MEM,NYK,MEM,"Mon, Feb 15, 2027|MEM|NYK"
bbr-MEM-55,"Wed, Feb 17, 2027",2026-27,MEM,SAS,MEM,"Wed, Feb 17, 2027|MEM|SAS"
bbr-MEM-57,"Fri, Feb 26, 2027",2026-27,SAS,MEM,MEM,"Fri, Feb 26, 2027|SAS|MEM"
bbr-MEM-58,"Sat, Feb 27, 2027",2026-27,MEM,SAC,MEM,"Sat, Feb 27, 2027|MEM|SAC"
bbr-MEM-59,"Tue, Mar 2, 2027",2026-27,NYK,MEM,MEM,"Tue, Mar 2, 2027|NYK|MEM"
bbr-MEM-61,"Sat, Mar 6, 2027",2026-27,MEM,NOP,MEM,"Sat, Mar 6, 2027|MEM|NOP"
bbr-MEM-66,"Mon, Mar 15, 2027",2026-27,MEM,PHO,MEM,"Mon, Mar 15, 2027|MEM|PHO"
bbr-MEM-69,"Sat, Mar 20, 2027",2026-27,MEM,OKC,MEM,"Sat, Mar 20, 2027|MEM|OKC"
bbr-MEM-78,"Wed, Apr 7, 2027",2026-27,MEM,WAS,MEM,"Wed, Apr 7, 2027|MEM|WAS"
bbr-MEM-79,"Fri, Apr 9, 2027",2026-27,PHO,MEM,MEM,"Fri, Apr 9, 2027|PHO|MEM"
bbr-MIA-1,"Wed, Oct 21, 2026",2026-27,MIA,MIN,MIA,"Wed, Oct 21, 2026|MIA|MIN"
bbr-MIA-10,"Sun, Nov 8, 2026",2026-27,SAC,MIA,MIA,"Sun, Nov 8, 2026|SAC|MIA"
bbr-MIA-11,"Tue, Nov 10, 2026",2026-27,UTA,MIA,MIA,"Tue, Nov 10, 2026|UTA|MIA"
bbr-MIA-15,"Wed, Nov 18, 2026",2026-27,MIA,MIL,MIA,"Wed, Nov 18, 2026|MIA|MIL"
bbr-MIA-16,"Sun, Nov 22, 2026",2026-27,MIA,OKC,MIA,"Sun, Nov 22, 2026|MIA|OKC"
bbr-MIA-17,"Wed, Nov 25, 2026",2026-27,PHI,MIA,MIA,"Wed, Nov 25, 2026|PHI|MIA"
bbr-MIA-18,"Fri, Nov 27, 2026",2026-27,NYK,MIA,MIA,"Fri, Nov 27, 2026|NYK|MIA"
bbr-MIA-21,"Thu, Dec 3, 2026",2026-27,MIA,WAS,MIA,"Thu, Dec 3, 2026|MIA|WAS"
bbr-MIA-22,"Sat, Dec 12, 2026",2026-27,MIA,NYK,MIA,"Sat, Dec 12, 2026|MIA|NYK"
bbr-MIA-26,"Sun, Dec 20, 2026",2026-27,MIA,SAC,MIA,"Sun, Dec 20, 2026|MIA|SAC"
bbr-MIA-32,"Thu, Dec 31, 2026",2026-27,OKC,MIA,MIA,"Thu, Dec 31, 2026|OKC|MIA"
bbr-MIA-33,"Sat, Jan 2, 2027",2026-27,NOP,MIA,MIA,"Sat, Jan 2, 2027|NOP|MIA"
bbr-MIA-36,"Fri, Jan 8, 2027",2026-27,PHI,MIA,MIA,"Fri, Jan 8, 2027|PHI|MIA"
bbr-MIA-37,"Sun, Jan 10, 2027",2026-27,MIA,NOP,MIA,"Sun, Jan 10, 2027|MIA|NOP"
bbr-MIA-39,"Thu, Jan 14, 2027",2026-27,NYK,MIA,MIA,"Thu, Jan 14, 2027|NYK|MIA"
bbr-MIA-40,"Fri, Jan 15, 2027",2026-27,TOR,MIA,MIA,"Fri, Jan 15, 2027|TOR|MIA"
bbr-MIA-42,"Tue, Jan 19, 2027",2026-27,MIA,POR,MIA,"Tue, Jan 19, 2027|MIA|POR"
bbr-MIA-43,"Wed, Jan 20, 2027",2026-27,SAS,MIA,MIA,"Wed, Jan 20, 2027|SAS|MIA"
bbr-MIA-46,"Thu, Jan 28, 2027",2026-27,MIL,MIA,MIA,"Thu, Jan 28, 2027|MIL|MIA"
bbr-MIA-47,"Sat, Jan 30, 2027",2026-27,MIA,PHI,MIA,"Sat, Jan 30, 2027|MIA|PHI"
bbr-MIA-50,"Thu, Feb 4, 2027",2026-27,MIA,MIL,MIA,"Thu, Feb 4, 2027|MIA|MIL"
bbr-MIA-51,"Sat, Feb 6, 2027",2026-27,MIN,MIA,MIA,"Sat, Feb 6, 2027|MIN|MIA"
bbr-MIA-53,"Wed, Feb 10, 2027",2026-27,WAS,MIA,MIA,"Wed, Feb 10, 2027|WAS|MIA"
bbr-MIA-54,"Fri, Feb 12, 2027",2026-27,ORL,MIA,MIA,"Fri, Feb 12, 2027|ORL|MIA"
bbr-MIA-56,"Mon, Feb 15, 2027",2026-27,MIA,SAS,MIA,"Mon, Feb 15, 2027|MIA|SAS"
bbr-MIA-57,"Wed, Feb 17, 2027",2026-27,WAS,MIA,MIA,"Wed, Feb 17, 2027|WAS|MIA"
bbr-MIA-60,"Tue, Mar 2, 2027",2026-27,MIA,TOR,MIA,"Tue, Mar 2, 2027|MIA|TOR"
bbr-MIA-61,"Wed, Mar 3, 2027",2026-27,MIA,TOR,MIA,"Wed, Mar 3, 2027|MIA|TOR"
bbr-MIA-63,"Mon, Mar 8, 2027",2026-27,MIA,PHO,MIA,"Mon, Mar 8, 2027|MIA|PHO"
bbr-MIA-64,"Wed, Mar 10, 2027",2026-27,MIA,ORL,MIA,"Wed, Mar 10, 2027|MIA|ORL"
bbr-MIA-65,"Fri, Mar 12, 2027",2026-27,MIL,MIA,MIA,"Fri, Mar 12, 2027|MIL|MIA"
bbr-MIA-67,"Wed, Mar 17, 2027",2026-27,POR,MIA,MIA,"Wed, Mar 17, 2027|POR|MIA"
bbr-MIA-68,"Fri, Mar 19, 2027",2026-27,PHO,MIA,MIA,"Fri, Mar 19, 2027|PHO|MIA"
bbr-MIA-71,"Thu, Mar 25, 2027",2026-27,MIA,UTA,MIA,"Thu, Mar 25, 2027|MIA|UTA"
bbr-MIA-77,"Mon, Apr 5, 2027",2026-27,ORL,MIA,MIA,"Mon, Apr 5, 2027|ORL|MIA"
bbr-MIA-78,"Thu, Apr 8, 2027",2026-27,MIA,PHI,MIA,"Thu, Apr 8, 2027|MIA|PHI"
bbr-MIA-79,"Fri, Apr 9, 2027",2026-27,MIA,WAS,MIA,"Fri, Apr 9, 2027|MIA|WAS"
bbr-MIA-80,"Sun, Apr 11, 2027",2026-27,MIA,ORL,MIA,"Sun, Apr 11, 2027|MIA|ORL"
bbr-MIL-1,"Wed, Oct 21, 2026",2026-27,WAS,MIL,MIL,"Wed, Oct 21, 2026|WAS|MIL"
bbr-MIL-3,"Sat, Oct 24, 2026",2026-27,PHI,MIL,MIL,"Sat, Oct 24, 2026|PHI|MIL"
bbr-MIL-7,"Mon, Nov 2, 2026",2026-27,MIN,MIL,MIL,"Mon, Nov 2, 2026|MIN|MIL"
bbr-MIL-9,"Fri, Nov 6, 2026",2026-27,MIL,TOR,MIL,"Fri, Nov 6, 2026|MIL|TOR"
bbr-MIL-11,"Tue, Nov 10, 2026",2026-27,NYK,MIL,MIL,"Tue, Nov 10, 2026|NYK|MIL"
bbr-MIL-13,"Fri, Nov 13, 2026",2026-27,ORL,MIL,MIL,"Fri, Nov 13, 2026|ORL|MIL"
bbr-MIL-16,"Thu, Nov 19, 2026",2026-27,MIL,POR,MIL,"Thu, Nov 19, 2026|MIL|POR"
bbr-MIL-17,"Sat, Nov 21, 2026",2026-27,PHI,MIL,MIL,"Sat, Nov 21, 2026|PHI|MIL"
bbr-MIL-18,"Mon, Nov 23, 2026",2026-27,TOR,MIL,MIL,"Mon, Nov 23, 2026|TOR|MIL"
bbr-MIL-21,"Sat, Nov 28, 2026",2026-27,MIL,OKC,MIL,"Sat, Nov 28, 2026|MIL|OKC"
bbr-MIL-22,"Mon, Nov 30, 2026",2026-27,MIL,SAS,MIL,"Mon, Nov 30, 2026|MIL|SAS"
bbr-MIL-23,"Wed, Dec 2, 2026",2026-27,MIL,NYK,MIL,"Wed, Dec 2, 2026|MIL|NYK"
bbr-MIL-27,"Fri, Dec 18, 2026",2026-27,MIL,PHO,MIL,"Fri, Dec 18, 2026|MIL|PHO"
bbr-MIL-29,"Mon, Dec 21, 2026",2026-27,SAS,MIL,MIL,"Mon, Dec 21, 2026|SAS|MIL"
bbr-MIL-30,"Wed, Dec 23, 2026",2026-27,MIL,MIN,MIL,"Wed, Dec 23, 2026|MIL|MIN"
bbr-MIL-31,"Sun, Dec 27, 2026",2026-27,ORL,MIL,MIL,"Sun, Dec 27, 2026|ORL|MIL"
bbr-MIL-32,"Tue, Dec 29, 2026",2026-27,OKC,MIL,MIL,"Tue, Dec 29, 2026|OKC|MIL"
bbr-MIL-34,"Fri, Jan 1, 2027",2026-27,MIL,PHI,MIL,"Fri, Jan 1, 2027|MIL|PHI"
bbr-MIL-43,"Wed, Jan 20, 2027",2026-27,SAC,MIL,MIL,"Wed, Jan 20, 2027|SAC|MIL"
bbr-MIL-46,"Tue, Jan 26, 2027",2026-27,UTA,MIL,MIL,"Tue, Jan 26, 2027|UTA|MIL"
bbr-MIL-51,"Sat, Feb 6, 2027",2026-27,TOR,MIL,MIL,"Sat, Feb 6, 2027|TOR|MIL"
bbr-MIL-52,"Mon, Feb 8, 2027",2026-27,MIL,ORL,MIL,"Mon, Feb 8, 2027|MIL|ORL"
bbr-MIL-53,"Tue, Feb 9, 2027",2026-27,MIL,SAC,MIL,"Tue, Feb 9, 2027|MIL|SAC"
bbr-MIL-55,"Sat, Feb 13, 2027",2026-27,WAS,MIL,MIL,"Sat, Feb 13, 2027|WAS|MIL"
bbr-MIL-58,"Thu, Feb 25, 2027",2026-27,MIL,WAS,MIL,"Thu, Feb 25, 2027|MIL|WAS"
bbr-MIL-59,"Sun, Feb 28, 2027",2026-27,NYK,MIL,MIL,"Sun, Feb 28, 2027|NYK|MIL"
bbr-MIL-61,"Wed, Mar 3, 2027",2026-27,MIL,UTA,MIL,"Wed, Mar 3, 2027|MIL|UTA"
bbr-MIL-62,"Fri, Mar 5, 2027",2026-27,NOP,MIL,MIL,"Fri, Mar 5, 2027|NOP|MIL"
bbr-MIL-66,"Tue, Mar 16, 2027",2026-27,MIL,ORL,MIL,"Tue, Mar 16, 2027|MIL|ORL"
bbr-MIL-69,"Mon, Mar 22, 2027",2026-27,MIL,WAS,MIL,"Mon, Mar 22, 2027|MIL|WAS"
bbr-MIL-71,"Fri, Mar 26, 2027",2026-27,PHO,MIL,MIL,"Fri, Mar 26, 2027|PHO|MIL"
bbr-MIL-72,"Sat, Mar 27, 2027",2026-27,POR,MIL,MIL,"Sat, Mar 27, 2027|POR|MIL"
bbr-MIL-74,"Wed, Mar 31, 2027",2026-27,MIL,NOP,MIL,"Wed, Mar 31, 2027|MIL|NOP"
bbr-MIL-78,"Thu, Apr 8, 2027",2026-27,MIL,NYK,MIL,"Thu, Apr 8, 2027|MIL|NYK"
bbr-MIN-2,"Fri, Oct 23, 2026",2026-27,ORL,MIN,MIN,"Fri, Oct 23, 2026|ORL|MIN"
bbr-MIN-3,"Sun, Oct 25, 2026",2026-27,MIN,TOR,MIN,"Sun, Oct 25, 2026|MIN|TOR"
bbr-MIN-7,"Sat, Oct 31, 2026",2026-27,SAS,MIN,MIN,"Sat, Oct 31, 2026|SAS|MIN"
bbr-MIN-10,"Fri, Nov 6, 2026",2026-27,NOP,MIN,MIN,"Fri, Nov 6, 2026|NOP|MIN"
bbr-MIN-11,"Sun, Nov 8, 2026",2026-27,MIN,UTA,MIN,"Sun, Nov 8, 2026|MIN|UTA"
bbr-MIN-14,"Mon, Nov 16, 2026",2026-27,MIN,POR,MIN,"Mon, Nov 16, 2026|MIN|POR"
bbr-MIN-15,"Tue, Nov 17, 2026",2026-27,MIN,POR,MIN,"Tue, Nov 17, 2026|MIN|POR"
bbr-MIN-16,"Thu, Nov 19, 2026",2026-27,MIN,NYK,MIN,"Thu, Nov 19, 2026|MIN|NYK"
bbr-MIN-19,"Wed, Nov 25, 2026",2026-27,OKC,MIN,MIN,"Wed, Nov 25, 2026|OKC|MIN"
bbr-MIN-21,"Sun, Nov 29, 2026",2026-27,SAC,MIN,MIN,"Sun, Nov 29, 2026|SAC|MIN"
bbr-MIN-22,"Tue, Dec 1, 2026",2026-27,POR,MIN,MIN,"Tue, Dec 1, 2026|POR|MIN"
bbr-MIN-24,"Sat, Dec 12, 2026",2026-27,PHO,MIN,MIN,"Sat, Dec 12, 2026|PHO|MIN"
bbr-MIN-25,"Mon, Dec 14, 2026",2026-27,UTA,MIN,MIN,"Mon, Dec 14, 2026|UTA|MIN"
bbr-MIN-28,"Mon, Dec 21, 2026",2026-27,MIN,PHO,MIN,"Mon, Dec 21, 2026|MIN|PHO"
bbr-MIN-30,"Fri, Dec 25, 2026",2026-27,MIN,OKC,MIN,"Fri, Dec 25, 2026|MIN|OKC"
bbr-MIN-35,"Sun, Jan 3, 2027",2026-27,MIN,SAS,MIN,"Sun, Jan 3, 2027|MIN|SAS"
bbr-MIN-37,"Thu, Jan 7, 2027",2026-27,TOR,MIN,MIN,"Thu, Jan 7, 2027|TOR|MIN"
bbr-MIN-38,"Fri, Jan 8, 2027",2026-27,WAS,MIN,MIN,"Fri, Jan 8, 2027|WAS|MIN"
bbr-MIN-41,"Sat, Jan 16, 2027",2026-27,PHI,MIN,MIN,"Sat, Jan 16, 2027|PHI|MIN"
bbr-MIN-42,"Mon, Jan 18, 2027",2026-27,NYK,MIN,MIN,"Mon, Jan 18, 2027|NYK|MIN"
bbr-MIN-44,"Fri, Jan 22, 2027",2026-27,SAS,MIN,MIN,"Fri, Jan 22, 2027|SAS|MIN"
bbr-MIN-49,"Sun, Jan 31, 2027",2026-27,MIN,PHO,MIN,"Sun, Jan 31, 2027|MIN|PHO"
bbr-MIN-50,"Tue, Feb 2, 2027",2026-27,POR,MIN,MIN,"Tue, Feb 2, 2027|POR|MIN"
bbr-MIN-51,"Thu, Feb 4, 2027",2026-27,SAC,MIN,MIN,"Thu, Feb 4, 2027|SAC|MIN"
bbr-MIN-53,"Sun, Feb 7, 2027",2026-27,MIN,UTA,MIN,"Sun, Feb 7, 2027|MIN|UTA"
bbr-MIN-57,"Thu, Feb 18, 2027",2026-27,MIN,SAS,MIN,"Thu, Feb 18, 2027|MIN|SAS"
bbr-MIN-60,"Tue, Mar 2, 2027",2026-27,OKC,MIN,MIN,"Tue, Mar 2, 2027|OKC|MIN"
bbr-MIN-61,"Fri, Mar 5, 2027",2026-27,PHO,MIN,MIN,"Fri, Mar 5, 2027|PHO|MIN"
bbr-MIN-63,"Mon, Mar 8, 2027",2026-27,MIN,NOP,MIN,"Mon, Mar 8, 2027|MIN|NOP"
bbr-MIN-65,"Sat, Mar 13, 2027",2026-27,MIN,PHI,MIN,"Sat, Mar 13, 2027|MIN|PHI"
bbr-MIN-66,"Sun, Mar 14, 2027",2026-27,MIN,WAS,MIN,"Sun, Mar 14, 2027|MIN|WAS"
bbr-MIN-67,"Tue, Mar 16, 2027",2026-27,NOP,MIN,MIN,"Tue, Mar 16, 2027|NOP|MIN"
bbr-MIN-68,"Thu, Mar 18, 2027",2026-27,UTA,MIN,MIN,"Thu, Mar 18, 2027|UTA|MIN"
bbr-MIN-71,"Fri, Mar 26, 2027",2026-27,MIN,ORL,MIN,"Fri, Mar 26, 2027|MIN|ORL"
bbr-MIN-72,"Sun, Mar 28, 2027",2026-27,MIN,OKC,MIN,"Sun, Mar 28, 2027|MIN|OKC"
bbr-MIN-74,"Wed, Mar 31, 2027",2026-27,MIN,SAC,MIN,"Wed, Mar 31, 2027|MIN|SAC"
bbr-NOP-2,"Fri, Oct 23, 2026",2026-27,UTA,NOP,NOP,"Fri, Oct 23, 2026|UTA|NOP"
bbr-NOP-5,"Thu, Oct 29, 2026",2026-27,NOP,SAC,NOP,"Thu, Oct 29, 2026|NOP|SAC"
bbr-NOP-8,"Wed, Nov 4, 2026",2026-27,NOP,UTA,NOP,"Wed, Nov 4, 2026|NOP|UTA"
bbr-NOP-17,"Fri, Nov 20, 2026",2026-27,OKC,NOP,NOP,"Fri, Nov 20, 2026|OKC|NOP"
bbr-NOP-18,"Sat, Nov 21, 2026",2026-27,SAS,NOP,NOP,"Sat, Nov 21, 2026|SAS|NOP"
bbr-NOP-19,"Mon, Nov 23, 2026",2026-27,NOP,PHO,NOP,"Mon, Nov 23, 2026|NOP|PHO"
bbr-NOP-21,"Sun, Nov 29, 2026",2026-27,POR,NOP,NOP,"Sun, Nov 29, 2026|POR|NOP"
bbr-NOP-22,"Mon, Nov 30, 2026",2026-27,SAC,NOP,NOP,"Mon, Nov 30, 2026|SAC|NOP"
bbr-NOP-24,"Sun, Dec 13, 2026",2026-27,SAC,NOP,NOP,"Sun, Dec 13, 2026|SAC|NOP"
bbr-NOP-26,"Wed, Dec 16, 2026",2026-27,NOP,NYK,NOP,"Wed, Dec 16, 2026|NOP|NYK"
bbr-NOP-27,"Fri, Dec 18, 2026",2026-27,NOP,SAC,NOP,"Fri, Dec 18, 2026|NOP|SAC"
bbr-NOP-28,"Sun, Dec 20, 2026",2026-27,NOP,SAS,NOP,"Sun, Dec 20, 2026|NOP|SAS"
bbr-NOP-30,"Wed, Dec 23, 2026",2026-27,NOP,OKC,NOP,"Wed, Dec 23, 2026|NOP|OKC"
bbr-NOP-32,"Mon, Dec 28, 2026",2026-27,TOR,NOP,NOP,"Mon, Dec 28, 2026|TOR|NOP"
bbr-NOP-37,"Wed, Jan 6, 2027",2026-27,NOP,POR,NOP,"Wed, Jan 6, 2027|NOP|POR"
bbr-NOP-38,"Fri, Jan 8, 2027",2026-27,NOP,ORL,NOP,"Fri, Jan 8, 2027|NOP|ORL"
bbr-NOP-40,"Thu, Jan 14, 2027",2026-27,SAS,NOP,NOP,"Thu, Jan 14, 2027|SAS|NOP"
bbr-NOP-41,"Sun, Jan 17, 2027",2026-27,NOP,SAS,NOP,"Sun, Jan 17, 2027|NOP|SAS"
bbr-NOP-42,"Wed, Jan 20, 2027",2026-27,NOP,OKC,NOP,"Wed, Jan 20, 2027|NOP|OKC"
bbr-NOP-46,"Thu, Jan 28, 2027",2026-27,NOP,PHI,NOP,"Thu, Jan 28, 2027|NOP|PHI"
bbr-NOP-48,"Mon, Feb 1, 2027",2026-27,PHI,NOP,NOP,"Mon, Feb 1, 2027|PHI|NOP"
bbr-NOP-49,"Tue, Feb 2, 2027",2026-27,ORL,NOP,NOP,"Tue, Feb 2, 2027|ORL|NOP"
bbr-NOP-50,"Thu, Feb 4, 2027",2026-27,WAS,NOP,NOP,"Thu, Feb 4, 2027|WAS|NOP"
bbr-NOP-56,"Tue, Feb 16, 2027",2026-27,POR,NOP,NOP,"Tue, Feb 16, 2027|POR|NOP"
bbr-NOP-58,"Thu, Feb 25, 2027",2026-27,NOP,PHO,NOP,"Thu, Feb 25, 2027|NOP|PHO"
bbr-NOP-59,"Sat, Feb 27, 2027",2026-27,PHO,NOP,NOP,"Sat, Feb 27, 2027|PHO|NOP"
bbr-NOP-60,"Mon, Mar 1, 2027",2026-27,NOP,UTA,NOP,"Mon, Mar 1, 2027|NOP|UTA"
bbr-NOP-66,"Fri, Mar 12, 2027",2026-27,NOP,TOR,NOP,"Fri, Mar 12, 2027|NOP|TOR"
bbr-NOP-72,"Tue, Mar 23, 2027",2026-27,NYK,NOP,NOP,"Tue, Mar 23, 2027|NYK|NOP"
bbr-NOP-76,"Sat, Apr 3, 2027",2026-27,OKC,NOP,NOP,"Sat, Apr 3, 2027|OKC|NOP"
bbr-NOP-77,"Mon, Apr 5, 2027",2026-27,NOP,WAS,NOP,"Mon, Apr 5, 2027|NOP|WAS"
bbr-NOP-79,"Thu, Apr 8, 2027",2026-27,UTA,NOP,NOP,"Thu, Apr 8, 2027|UTA|NOP"
bbr-NYK-1,"Tue, Oct 20, 2026",2026-27,NYK,PHI,NYK,"Tue, Oct 20, 2026|NYK|PHI"
bbr-NYK-3,"Sun, Oct 25, 2026",2026-27,NYK,ORL,NYK,"Sun, Oct 25, 2026|NYK|ORL"
bbr-NYK-6,"Fri, Oct 30, 2026",2026-27,PHI,NYK,NYK,"Fri, Oct 30, 2026|PHI|NYK"
bbr-NYK-13,"Sun, Nov 15, 2026",2026-27,TOR,NYK,NYK,"Sun, Nov 15, 2026|TOR|NYK"
bbr-NYK-14,"Tue, Nov 17, 2026",2026-27,TOR,NYK,NYK,"Tue, Nov 17, 2026|TOR|NYK"
bbr-NYK-16,"Sat, Nov 21, 2026",2026-27,NYK,POR,NYK,"Sat, Nov 21, 2026|NYK|POR"
bbr-NYK-26,"Fri, Dec 18, 2026",2026-27,WAS,NYK,NYK,"Fri, Dec 18, 2026|WAS|NYK"
bbr-NYK-28,"Wed, Dec 23, 2026",2026-27,NYK,UTA,NYK,"Wed, Dec 23, 2026|NYK|UTA"
bbr-NYK-29,"Fri, Dec 25, 2026",2026-27,NYK,SAS,NYK,"Fri, Dec 25, 2026|NYK|SAS"
bbr-NYK-31,"Wed, Dec 30, 2026",2026-27,UTA,NYK,NYK,"Wed, Dec 30, 2026|UTA|NYK"
bbr-NYK-32,"Thu, Dec 31, 2026",2026-27,PHO,NYK,NYK,"Thu, Dec 31, 2026|PHO|NYK"
bbr-NYK-34,"Mon, Jan 4, 2027",2026-27,POR,NYK,NYK,"Mon, Jan 4, 2027|POR|NYK"
bbr-NYK-36,"Fri, Jan 8, 2027",2026-27,SAC,NYK,NYK,"Fri, Jan 8, 2027|SAC|NYK"
bbr-NYK-42,"Wed, Jan 20, 2027",2026-27,NYK,TOR,NYK,"Wed, Jan 20, 2027|NYK|TOR"
bbr-NYK-45,"Tue, Jan 26, 2027",2026-27,NYK,PHO,NYK,"Tue, Jan 26, 2027|NYK|PHO"
bbr-NYK-50,"Thu, Feb 4, 2027",2026-27,NYK,TOR,NYK,"Thu, Feb 4, 2027|NYK|TOR"
bbr-NYK-51,"Sun, Feb 7, 2027",2026-27,OKC,NYK,NYK,"Sun, Feb 7, 2027|OKC|NYK"
bbr-NYK-53,"Thu, Feb 11, 2027",2026-27,PHI,NYK,NYK,"Thu, Feb 11, 2027|PHI|NYK"
bbr-NYK-57,"Thu, Feb 25, 2027",2026-27,NYK,OKC,NYK,"Thu, Feb 25, 2027|NYK|OKC"
bbr-NYK-58,"Sat, Feb 27, 2027",2026-27,NYK,PHI,NYK,"Sat, Feb 27, 2027|NYK|PHI"
bbr-NYK-62,"Sun, Mar 7, 2027",2026-27,SAS,NYK,NYK,"Sun, Mar 7, 2027|SAS|NYK"
bbr-NYK-66,"Tue, Mar 16, 2027",2026-27,WAS,NYK,NYK,"Tue, Mar 16, 2027|WAS|NYK"
bbr-NYK-67,"Wed, Mar 17, 2027",2026-27,NYK,SAC,NYK,"Wed, Mar 17, 2027|NYK|SAC"
bbr-NYK-68,"Sat, Mar 20, 2027",2026-27,NYK,WAS,NYK,"Sat, Mar 20, 2027|NYK|WAS"
bbr-NYK-72,"Sun, Mar 28, 2027",2026-27,ORL,NYK,NYK,"Sun, Mar 28, 2027|ORL|NYK"
bbr-NYK-73,"Tue, Mar 30, 2027",2026-27,ORL,NYK,NYK,"Tue, Mar 30, 2027|ORL|NYK"
bbr-OKC-1,"Tue, Oct 20, 2026",2026-27,SAS,OKC,OKC,"Tue, Oct 20, 2026|SAS|OKC"
bbr-OKC-4,"Mon, Oct 26, 2026",2026-27,OKC,PHO,OKC,"Mon, Oct 26, 2026|OKC|PHO"
bbr-OKC-10,"Sat, Nov 7, 2026",2026-27,OKC,WAS,OKC,"Sat, Nov 7, 2026|OKC|WAS"
bbr-OKC-11,"Tue, Nov 10, 2026",2026-27,POR,OKC,OKC,"Tue, Nov 10, 2026|POR|OKC"
bbr-OKC-12,"Wed, Nov 11, 2026",2026-27,POR,OKC,OKC,"Wed, Nov 11, 2026|POR|OKC"
bbr-OKC-14,"Sun, Nov 15, 2026",2026-27,SAC,OKC,OKC,"Sun, Nov 15, 2026|SAC|OKC"
bbr-OKC-23,"Sun, Dec 13, 2026",2026-27,OKC,TOR,OKC,"Sun, Dec 13, 2026|OKC|TOR"
bbr-OKC-24,"Wed, Dec 16, 2026",2026-27,OKC,SAC,OKC,"Wed, Dec 16, 2026|OKC|SAC"
bbr-OKC-33,"Sat, Jan 2, 2027",2026-27,OKC,UTA,OKC,"Sat, Jan 2, 2027|OKC|UTA"
bbr-OKC-34,"Sun, Jan 3, 2027",2026-27,OKC,SAC,OKC,"Sun, Jan 3, 2027|OKC|SAC"
bbr-OKC-35,"Wed, Jan 6, 2027",2026-27,PHI,OKC,OKC,"Wed, Jan 6, 2027|PHI|OKC"
bbr-OKC-36,"Thu, Jan 7, 2027",2026-27,WAS,OKC,OKC,"Thu, Jan 7, 2027|WAS|OKC"
bbr-OKC-37,"Sun, Jan 10, 2027",2026-27,ORL,OKC,OKC,"Sun, Jan 10, 2027|ORL|OKC"
bbr-OKC-39,"Fri, Jan 15, 2027",2026-27,OKC,UTA,OKC,"Fri, Jan 15, 2027|OKC|UTA"
bbr-OKC-40,"Sun, Jan 17, 2027",2026-27,OKC,POR,OKC,"Sun, Jan 17, 2027|OKC|POR"
bbr-OKC-53,"Tue, Feb 9, 2027",2026-27,OKC,POR,OKC,"Tue, Feb 9, 2027|OKC|POR"
bbr-OKC-54,"Thu, Feb 11, 2027",2026-27,OKC,SAS,OKC,"Thu, Feb 11, 2027|OKC|SAS"
bbr-OKC-55,"Sat, Feb 13, 2027",2026-27,OKC,PHI,OKC,"Sat, Feb 13, 2027|OKC|PHI"
bbr-OKC-56,"Mon, Feb 15, 2027",2026-27,OKC,ORL,OKC,"Mon, Feb 15, 2027|OKC|ORL"
bbr-OKC-61,"Thu, Mar 4, 2027",2026-27,SAC,OKC,OKC,"Thu, Mar 4, 2027|SAC|OKC"
bbr-OKC-64,"Wed, Mar 10, 2027",2026-27,TOR,OKC,OKC,"Wed, Mar 10, 2027|TOR|OKC"
bbr-OKC-66,"Sun, Mar 14, 2027",2026-27,OKC,SAS,OKC,"Sun, Mar 14, 2027|OKC|SAS"
bbr-OKC-70,"Tue, Mar 23, 2027",2026-27,PHO,OKC,OKC,"Tue, Mar 23, 2027|PHO|OKC"
bbr-OKC-71,"Wed, Mar 24, 2027",2026-27,PHO,OKC,OKC,"Wed, Mar 24, 2027|PHO|OKC"
bbr-OKC-74,"Tue, Mar 30, 2027",2026-27,UTA,OKC,OKC,"Tue, Mar 30, 2027|UTA|OKC"
bbr-OKC-77,"Tue, Apr 6, 2027",2026-27,UTA,OKC,OKC,"Tue, Apr 6, 2027|UTA|OKC"
bbr-ORL-4,"Wed, Oct 28, 2026",2026-27,TOR,ORL,ORL,"Wed, Oct 28, 2026|TOR|ORL"
bbr-ORL-5,"Fri, Oct 30, 2026",2026-27,TOR,ORL,ORL,"Fri, Oct 30, 2026|TOR|ORL"
bbr-ORL-7,"Mon, Nov 2, 2026",2026-27,ORL,WAS,ORL,"Mon, Nov 2, 2026|ORL|WAS"
bbr-ORL-8,"Thu, Nov 5, 2026",2026-27,PHO,ORL,ORL,"Thu, Nov 5, 2026|PHO|ORL"
bbr-ORL-10,"Tue, Nov 10, 2026",2026-27,SAC,ORL,ORL,"Tue, Nov 10, 2026|SAC|ORL"
bbr-ORL-11,"Wed, Nov 11, 2026",2026-27,UTA,ORL,ORL,"Wed, Nov 11, 2026|UTA|ORL"
bbr-ORL-14,"Wed, Nov 18, 2026",2026-27,ORL,PHI,ORL,"Wed, Nov 18, 2026|ORL|PHI"
bbr-ORL-16,"Sun, Nov 22, 2026",2026-27,WAS,ORL,ORL,"Sun, Nov 22, 2026|WAS|ORL"
bbr-ORL-18,"Sat, Nov 28, 2026",2026-27,WAS,ORL,ORL,"Sat, Nov 28, 2026|WAS|ORL"
bbr-ORL-21,"Sat, Dec 12, 2026",2026-27,PHI,ORL,ORL,"Sat, Dec 12, 2026|PHI|ORL"
bbr-ORL-22,"Mon, Dec 14, 2026",2026-27,ORL,PHI,ORL,"Mon, Dec 14, 2026|ORL|PHI"
bbr-ORL-26,"Mon, Dec 21, 2026",2026-27,ORL,SAC,ORL,"Mon, Dec 21, 2026|ORL|SAC"
bbr-ORL-28,"Sat, Dec 26, 2026",2026-27,ORL,TOR,ORL,"Sat, Dec 26, 2026|ORL|TOR"
bbr-ORL-38,"Tue, Jan 12, 2027",2026-27,POR,ORL,ORL,"Tue, Jan 12, 2027|POR|ORL"
bbr-ORL-43,"Fri, Jan 22, 2027",2026-27,ORL,POR,ORL,"Fri, Jan 22, 2027|ORL|POR"
bbr-ORL-50,"Thu, Feb 4, 2027",2026-27,SAS,ORL,ORL,"Thu, Feb 4, 2027|SAS|ORL"
bbr-ORL-55,"Sat, Feb 13, 2027",2026-27,ORL,SAS,ORL,"Sat, Feb 13, 2027|ORL|SAS"
bbr-ORL-62,"Fri, Mar 5, 2027",2026-27,ORL,UTA,ORL,"Fri, Mar 5, 2027|ORL|UTA"
bbr-ORL-63,"Tue, Mar 9, 2027",2026-27,ORL,PHO,ORL,"Tue, Mar 9, 2027|ORL|PHO"
bbr-ORL-76,"Sat, Apr 3, 2027",2026-27,ORL,WAS,ORL,"Sat, Apr 3, 2027|ORL|WAS"
bbr-ORL-79,"Fri, Apr 9, 2027",2026-27,ORL,TOR,ORL,"Fri, Apr 9, 2027|ORL|TOR"
bbr-PHI-13,"Thu, Nov 12, 2026",2026-27,PHI,TOR,PHI,"Thu, Nov 12, 2026|PHI|TOR"
bbr-PHI-18,"Mon, Nov 23, 2026",2026-27,PHI,POR,PHI,"Mon, Nov 23, 2026|PHI|POR"
bbr-PHI-31,"Tue, Dec 29, 2026",2026-27,SAC,PHI,PHI,"Tue, Dec 29, 2026|SAC|PHI"
bbr-PHI-32,"Wed, Dec 30, 2026",2026-27,PHO,PHI,PHI,"Wed, Dec 30, 2026|PHO|PHI"
bbr-PHI-37,"Sun, Jan 10, 2027",2026-27,TOR,PHI,PHI,"Sun, Jan 10, 2027|TOR|PHI"
bbr-PHI-38,"Tue, Jan 12, 2027",2026-27,PHI,WAS,PHI,"Tue, Jan 12, 2027|PHI|WAS"
bbr-PHI-46,"Wed, Jan 27, 2027",2026-27,PHI,SAC,PHI,"Wed, Jan 27, 2027|PHI|SAC"
bbr-PHI-57,"Wed, Feb 17, 2027",2026-27,PHI,PHO,PHI,"Wed, Feb 17, 2027|PHI|PHO"
bbr-PHI-64,"Mon, Mar 8, 2027",2026-27,PHI,UTA,PHI,"Mon, Mar 8, 2027|PHI|UTA"
bbr-PHI-65,"Thu, Mar 11, 2027",2026-27,SAS,PHI,PHI,"Thu, Mar 11, 2027|SAS|PHI"
bbr-PHI-67,"Mon, Mar 15, 2027",2026-27,PHI,TOR,PHI,"Mon, Mar 15, 2027|PHI|TOR"
bbr-PHI-69,"Thu, Mar 18, 2027",2026-27,WAS,PHI,PHI,"Thu, Mar 18, 2027|WAS|PHI"
bbr-PHI-70,"Sun, Mar 21, 2027",2026-27,PHI,SAS,PHI,"Sun, Mar 21, 2027|PHI|SAS"
bbr-PHI-71,"Tue, Mar 23, 2027",2026-27,UTA,PHI,PHI,"Tue, Mar 23, 2027|UTA|PHI"
bbr-PHI-73,"Fri, Mar 26, 2027",2026-27,POR,PHI,PHI,"Fri, Mar 26, 2027|POR|PHI"
bbr-PHI-76,"Fri, Apr 2, 2027",2026-27,WAS,PHI,PHI,"Fri, Apr 2, 2027|WAS|PHI"
bbr-PHI-78,"Tue, Apr 6, 2027",2026-27,TOR,PHI,PHI,"Tue, Apr 6, 2027|TOR|PHI"
bbr-PHO-1,"Wed, Oct 21, 2026",2026-27,POR,PHO,PHO,"Wed, Oct 21, 2026|POR|PHO"
bbr-PHO-6,"Wed, Nov 4, 2026",2026-27,PHO,POR,PHO,"Wed, Nov 4, 2026|PHO|POR"
bbr-PHO-9,"Mon, Nov 9, 2026",2026-27,PHO,SAS,PHO,"Mon, Nov 9, 2026|PHO|SAS"
bbr-PHO-14,"Wed, Nov 18, 2026",2026-27,SAC,PHO,PHO,"Wed, Nov 18, 2026|SAC|PHO"
bbr-PHO-15,"Fri, Nov 20, 2026",2026-27,UTA,PHO,PHO,"Fri, Nov 20, 2026|UTA|PHO"
bbr-PHO-19,"Sun, Nov 29, 2026",2026-27,UTA,PHO,PHO,"Sun, Nov 29, 2026|UTA|PHO"
bbr-PHO-21,"Wed, Dec 2, 2026",2026-27,PHO,SAC,PHO,"Wed, Dec 2, 2026|PHO|SAC"
bbr-PHO-33,"Sat, Jan 2, 2027",2026-27,PHO,SAC,PHO,"Sat, Jan 2, 2027|PHO|SAC"
bbr-PHO-38,"Wed, Jan 13, 2027",2026-27,TOR,PHO,PHO,"Wed, Jan 13, 2027|TOR|PHO"
bbr-PHO-42,"Fri, Jan 22, 2027",2026-27,PHO,UTA,PHO,"Fri, Jan 22, 2027|PHO|UTA"
bbr-PHO-43,"Sun, Jan 24, 2027",2026-27,PHO,UTA,PHO,"Sun, Jan 24, 2027|PHO|UTA"
bbr-PHO-50,"Sat, Feb 6, 2027",2026-27,SAC,PHO,PHO,"Sat, Feb 6, 2027|SAC|PHO"
bbr-PHO-55,"Mon, Feb 15, 2027",2026-27,WAS,PHO,PHO,"Mon, Feb 15, 2027|WAS|PHO"
bbr-PHO-59,"Mon, Mar 1, 2027",2026-27,PHO,WAS,PHO,"Mon, Mar 1, 2027|PHO|WAS"
bbr-PHO-69,"Sun, Mar 21, 2027",2026-27,PHO,POR,PHO,"Sun, Mar 21, 2027|PHO|POR"
bbr-PHO-73,"Sun, Mar 28, 2027",2026-27,PHO,TOR,PHO,"Sun, Mar 28, 2027|PHO|TOR"
bbr-PHO-74,"Mon, Mar 29, 2027",2026-27,SAS,PHO,PHO,"Mon, Mar 29, 2027|SAS|PHO"
bbr-PHO-75,"Wed, Mar 31, 2027",2026-27,SAS,PHO,PHO,"Wed, Mar 31, 2027|SAS|PHO"
bbr-POR-2,"Fri, Oct 23, 2026",2026-27,SAC,POR,POR,"Fri, Oct 23, 2026|SAC|POR"
bbr-POR-5,"Sat, Oct 31, 2026",2026-27,UTA,POR,POR,"Sat, Oct 31, 2026|UTA|POR"
bbr-POR-9,"Sat, Nov 7, 2026",2026-27,POR,SAS,POR,"Sat, Nov 7, 2026|POR|SAS"
bbr-POR-12,"Fri, Nov 13, 2026",2026-27,SAC,POR,POR,"Fri, Nov 13, 2026|SAC|POR"
bbr-POR-18,"Wed, Nov 25, 2026",2026-27,POR,SAS,POR,"Wed, Nov 25, 2026|POR|SAS"
bbr-POR-22,"Thu, Dec 3, 2026",2026-27,POR,UTA,POR,"Thu, Dec 3, 2026|POR|UTA"
bbr-POR-29,"Sat, Dec 26, 2026",2026-27,WAS,POR,POR,"Sat, Dec 26, 2026|WAS|POR"
bbr-POR-39,"Fri, Jan 15, 2027",2026-27,POR,SAC,POR,"Fri, Jan 15, 2027|POR|SAC"
bbr-POR-44,"Sun, Jan 24, 2027",2026-27,SAS,POR,POR,"Sun, Jan 24, 2027|SAS|POR"
bbr-POR-45,"Tue, Jan 26, 2027",2026-27,POR,WAS,POR,"Tue, Jan 26, 2027|POR|WAS"
bbr-POR-62,"Fri, Mar 5, 2027",2026-27,TOR,POR,POR,"Fri, Mar 5, 2027|TOR|POR"
bbr-POR-71,"Tue, Mar 23, 2027",2026-27,POR,TOR,POR,"Tue, Mar 23, 2027|POR|TOR"
bbr-POR-76,"Fri, Apr 2, 2027",2026-27,POR,UTA,POR,"Fri, Apr 2, 2027|POR|UTA"
bbr-POR-77,"Sun, Apr 4, 2027",2026-27,UTA,POR,POR,"Sun, Apr 4, 2027|UTA|POR"
bbr-POR-80,"Sun, Apr 11, 2027",2026-27,SAS,POR,POR,"Sun, Apr 11, 2027|SAS|POR"
bbr-SAC-4,"Tue, Oct 27, 2026",2026-27,SAS,SAC,SAC,"Tue, Oct 27, 2026|SAS|SAC"
bbr-SAC-9,"Fri, Nov 6, 2026",2026-27,SAC,SAS,SAC,"Fri, Nov 6, 2026|SAC|SAS"
bbr-SAC-17,"Mon, Nov 23, 2026",2026-27,SAC,SAS,SAC,"Mon, Nov 23, 2026|SAC|SAS"
bbr-SAC-28,"Sun, Dec 27, 2026",2026-27,SAC,UTA,SAC,"Sun, Dec 27, 2026|SAC|UTA"
bbr-SAC-40,"Sun, Jan 17, 2027",2026-27,UTA,SAC,SAC,"Sun, Jan 17, 2027|UTA|SAC"
bbr-SAC-46,"Thu, Jan 28, 2027",2026-27,WAS,SAC,SAC,"Thu, Jan 28, 2027|WAS|SAC"
bbr-SAC-59,"Tue, Mar 2, 2027",2026-27,SAC,WAS,SAC,"Tue, Mar 2, 2027|SAC|WAS"
bbr-SAC-64,"Fri, Mar 12, 2027",2026-27,UTA,SAC,SAC,"Fri, Mar 12, 2027|UTA|SAC"
bbr-SAC-68,"Fri, Mar 19, 2027",2026-27,TOR,SAC,SAC,"Fri, Mar 19, 2027|TOR|SAC"
bbr-SAC-72,"Sat, Mar 27, 2027",2026-27,SAC,TOR,SAC,"Sat, Mar 27, 2027|SAC|TOR"
bbr-SAC-77,"Tue, Apr 6, 2027",2026-27,SAS,SAC,SAC,"Tue, Apr 6, 2027|SAS|SAC"
bbr-SAS-5,"Wed, Oct 28, 2026",2026-27,UTA,SAS,SAS,"Wed, Oct 28, 2026|UTA|SAS"
bbr-SAS-7,"Mon, Nov 2, 2026",2026-27,SAS,UTA,SAS,"Mon, Nov 2, 2026|SAS|UTA"
bbr-SAS-14,"Sun, Nov 15, 2026",2026-27,UTA,SAS,SAS,"Sun, Nov 15, 2026|UTA|SAS"
bbr-SAS-23,"Thu, Dec 3, 2026",2026-27,SAS,TOR,SAS,"Thu, Dec 3, 2026|SAS|TOR"
bbr-SAS-26,"Wed, Dec 16, 2026",2026-27,TOR,SAS,SAS,"Wed, Dec 16, 2026|TOR|SAS"
bbr-SAS-35,"Fri, Jan 1, 2027",2026-27,WAS,SAS,SAS,"Fri, Jan 1, 2027|WAS|SAS"
bbr-SAS-63,"Tue, Mar 9, 2027",2026-27,SAS,WAS,SAS,"Tue, Mar 9, 2027|SAS|WAS"
bbr-TOR-2,"Fri, Oct 23, 2026",2026-27,WAS,TOR,TOR,"Fri, Oct 23, 2026|WAS|TOR"
bbr-TOR-15,"Wed, Nov 18, 2026",2026-27,TOR,WAS,TOR,"Wed, Nov 18, 2026|TOR|WAS"
bbr-TOR-27,"Tue, Dec 22, 2026",2026-27,WAS,TOR,TOR,"Tue, Dec 22, 2026|WAS|TOR"
bbr-TOR-31,"Wed, Dec 30, 2026",2026-27,TOR,WAS,TOR,"Wed, Dec 30, 2026|TOR|WAS"
bbr-TOR-36,"Fri, Jan 8, 2027",2026-27,TOR,UTA,TOR,"Fri, Jan 8, 2027|TOR|UTA"
bbr-TOR-69,"Sun, Mar 21, 2027",2026-27,UTA,TOR,TOR,"Sun, Mar 21, 2027|UTA|TOR"
bbr-UTA-59,"Sat, Feb 27, 2027",2026-27,UTA,WAS,UTA,"Sat, Feb 27, 2027|UTA|WAS"
bbr-UTA-63,"Sat, Mar 6, 2027",2026-27,WAS,UTA,UTA,"Sat, Mar 6, 2027|WAS|UTA"
