team_abbr,team_id,season,player_id,player_name,age,position,roster_status,experience_years,salary,years_remaining,roster_injury_count
ATL,1610612737,2026-27,1629638,Nickeil Alexander-Walker,,G,Active,,,,0
ATL,1610612737,2026-27,1628396,Tony Bradley,,C-F,Active,,,,0
ATL,1610612737,2026-27,1642966,Lamont Butler,,G,Active,,,,0
ATL,1610612737,2026-27,1642269,Devin Carter,,G,Active,,,,0
ATL,1610612737,2026-27,1630700,Dyson Daniels,,G,Active,,,,0
ATL,1610612737,2026-27,1642484,RayJ Dennis,,G,Active,,,,0
ATL,1610612737,2026-27,1629652,Luguentz Dort,,G,Active,,,,0
ATL,1610612737,2026-27,1643544,Zuby Ejiofor,,F,Active,,,,0
ATL,1610612737,2026-27,1643412,Kingston Flemings,,G,Active,,,,0
ATL,1610612737,2026-27,1642933,Keshon Gilbert,,G,Active,,,,0
ATL,1610612737,2026-27,1631243,Mouhamed Gueye,,F,Active,,,,0
ATL,1610612737,2026-27,1627741,Buddy Hield,,G,Active,,,,0
ATL,1610612737,2026-27,1630552,Jalen Johnson,,F,Active,,,,0
ATL,1610612737,2026-27,1630557,Corey Kispert,,F,Active,,,,0
ATL,1610612737,2026-27,1629111,Jock Landale,,C,Active,,,,0
ATL,1610612737,2026-27,203468,CJ McCollum,,G,Active,,,,0
ATL,1610612737,2026-27,1642948,Ryan Nembhard,,G,Active,,,,0
ATL,1610612737,2026-27,1642854,Asa Newell,,F,Active,,,,0
ATL,1610612737,2026-27,1630168,Onyeka Okongwu,,F-C,Active,,,,0
ATL,1610612737,2026-27,1643539,Henri Veesaar,,C,Active,,,,0
ATL,1610612737,2026-27,1629216,Gabe Vincent,,G,Active,,,,0
ATL,1610612737,2026-27,1630811,Keaton Wallace,,G,Active,,,,0
ATL,1610612737,2026-27,1630598,Aaron Wiggins,,G,Active,,,,0
ATL,1610612737,2026-27,1630592,Jalen Wilson,,F,Active,,,,0
BOS,1610612738,2026-27,1643416,Chris Cenac Jr.,,F,Active,,,,0
BOS,1610612738,2026-27,201144,Mike Conley,,G,Active,,,,0
BOS,1610612738,2026-27,1643620,Tucker DeVries,,,Active,,,,0
BOS,1610612738,2026-27,1630568,Luka Garza,,C,Active,,,,0
BOS,1610612738,2026-27,202331,Paul George,,F,Active,,,,0
BOS,1610612738,2026-27,1642864,Hugo González,,G,Active,,,,0
BOS,1610612738,2026-27,1631199,Ron Harper Jr.,,G-F,Active,,,,0
BOS,1610612738,2026-27,1630573,Sam Hauser,,F,Active,,,,0
BOS,1610612738,2026-27,1641759,Dillon Mitchell,,F,Active,,,,0
BOS,1610612738,2026-27,1630202,Payton Pritchard,,G,Active,,,,0
BOS,1610612738,2026-27,1629674,Neemias Queta,,C,Active,,,,0
BOS,1610612738,2026-27,1629011,Mitchell Robinson,,C-F,Active,,,,0
BOS,1610612738,2026-27,1631248,Baylor Scheierman,,G,Active,,,,0
BOS,1610612738,2026-27,1642917,Max Shulga,,G,Active,,,,0
BOS,1610612738,2026-27,1628369,Jayson Tatum,,F-G,Active,,,,0
BOS,1610612738,2026-27,1642870,Milos Uzan,,G,Active,,,,0
BOS,1610612738,2026-27,1641775,Jordan Walsh,,G,Active,,,,0
BOS,1610612738,2026-27,1628401,Derrick White,,G,Active,,,,0
BOS,1610612738,2026-27,1642873,Amari Williams,,F-C,Active,,,,0
BRK,1610612751,2026-27,1643548,Tyler Bilodeau,,F,Active,,,,0
BRK,1610612751,2026-27,1643414,Mikel Brown Jr.,,G,Active,,,,0
BRK,1610612751,2026-27,1641730,Noah Clowney,,F-C,Active,,,,0
BRK,1610612751,2026-27,1642856,Egor Dëmin,,G,Active,,,,0
BRK,1610612751,2026-27,1631165,Keon Ellis,,G,Active,,,,0
BRK,1610612751,2026-27,1643538,Joshua Jefferson,,F,Active,,,,0
BRK,1610612751,2026-27,1643052,Chaney Johnson,,G-F,Active,,,,0
BRK,1610612751,2026-27,1629611,Terance Mann,,G-F,Active,,,,0
BRK,1610612751,2026-27,1631169,Josh Minott,,F,Active,,,,0
BRK,1610612751,2026-27,1641761,Grant Nelson,,F,Active,,,,0
BRK,1610612751,2026-27,1629008,Michael Porter Jr.,,F,Active,,,,0
BRK,1610612751,2026-27,1642962,Drake Powell,,G-F,Active,,,,0
BRK,1610612751,2026-27,203944,Julius Randle,,F-C,Active,,,,0
BRK,1610612751,2026-27,1642879,Ben Saraf,,G,Active,,,,0
BRK,1610612751,2026-27,1630549,Day'Ron Sharpe,,C,Active,,,,0
BRK,1610612751,2026-27,1642849,Nolan Traore,,G,Active,,,,0
BRK,1610612751,2026-27,1629021,Moritz Wagner,,F-C,Active,,,,0
BRK,1610612751,2026-27,1642874,Danny Wolf,,F,Active,,,,0
CHO,1610612766,2026-27,1642369,Michael Ajayi,,G,Active,,,,0
CHO,1610612766,2026-27,1628960,Grayson Allen,,G,Active,,,,0
CHO,1610612766,2026-27,1643515,Christian Anderson,,G,Active,,,,0
CHO,1610612766,2026-27,1643573,Kylan Boswell,,G,Active,,,,0
CHO,1610612766,2026-27,1626192,Pat Connaughton,,G,Active,,,,0
CHO,1610612766,2026-27,1631217,Moussa Diabaté,,F,Active,,,,0
CHO,1610612766,2026-27,1627827,Dorian Finney-Smith,,F,Active,,,,0
CHO,1610612766,2026-27,1641790,PJ Hall,,C,Active,,,,0
CHO,1610612766,2026-27,1642883,Sion James,,G,Active,,,,0
CHO,1610612766,2026-27,1641750,Ryan Kalkbrenner,,C,Active,,,,0
CHO,1610612766,2026-27,1642851,Kon Knueppel,,G-F,Active,,,,0
CHO,1610612766,2026-27,1643016,Bez Mbeng,,G,Active,,,,0
CHO,1610612766,2026-27,1642862,Liam McNeeley,,F,Active,,,,0
CHO,1610612766,2026-27,1641706,Brandon Miller,,F,Active,,,,0
CHO,1610612766,2026-27,1626220,Royce O'Neale,,F,Active,,,,0
CHO,1610612766,2026-27,1641810,Antonio Reeves,,G,Active,,,,0
CHO,1610612766,2026-27,1629675,Naz Reid,,C-F,Active,,,,0
CHO,1610612766,2026-27,1642275,Tidjane Salaün,,F,Active,,,,0
CHO,1610612766,2026-27,203471,Dennis Schröder,,G,Active,,,,0
CHO,1610612766,2026-27,1643419,Hannes Steinbach,,F,Active,,,,0
CHO,1610612766,2026-27,1630214,Xavier Tillman,,F,Active,,,,0
CHO,1610612766,2026-27,1629632,Coby White,,G,Active,,,,0
CHO,1610612766,2026-27,1629684,Grant Williams,,F,Active,,,,0
CHI,1610612741,2026-27,1643591,Tobe Awaka,,F,Active,,,,0
CHI,1610612741,2026-27,1641824,Matas Buzelis,,F,Active,,,,0
CHI,1610612741,2026-27,1629651,Nic Claxton,,C,Active,,,,0
CHI,1610612741,2026-27,1628380,Zach Collins,,F-C,Active,,,,0
CHI,1610612741,2026-27,1642265,Rob Dillingham,,G,Active,,,,0
CHI,1610612741,2026-27,1642855,Noa Essengue,,F,Active,,,,0
CHI,1610612741,2026-27,1630581,Josh Giddey,,G,Active,,,,0
CHI,1610612741,2026-27,1630200,Tre Jones,,G,Active,,,,0
CHI,1610612741,2026-27,1631159,Leonard Miller,,F,Active,,,,0
CHI,1610612741,2026-27,1630171,Isaac Okoro,,F-G,Active,,,,0
CHI,1610612741,2026-27,1626181,Norman Powell,,G,Active,,,,0
CHI,1610612741,2026-27,1643637,Jaylin Sellers,,,Active,,,,0
CHI,1610612741,2026-27,1630188,Jalen Smith,,F-C,Active,,,,0
CHI,1610612741,2026-27,1643517,Dailyn Swain,,F,Active,,,,0
CHI,1610612741,2026-27,1630172,Patrick Williams,,F,Active,,,,0
CHI,1610612741,2026-27,1643410,Caleb Wilson,,F,Active,,,,0
CLE,1610612739,2026-27,1628386,Jarrett Allen,,C,Active,,,,0
CLE,1610612739,2026-27,1628418,Thomas Bryant,,C-F,Active,,,,0
CLE,1610612739,2026-27,1631215,Khalifa Diop,,C,Active,,,,0
CLE,1610612739,2026-27,1642400,Tristan Enaruna,,F,Active,,,,0
CLE,1610612739,2026-27,201935,James Harden,,G,Active,,,,0
CLE,1610612739,2026-27,1626209,Mario Hezonja,,F-G,Active,,,,0
CLE,1610612739,2026-27,1630241,Sam Merrill,,G,Active,,,,0
CLE,1610612739,2026-27,1642434,Riley Minix,,F,Active,,,,0
CLE,1610612739,2026-27,1628378,Donovan Mitchell,,G,Active,,,,0
CLE,1610612739,2026-27,1630596,Evan Mobley,,C,Active,,,,0
CLE,1610612739,2026-27,1641854,Craig Porter Jr.,,G,Active,,,,0
CLE,1610612739,2026-27,1642878,Tyrese Proctor,,G,Active,,,,0
CLE,1610612739,2026-27,1643509,Meleek Thomas,,G,Active,,,,0
CLE,1610612739,2026-27,1641772,Nae'Qwan Tomlin,,F,Active,,,,0
CLE,1610612739,2026-27,1642281,Jaylon Tyson,,G-F,Active,,,,0
CLE,1610612739,2026-27,1643640,"Ernest Udeh, Jr.",,C,Active,,,,0
CLE,1610612739,2026-27,1631212,Peyton Watson,,G,Active,,,,0
DAL,1610612742,2026-27,1630583,Santi Aldama,,F-C,Active,,,,0
DAL,1610612742,2026-27,1641844,Tarik Biberovic,,F,Active,,,,0
DAL,1610612742,2026-27,1631108,Max Christie,,G,Active,,,,0
DAL,1610612742,2026-27,1630619,Moussa Cisse,,C,Active,,,,0
DAL,1610612742,2026-27,1643547,Sergio de Larrea,,G,Active,,,,0
DAL,1610612742,2026-27,1642843,Cooper Flagg,,F,Active,,,,0
DAL,1610612742,2026-27,1629655,Daniel Gafford,,F-C,Active,,,,0
DAL,1610612742,2026-27,1641724,Jett Howard,,G,Active,,,,0
DAL,1610612742,2026-27,202681,Kyrie Irving,,G,Active,,,,0
DAL,1610612742,2026-27,1643585,Vsevolod Ishchenko,,G,Active,,,,0
DAL,1610612742,2026-27,1643516,Morez Johnson,,F,Active,,,,0
DAL,1610612742,2026-27,1643588,Tobi Lawal,,F,Active,,,,0
DAL,1610612742,2026-27,1641726,Dereck Lively II,,C,Active,,,,0
DAL,1610612742,2026-27,1630230,Naji Marshall,,F,Active,,,,0
DAL,1610612742,2026-27,1628997,Caleb Martin,,F,Active,,,,0
DAL,1610612742,2026-27,1642967,John Poulakidas,,G,Active,,,,0
DAL,1610612742,2026-27,203939,Dwight Powell,,F-C,Active,,,,0
DAL,1610612742,2026-27,1642258,Zaccharie Risacher,,F,Active,,,,0
DAL,1610612742,2026-27,1631204,Marcus Sasser,,G,Active,,,,0
DAL,1610612742,2026-27,1629023,P.J. Washington,,F,Active,,,,0
DEN,1610612743,2026-27,1628963,Marvin Bagley III,,F,Active,,,,0
DEN,1610612743,2026-27,1631128,Christian Braun,,G,Active,,,,0
DEN,1610612743,2026-27,1642350,Trevon Brazile,,F,Active,,,,0
DEN,1610612743,2026-27,1628971,Bruce Brown,,G-F,Active,,,,0
DEN,1610612743,2026-27,201942,DeMar DeRozan,,G-F,Active,,,,0
DEN,1610612743,2026-27,1643813,Alpha Diallo,,,Active,,,,0
DEN,1610612743,2026-27,203932,Aaron Gordon,,F,Active,,,,0
DEN,1610612743,2026-27,1641747,DaRon Holmes II,,F,Active,,,,0
DEN,1610612743,2026-27,1643624,Bryce Hopkins,,,Active,,,,0
DEN,1610612743,2026-27,1629661,Cameron Johnson,,F,Active,,,,0
DEN,1610612743,2026-27,203999,Nikola Jokić,,C,Active,,,,0
DEN,1610612743,2026-27,1642938,Curtis Jones,,G,Active,,,,0
DEN,1610612743,2026-27,1642461,Spencer Jones,,F,Active,,,,0
DEN,1610612743,2026-27,1626145,Tyus Jones,,G,Active,,,,0
DEN,1610612743,2026-27,1627750,Jamal Murray,,G,Active,,,,0
DEN,1610612743,2026-27,1630192,Zeke Nnaji,,F-C,Active,,,,0
DEN,1610612743,2026-27,1631223,David Roddy,,F,Active,,,,0
DEN,1610612743,2026-27,1642354,KJ Simpson,,G,Active,,,,0
DEN,1610612743,2026-27,1631124,Julian Strawther,,G,Active,,,,0
DEN,1610612743,2026-27,1629022,Lonnie Walker IV,,G-F,Active,,,,0
DET,1610612765,2026-27,1628381,John Collins,,F-C,Active,,,,0
DET,1610612765,2026-27,1630595,Cade Cunningham,,G,Active,,,,0
DET,1610612765,2026-27,1631105,Jalen Duren,,C,Active,,,,0
DET,1610612765,2026-27,1629750,Javonte Green,,G,Active,,,,0
DET,1610612765,2026-27,1641989,Elijah Harkless,,G,Active,,,,0
DET,1610612765,2026-27,203914,Gary Harris,,G,Active,,,,0
DET,1610612765,2026-27,1641842,Ronald Holland II,,F,Active,,,,0
DET,1610612765,2026-27,1628989,Kevin Huerter,,G-F,Active,,,,0
DET,1610612765,2026-27,1642450,Daniss Jenkins,,G,Active,,,,0
DET,1610612765,2026-27,1630198,Isaiah Joe,,G,Active,,,,0
DET,1610612765,2026-27,1642403,Isaac Jones,,F,Active,,,,0
DET,1610612765,2026-27,1642404,Chaz Lanier,,G,Active,,,,0
DET,1610612765,2026-27,1631111,Wendell Moore Jr.,,G,Active,,,,0
DET,1610612765,2026-27,1643536,Ebuka Okorie,,G,Active,,,,0
DET,1610612765,2026-27,1642391,Ugonna Onyenso,,C,Active,,,,0
DET,1610612765,2026-27,1627752,Taurean Prince,,F,Active,,,,0
DET,1610612765,2026-27,1630194,Paul Reed,,F,Active,,,,0
DET,1610612765,2026-27,1629130,Duncan Robinson,,F,Active,,,,0
DET,1610612765,2026-27,1642449,Tolu Smith,,F,Active,,,,0
DET,1610612765,2026-27,1641709,Ausar Thompson,,G-F,Active,,,,0
GSW,1610612744,2026-27,1629646,Charles Bassey,,C-F,Active,,,,0
GSW,1610612744,2026-27,202710,Jimmy Butler III,,F,Active,,,,0
GSW,1610612744,2026-27,1643018,LJ Cryer,,G,Active,,,,0
GSW,1610612744,2026-27,203552,Seth Curry,,G,Active,,,,0
GSW,1610612744,2026-27,201939,Stephen Curry,,G,Active,,,,0
GSW,1610612744,2026-27,203110,Draymond Green,,F,Active,,,,0
GSW,1610612744,2026-27,201143,Al Horford,,C-F,Active,,,,0
GSW,1610612744,2026-27,1643650,Lajae Jones,,G-F,Active,,,,0
GSW,1610612744,2026-27,1642865,Yaxel Lendeborg,,F,Active,,,,0
GSW,1610612744,2026-27,1642502,Malevy Leons,,F,Active,,,,0
GSW,1610612744,2026-27,1629001,De'Anthony Melton,,G,Active,,,,0
GSW,1610612744,2026-27,1630541,Moses Moody,,G,Active,,,,0
GSW,1610612744,2026-27,1627777,Georges Niang,,F,Active,,,,0
GSW,1610612744,2026-27,1627780,Gary Payton II,,G,Active,,,,0
GSW,1610612744,2026-27,1641764,Brandin Podziemski,,G,Active,,,,0
GSW,1610612744,2026-27,204001,Kristaps Porziņģis,,F-C,Active,,,,0
GSW,1610612744,2026-27,1642954,Will Richard,,G,Active,,,,0
GSW,1610612744,2026-27,1630611,Gui Santos,,F,Active,,,,0
GSW,1610612744,2026-27,1631207,Dalen Terry,,F,Active,,,,0
GSW,1610612744,2026-27,1642893,Alex Toohey,,F,Active,,,,0
GSW,1610612744,2026-27,1630314,Brandon Williams,,G,Active,,,,0
GSW,1610612744,2026-27,1631466,Nate Williams,,G,Active,,,,0
HOU,1610612745,2026-27,203500,Steven Adams,,C,Active,,,,0
HOU,1610612745,2026-27,203992,Bogdan Bogdanović,,G,Active,,,,0
HOU,1610612745,2026-27,203991,Clint Capela,,C,Active,,,,0
HOU,1610612745,2026-27,1643572,Rafael Castro,,C,Active,,,,0
HOU,1610612745,2026-27,1643595,Quadir Copeland,,G,Active,,,,0
HOU,1610612745,2026-27,1642384,Isaiah Crawford,,F,Active,,,,0
HOU,1610612745,2026-27,201142,Kevin Durant,,F,Active,,,,0
HOU,1610612745,2026-27,1631106,Tari Eason,,F,Active,,,,0
HOU,1610612745,2026-27,201145,Jeff Green,,F,Active,,,,0
HOU,1610612745,2026-27,1628988,Aaron Holiday,,G,Active,,,,0
HOU,1610612745,2026-27,1642951,Sean Pedulla,,G,Active,,,,0
HOU,1610612745,2026-27,1641763,Julian Phillips,,F,Active,,,,0
HOU,1610612745,2026-27,1630578,Alperen Sengun,,C,Active,,,,0
HOU,1610612745,2026-27,1642263,Reed Sheppard,,G,Active,,,,0
HOU,1610612745,2026-27,203935,Marcus Smart,,G,Active,,,,0
HOU,1610612745,2026-27,1631095,Jabari Smith Jr.,,F,Active,,,,0
HOU,1610612745,2026-27,1630256,Jae'Sean Tate,,F,Active,,,,0
HOU,1610612745,2026-27,1641708,Amen Thompson,,G-F,Active,,,,0
HOU,1610612745,2026-27,1643570,Bruce Thornton,,G,Active,,,,0
HOU,1610612745,2026-27,1631131,Oscar Tshiebwe,,F-C,Active,,,,0
HOU,1610612745,2026-27,1627832,Fred VanVleet,,G,Active,,,,0
IND,1610612754,2026-27,1641738,Kobe Brown,,F,Active,,,,0
IND,1610612754,2026-27,1642277,Johnny Furphy,,G,Active,,,,0
IND,1610612754,2026-27,1630169,Tyrese Haliburton,,G,Active,,,,0
IND,1610612754,2026-27,1630643,Jay Huff,,C,Active,,,,0
IND,1610612754,2026-27,1631245,Quenton Jackson,,G,Active,,,,0
IND,1610612754,2026-27,204456,T.J. McConnell,,G,Active,,,,0
IND,1610612754,2026-27,1626204,Larry Nance Jr.,,F-C,Active,,,,0
IND,1610612754,2026-27,1629614,Andrew Nembhard,,G-F,Active,,,,0
IND,1610612754,2026-27,1630174,Aaron Nesmith,,G-F,Active,,,,0
IND,1610612754,2026-27,1626162,Kelly Oubre Jr.,,F-G,Active,,,,0
IND,1610612754,2026-27,1641767,Ben Sheppard,,G,Active,,,,0
IND,1610612754,2026-27,1627783,Pascal Siakam,,F,Active,,,,0
IND,1610612754,2026-27,1641771,Jalen Slawson,,F,Active,,,,0
IND,1610612754,2026-27,1643552,Braden Smith,,G,Active,,,,0
IND,1610612754,2026-27,1630167,Obi Toppin,,F,Active,,,,0
IND,1610612754,2026-27,1641716,Jarace Walker,,F,Active,,,,0
IND,1610612754,2026-27,1627826,Ivica Zubac,,C,Active,,,,0
LAC,1610612746,2026-27,201587,Nicolas Batum,,G-F,Active,,,,0
LAC,1610612746,2026-27,203078,Bradley Beal,,G,Active,,,,0
LAC,1610612746,2026-27,1641780,Johni Broome,,F,Active,,,,0
LAC,1610612746,2026-27,1642353,Cam Christie,,G,Active,,,,0
LAC,1610612746,2026-27,1627739,Kris Dunn,,G,Active,,,,0
LAC,1610612746,2026-27,1629636,Darius Garland,,G,Active,,,,0
LAC,1610612746,2026-27,1629060,Rui Hachimura,,F,Active,,,,0
LAC,1610612746,2026-27,1630543,Isaiah Jackson,,F,Active,,,,0
LAC,1610612746,2026-27,1627884,Derrick Jones Jr.,,F,Active,,,,0
LAC,1610612746,2026-27,1642530,Yuki Kawamura,,G,Active,,,,0
LAC,1610612746,2026-27,202695,Kawhi Leonard,,F,Active,,,,0
LAC,1610612746,2026-27,201572,Brook Lopez,,C,Active,,,,0
LAC,1610612746,2026-27,1643568,Nick Martinelli,,F,Active,,,,0
LAC,1610612746,2026-27,1642394,Baba Miller,,F,Active,,,,0
LAC,1610612746,2026-27,1641757,Jordan Miller,,G,Active,,,,0
LAC,1610612746,2026-27,1643712,Narcisse Ngoy,,C,Active,,,,0
LAC,1610612746,2026-27,1642949,Yanic Konan Niederhäuser,,C,Active,,,,0
LAC,1610612746,2026-27,1641807,Norchad Omier,,F,Active,,,,0
LAC,1610612746,2026-27,1629618,Jalen Pickett,,G,Active,,,,0
LAC,1610612746,2026-27,1642920,Kobe Sanders,,G,Active,,,,0
LAC,1610612746,2026-27,1642481,Jamarion Sharp,,C,Active,,,,0
LAC,1610612746,2026-27,1629622,Max Strus,,G-F,Active,,,,0
LAC,1610612746,2026-27,1643413,Keaton Wagler,,G,Active,,,,0
LAC,1610612746,2026-27,1631102,TyTy Washington Jr.,,G,Active,,,,0
LAL,1610612747,2026-27,1643418,Cameron Carr,,G,Active,,,,0
LAL,1610612747,2026-27,1629029,Luka Dončić,,F-G,Active,,,,0
LAL,1610612747,2026-27,1629656,Quentin Grimes,,G,Active,,,,0
LAL,1610612747,2026-27,1630702,Jaden Hardy,,G,Active,,,,0
LAL,1610612747,2026-27,1642355,Bronny James,,G,Active,,,,0
LAL,1610612747,2026-27,1641751,Arthur Kaluma,,F,Active,,,,0
LAL,1610612747,2026-27,1631117,Walker Kessler,,C,Active,,,,0
LAL,1610612747,2026-27,1642261,Dalton Knecht,,F,Active,,,,0
LAL,1610612747,2026-27,1631222,Jake LaRavia,,F,Active,,,,0
LAL,1610612747,2026-27,1626172,Kevon Looney,,F,Active,,,,0
LAL,1610612747,2026-27,1630572,Sandro Mamukelashvili,,F-C,Active,,,,0
LAL,1610612747,2026-27,1643024,Chris Mañon,,G,Active,,,,0
LAL,1610612747,2026-27,1643758,AK Okereke,,F,Active,,,,0
LAL,1610612747,2026-27,1630559,Austin Reaves,,G,Active,,,,0
LAL,1610612747,2026-27,1629012,Collin Sexton,,G,Active,,,,0
LAL,1610612747,2026-27,1642876,Adou Thiero,,G,Active,,,,0
LAL,1610612747,2026-27,1629680,Matisse Thybulle,,G-F,Active,,,,0
LAL,1610612747,2026-27,1629020,Jarred Vanderbilt,,F,Active,,,,0
LAL,1610612747,2026-27,1630533,Ziaire Williams,,F,Active,,,,0
MEM,1610612763,2026-27,1643409,Cameron Boozer,,F,Active,,,,0
MEM,1610612763,2026-27,1642383,Walter Clayton Jr.,,G,Active,,,,0
MEM,1610612763,2026-27,1642907,Cedric Coward,,G,Active,,,,0
MEM,1610612763,2026-27,1641744,Zach Edey,,C,Active,,,,0
MEM,1610612763,2026-27,203924,Jerami Grant,,F,Active,,,,0
MEM,1610612763,2026-27,1641722,Jordan Hawkins,,G,Active,,,,0
MEM,1610612763,2026-27,1641707,Taylor Hendricks,,F,Active,,,,0
MEM,1610612763,2026-27,1641713,GG Jackson,,F,Active,,,,0
MEM,1610612763,2026-27,1629660,Ty Jerome,,G-F,Active,,,,0
MEM,1610612763,2026-27,1643510,Karim Lopez,,F,Active,,,,0
MEM,1610612763,2026-27,1642942,Jahmai Mashack,,G,Active,,,,0
MEM,1610612763,2026-27,1631200,Kris Murray,,F,Active,,,,0
MEM,1610612763,2026-27,1642877,Micah Peavy,,G-F,Active,,,,0
MEM,1610612763,2026-27,1630590,Scotty Pippen Jr.,,G,Active,,,,0
MEM,1610612763,2026-27,1642366,Quinten Post,,C,Active,,,,0
MEM,1610612763,2026-27,1641765,Olivier-Maxence Prosper,,F,Active,,,,0
MEM,1610612763,2026-27,1626156,D'Angelo Russell,,G,Active,,,,0
MEM,1610612763,2026-27,1643563,Richie Saunders,,G,Active,,,,0
MEM,1610612763,2026-27,1642914,Javon Small,,G,Active,,,,0
MEM,1610612763,2026-27,1642285,Cam Spencer,,G,Active,,,,0
MEM,1610612763,2026-27,1630191,Isaiah Stewart,,F-C,Active,,,,0
MEM,1610612763,2026-27,1642377,Jaylen Wells,,F,Active,,,,0
MIA,1610612748,2026-27,1628389,Bam Adebayo,,C-F,Active,,,,0
MIA,1610612748,2026-27,203507,Giannis Antetokounmpo,,F,Active,,,,0
MIA,1610612748,2026-27,1643553,Ryan Conwell,,G,Active,,,,0
MIA,1610612748,2026-27,1643621,Tre Donaldson,,G,Active,,,,0
MIA,1610612748,2026-27,1631323,Simone Fontecchio,,F,Active,,,,0
MIA,1610612748,2026-27,1642066,Myron Gardner,,F,Active,,,,0
MIA,1610612748,2026-27,1642884,Vladislav Goldin,,C,Active,,,,0
MIA,1610612748,2026-27,1643727,J'Vonne Hadley,,,Active,,,,0
MIA,1610612748,2026-27,203501,Tim Hardaway Jr.,,G-F,Active,,,,0
MIA,1610612748,2026-27,1642352,Keshad Johnson,,F,Active,,,,0
MIA,1610612748,2026-27,1631107,Nikola Jović,,F,Active,,,,0
MIA,1610612748,2026-27,1631211,Trevor Keels,,G,Active,,,,0
MIA,1610612748,2026-27,1641796,Pelle Larsson,,G,Active,,,,0
MIA,1610612748,2026-27,1630558,Davion Mitchell,,G,Active,,,,0
MIA,1610612748,2026-27,1626171,Bobby Portis Jr.,,F,Active,,,,0
MIA,1610612748,2026-27,1630208,Nick Richards,,C,Active,,,,0
MIA,1610612748,2026-27,1630696,Dru Smith,,G,Active,,,,0
MIA,1610612748,2026-27,202691,Klay Thompson,,G,Active,,,,0
MIA,1610612748,2026-27,203952,Andrew Wiggins,,F,Active,,,,0
MIA,1610612748,2026-27,1642443,Jahmir Young,,G,Active,,,,0
MIL,1610612749,2026-27,1643417,Nate Ament,,F,Active,,,,0
MIL,1610612749,2026-27,1643415,Brayden Burries,,G,Active,,,,0
MIL,1610612749,2026-27,1631219,John Butler Jr.,,F,Active,,,,0
MIL,1610612749,2026-27,1631172,Ousmane Dieng,,F,Active,,,,0
MIL,1610612749,2026-27,1631260,AJ Green,,G,Active,,,,0
MIL,1610612749,2026-27,1629639,Tyler Herro,,G,Active,,,,0
MIL,1610612749,2026-27,1642857,Kasparas Jakučionis,,G,Active,,,,0
MIL,1610612749,2026-27,1631170,Jaime Jaquez Jr.,,G,Active,,,,0
MIL,1610612749,2026-27,1642880,Kam Jones,,G,Active,,,,0
MIL,1610612749,2026-27,1628398,Kyle Kuzma,,F,Active,,,,0
MIL,1610612749,2026-27,1627747,Caris LeVert,,G,Active,,,,0
MIL,1610612749,2026-27,1641831,Malique Lewis,,F,Active,,,,0
MIL,1610612749,2026-27,1642881,Bogoljub Marković,,F,Active,,,,0
MIL,1610612749,2026-27,1631250,Pete Nance,,F,Active,,,,0
MIL,1610612749,2026-27,1629645,Kevin Porter Jr.,,G-F,Active,,,,0
MIL,1610612749,2026-27,1631157,Ryan Rollins,,G,Active,,,,0
MIL,1610612749,2026-27,1642504,Cormac Ryan,,G,Active,,,,0
MIL,1610612749,2026-27,1630579,Jericho Sims,,C,Active,,,,0
MIL,1610612749,2026-27,1629018,Gary Trent Jr.,,G,Active,,,,0
MIL,1610612749,2026-27,1626167,Myles Turner,,C-F,Active,,,,0
MIL,1610612749,2026-27,1642276,Kel'el Ware,,C,Active,,,,0
MIN,1610612750,2026-27,1630163,LaMelo Ball,,G,Active,,,,0
MIN,1610612750,2026-27,1642866,Joan Beringer,,F,Active,,,,0
MIN,1610612750,2026-27,1641740,Jaylen Clark,,G,Active,,,,0
MIN,1610612750,2026-27,1628978,Donte DiVincenzo,,G,Active,,,,0
MIN,1610612750,2026-27,1630245,Ayo Dosunmu,,G,Active,,,,0
MIN,1610612750,2026-27,1630162,Anthony Edwards,,G,Active,,,,0
MIN,1610612750,2026-27,1642912,Isaiah Evans,,F,Active,,,,0
MIN,1610612750,2026-27,1642402,Enrique Freeman,,F,Active,,,,0
MIN,1610612750,2026-27,203497,Rudy Gobert,,C,Active,,,,0
MIN,1610612750,2026-27,1630538,Bones Hyland,,G,Active,,,,0
MIN,1610612750,2026-27,1643626,Trey Kaufman-Renn,,F,Active,,,,0
MIN,1610612750,2026-27,1630228,Jonathan Kuminga,,F,Active,,,,0
MIN,1610612750,2026-27,1626168,Trey Lyles,,F,Active,,,,0
MIN,1610612750,2026-27,1630183,Jaden McDaniels,,F,Active,,,,0
MIN,1610612750,2026-27,1642389,Zyon Pullin,,G,Active,,,,0
MIN,1610612750,2026-27,1630545,Terrence Shannon Jr,,G-F,Active,,,,0
MIN,1610612750,2026-27,1642262,Cody Williams,,F,Active,,,,0
MIN,1610612750,2026-27,1642911,Rocco Zikarsky,,C,Active,,,,0
NOP,1610612740,2026-27,1630180,Saddiq Bey,,G-F,Active,,,,0
NOP,1610612740,2026-27,1641723,Kobe Bufkin,,G,Active,,,,0
NOP,1610612740,2026-27,1643738,Malik Dia,,F,Active,,,,0
NOP,1610612740,2026-27,1642847,Jeremiah Fears,,G,Active,,,,0
NOP,1610612740,2026-27,1631216,Caleb Houstan,,G,Active,,,,0
NOP,1610612740,2026-27,1642358,AJ Johnson,,G,Active,,,,0
NOP,1610612740,2026-27,1630529,Herbert Jones,,F,Active,,,,0
NOP,1610612740,2026-27,201599,DeAndre Jordan,,C,Active,,,,0
NOP,1610612740,2026-27,1631132,Christian Koloko,,C,Active,,,,0
NOP,1610612740,2026-27,1631097,Bennedict Mathurin,,G-F,Active,,,,0
NOP,1610612740,2026-27,1631255,Karlo Matković,,F-C,Active,,,,0
NOP,1610612740,2026-27,1631121,Bryce McGowens,,G,Active,,,,0
NOP,1610612740,2026-27,1642274,Yves Missi,,C,Active,,,,0
NOP,1610612740,2026-27,1630530,Trey Murphy III,,F,Active,,,,0
NOP,1610612740,2026-27,1627749,Dejounte Murray,,G,Active,,,,0
NOP,1610612740,2026-27,1643555,Jaron Pierre Jr.,,G,Active,,,,0
NOP,1610612740,2026-27,1629673,Jordan Poole,,G,Active,,,,0
NOP,1610612740,2026-27,1642852,Derik Queen,,C,Active,,,,0
NOP,1610612740,2026-27,1630570,Trendon Watford,,G-F,Active,,,,0
NOP,1610612740,2026-27,1629627,Zion Williamson,,F,Active,,,,0
NYK,1610612752,2026-27,1630631,Jose Alvarado,,G,Active,,,,0
NYK,1610612752,2026-27,1628384,OG Anunoby,,F-G,Active,,,,0
NYK,1610612752,2026-27,1628969,Mikal Bridges,,G-F,Active,,,,0
NYK,1610612752,2026-27,1628973,Jalen Brunson,,G,Active,,,,0
NYK,1610612752,2026-27,203903,Jordan Clarkson,,G,Active,,,,0
NYK,1610612752,2026-27,1642359,Pacôme Dadiet,,F,Active,,,,0
NYK,1610612752,2026-27,1642885,Mohamed Diawara,,F,Active,,,,0
NYK,1610612752,2026-27,203083,Andre Drummond,,C,Active,,,,0
NYK,1610612752,2026-27,1628404,Josh Hart,,G,Active,,,,0
NYK,1610612752,2026-27,1643583,Jack Kayil,,G,Active,,,,0
NYK,1610612752,2026-27,1642278,Tyler Kolek,,G,Active,,,,0
NYK,1610612752,2026-27,1630540,Miles McBride,,G,Active,,,,0
NYK,1610612752,2026-27,1641755,Kevin McCullar Jr.,,G,Active,,,,0
NYK,1610612752,2026-27,1643589,Tyler Nickel,,F,Active,,,,0
NYK,1610612752,2026-27,1629013,Landry Shamet,,G,Active,,,,0
NYK,1610612752,2026-27,1626157,Karl-Anthony Towns,,C-F,Active,,,,0
OKC,1610612760,2026-27,1642964,Brooks Barnhizer,,G,Active,,,,0
OKC,1610612760,2026-27,1627936,Alex Caruso,,G,Active,,,,0
OKC,1610612760,2026-27,1643717,Josh Dix,,,Active,,,,0
OKC,1610612760,2026-27,1628983,Shai Gilgeous-Alexander,,G,Active,,,,0
OKC,1610612760,2026-27,1628392,Isaiah Hartenstein,,C-F,Active,,,,0
OKC,1610612760,2026-27,1631096,Chet Holmgren,,C-F,Active,,,,0
OKC,1610612760,2026-27,1643530,Aday Mara,,C,Active,,,,0
OKC,1610612760,2026-27,1642272,Jared McCain,,G,Active,,,,0
OKC,1610612760,2026-27,1642349,Ajay Mitchell,,G,Active,,,,0
OKC,1610612760,2026-27,1642923,Otega Oweh,,G,Active,,,,0
OKC,1610612760,2026-27,1642850,Thomas Sorber,,C,Active,,,,0
OKC,1610612760,2026-27,1642892,Bennett Stirtz,,G,Active,,,,0
OKC,1610612760,2026-27,1642260,Nikola Topić,,G,Active,,,,0
OKC,1610612760,2026-27,1641717,Cason Wallace,,G,Active,,,,0
OKC,1610612760,2026-27,1631114,Jalen Williams,,G-F,Active,,,,0
OKC,1610612760,2026-27,1631119,Jaylin Williams,,F,Active,,,,0
OKC,1610612760,2026-27,1629026,Kenrich Williams,,G-F,Active,,,,0
ORL,1610612753,2026-27,1631094,Paolo Banchero,,F,Active,,,,0
ORL,1610612753,2026-27,1630217,Desmond Bane,,G,Active,,,,0
ORL,1610612753,2026-27,1629048,Goga Bitadze,,C-F,Active,,,,0
ORL,1610612753,2026-27,1641710,Anthony Black,,G,Active,,,,0
ORL,1610612753,2026-27,1631103,Malaki Branham,,F,Active,,,,0
ORL,1610612753,2026-27,1631288,Jamal Cain,,F,Active,,,,0
ORL,1610612753,2026-27,1628975,Jevon Carter,,G,Active,,,,0
ORL,1610612753,2026-27,1628976,Wendell Carter Jr.,,C-F,Active,,,,0
ORL,1610612753,2026-27,1630658,Colin Castleton,,C,Active,,,,0
ORL,1610612753,2026-27,1641783,Tristan da Silva,,F,Active,,,,0
ORL,1610612753,2026-27,1631120,JD Davison,,G,Active,,,,0
ORL,1610612753,2026-27,1628371,Jonathan Isaac,,F,Active,,,,0
ORL,1610612753,2026-27,1631457,Alex Morales,,G,Active,,,,0
ORL,1610612753,2026-27,1643593,Izaiyah Nelson,,F,Active,,,,0
ORL,1610612753,2026-27,1642869,Noah Penda,,G-F,Active,,,,0
ORL,1610612753,2026-27,1642859,Jase Richardson,,G,Active,,,,0
ORL,1610612753,2026-27,1630591,Jalen Suggs,,G,Active,,,,0
ORL,1610612753,2026-27,202696,Nikola Vučević,,C,Active,,,,0
ORL,1610612753,2026-27,1630532,Franz Wagner,,F,Active,,,,0
PHI,1610612755,2026-27,1631230,Dominick Barlow,,F,Active,,,,0
PHI,1610612755,2026-27,1630699,MarJon Beauchamp,,F,Active,,,,0
PHI,1610612755,2026-27,1641737,Adem Bona,,F,Active,,,,0
PHI,1610612755,2026-27,1627759,Jaylen Brown,,G-F,Active,,,,0
PHI,1610612755,2026-27,203484,Kentavious Caldwell-Pope,,G,Active,,,,0
PHI,1610612755,2026-27,1642845,VJ Edgecombe,,G,Active,,,,0
PHI,1610612755,2026-27,1642348,Justin Edwards,,F,Active,,,,0
PHI,1610612755,2026-27,203954,Joel Embiid,,C-F,Active,,,,0
PHI,1610612755,2026-27,1629605,Tacko Fall,,C,Active,,,,0
PHI,1610612755,2026-27,1630574,Ariel Hukporti,,C,Active,,,,0
PHI,1610612755,2026-27,2544,LeBron James,,F,Active,,,,0
PHI,1610612755,2026-27,1641794,Dillon Jones,,F,Active,,,,0
PHI,1610612755,2026-27,1631126,Caleb Love,,G,Active,,,,0
PHI,1610612755,2026-27,200768,Kyle Lowry,,G,Active,,,,0
PHI,1610612755,2026-27,1631213,Tyrese Martin,,F,Active,,,,0
PHI,1610612755,2026-27,1630178,Tyrese Maxey,,G,Active,,,,0
PHI,1610612755,2026-27,1643575,Duke Miles,,G,Active,,,,0
PHI,1610612755,2026-27,1642392,Jameer Nelson Jr.,,G,Active,,,,0
PHI,1610612755,2026-27,1642889,Labaron Philon,,G,Active,,,,0
PHI,1610612755,2026-27,1641712,Rayan Rupert,,G-F,Active,,,,0
PHI,1610612755,2026-27,1629014,Anfernee Simons,,G,Active,,,,0
PHI,1610612755,2026-27,1643148,Saint Thomas,,F,Active,,,,0
PHI,1610612755,2026-27,1629731,Dean Wade,,F-C,Active,,,,0
PHI,1610612755,2026-27,1631133,Jabari Walker,,F,Active,,,,0
PHO,1610612756,2026-27,1626164,Devin Booker,,G,Active,,,,0
PHO,1610612756,2026-27,1631123,Jamaree Bouyea,,G,Active,,,,0
PHO,1610612756,2026-27,1642886,Koby Brea,,G,Active,,,,0
PHO,1610612756,2026-27,1628970,Miles Bridges,,F,Active,,,,0
PHO,1610612756,2026-27,1628415,Dillon Brooks,,G-F,Active,,,,0
PHO,1610612756,2026-27,1629599,Amir Coffey,,G-F,Active,,,,0
PHO,1610612756,2026-27,1642346,Ryan Dunn,,F,Active,,,,0
PHO,1610612756,2026-27,1642853,Rasheer Fleming,,F,Active,,,,0
PHO,1610612756,2026-27,1631221,Collin Gillespie,,G,Active,,,,0
PHO,1610612756,2026-27,1630692,Jordan Goodwin,,G,Active,,,,0
PHO,1610612756,2026-27,1630224,Jalen Green,,G,Active,,,,0
PHO,1610612756,2026-27,1629312,Haywood Highsmith,,F,Active,,,,0
PHO,1610612756,2026-27,1643047,CJ Huntley,,F,Active,,,,0
PHO,1610612756,2026-27,1642345,Oso Ighodaro,,F,Active,,,,0
PHO,1610612756,2026-27,1628379,Luke Kennard,,G,Active,,,,0
PHO,1610612756,2026-27,1630587,Isaiah Livers,,F,Active,,,,0
PHO,1610612756,2026-27,1642863,Khaman Maluach,,C,Active,,,,0
PHO,1610612756,2026-27,1643520,Koa Peat,,F,Active,,,,0
PHO,1610612756,2026-27,1630311,Pat Spencer,,G,Active,,,,0
PHO,1610612756,2026-27,1631109,Mark Williams,,C,Active,,,,0
POR,1610612757,2026-27,1630166,Deni Avdija,,F,Active,,,,0
POR,1610612757,2026-27,1641739,Toumani Camara,,F,Active,,,,0
POR,1610612757,2026-27,1642382,Branden Carlson,,C,Active,,,,0
POR,1610612757,2026-27,1631321,Sidy Cissoko,,G,Active,,,,0
POR,1610612757,2026-27,1642270,Donovan Clingan,,C,Active,,,,0
POR,1610612757,2026-27,1642905,Yang Hansen,,C,Active,,,,0
POR,1610612757,2026-27,1630703,Scoot Henderson,,G,Active,,,,0
POR,1610612757,2026-27,201950,Jrue Holiday,,G,Active,,,,0
POR,1610612757,2026-27,1643257,Jayson Kent,,F,Active,,,,0
POR,1610612757,2026-27,1630249,Vít Krejčí,,G,Active,,,,0
POR,1610612757,2026-27,203081,Damian Lillard,,G,Active,,,,0
POR,1610612757,2026-27,1629630,Ja Morant,,G,Active,,,,0
POR,1610612757,2026-27,1630695,Micah Potter,,C,Active,,,,0
POR,1610612757,2026-27,1631101,Shaedon Sharpe,,G,Active,,,,0
POR,1610612757,2026-27,1631110,Jeremy Sochan,,F,Active,,,,0
POR,1610612757,2026-27,1642910,John Tonje,,G,Active,,,,0
POR,1610612757,2026-27,1631104,Blake Wesley,,G,Active,,,,0
POR,1610612757,2026-27,1629057,Robert Williams III,,C-F,Active,,,,0
POR,1610612757,2026-27,1642959,Chris Youngblood,,G,Active,,,,0
SAC,1610612758,2026-27,1630173,Precious Achiuwa,,F,Active,,,,0
SAC,1610612758,2026-27,1643411,Darius Acuff Jr.,,G,Active,,,,0
SAC,1610612758,2026-27,1642928,Dylan Cardwell,,C,Active,,,,0
SAC,1610612758,2026-27,1642363,Nique Clifford,,G,Active,,,,0
SAC,1610612758,2026-27,1641745,Adam Flagler,,G,Active,,,,0
SAC,1610612758,2026-27,1629631,De'Andre Hunter,,F-G,Active,,,,0
SAC,1610612758,2026-27,1642284,Alex Karaban,,F,Active,,,,0
SAC,1610612758,2026-27,203897,Zach LaVine,,G,Active,,,,0
SAC,1610612758,2026-27,1642367,Jonathan Mogbo,,F,Active,,,,0
SAC,1610612758,2026-27,1628370,Malik Monk,,G,Active,,,,0
SAC,1610612758,2026-27,1631099,Keegan Murray,,F,Active,,,,0
SAC,1610612758,2026-27,1631342,Daeqwon Plowden,,G-F,Active,,,,0
SAC,1610612758,2026-27,1642875,Maxime Raynaud,,C,Active,,,,0
SAC,1610612758,2026-27,1627734,Domantas Sabonis,,F-C,Active,,,,0
SAC,1610612758,2026-27,1643567,Emanuel Sharp,,G,Active,,,,0
SAC,1610612758,2026-27,1627732,Ben Simmons,,G-F,Active,,,,0
SAS,1610612759,2026-27,203084,Harrison Barnes,,F,Active,,,,0
SAS,1610612759,2026-27,1643576,Maliq Brown,,F,Active,,,,0
SAS,1610612759,2026-27,1642868,Carter Bryant,,F,Active,,,,0
SAS,1610612759,2026-27,1642264,Stephon Castle,,G,Active,,,,0
SAS,1610612759,2026-27,1630577,Julian Champagnie,,F,Active,,,,0
SAS,1610612759,2026-27,1628368,De'Aaron Fox,,G,Active,,,,0
SAS,1610612759,2026-27,1643551,Ja'Kobi Gillespie,,G,Active,,,,0
SAS,1610612759,2026-27,1642844,Dylan Harper,,G,Active,,,,0
SAS,1610612759,2026-27,202699,Tobias Harris,,F,Active,,,,0
SAS,1610612759,2026-27,1629640,Keldon Johnson,,F-G,Active,,,,0
SAS,1610612759,2026-27,1642357,David Jones Garcia,,G,Active,,,,0
SAS,1610612759,2026-27,1628436,Luke Kornet,,C-F,Active,,,,0
SAS,1610612759,2026-27,1629162,Jordan McLaughlin,,G,Active,,,,0
SAS,1610612759,2026-27,1643007,Taelon Peter,,G,Active,,,,0
SAS,1610612759,2026-27,1643519,Jayden Quaintance,,F,Active,,,,0
SAS,1610612759,2026-27,1643542,Tarris Reed Jr.,,C,Active,,,,0
SAS,1610612759,2026-27,1630170,Devin Vassell,,G-F,Active,,,,0
SAS,1610612759,2026-27,1641705,Victor Wembanyama,,F-C,Active,,,,0
TOR,1610612761,2026-27,203937,Kyle Anderson,,F-G,Active,,,,0
TOR,1610612761,2026-27,1630567,Scottie Barnes,,F-G,Active,,,,0
TOR,1610612761,2026-27,1629628,RJ Barrett,,F-G,Active,,,,0
TOR,1610612761,2026-27,1642419,Jamison Battle,,F,Active,,,,0
TOR,1610612761,2026-27,1642927,Nate Bittle,,C,Active,,,,0
TOR,1610612761,2026-27,1643558,Jaden Bradley,,G,Active,,,,0
TOR,1610612761,2026-27,1641711,Gradey Dick,,G-F,Active,,,,0
TOR,1610612761,2026-27,1643512,Allen Graves,,F,Active,,,,0
TOR,1610612761,2026-27,1642935,Chucky Hepburn,,G,Active,,,,0
TOR,1610612761,2026-27,1627742,Brandon Ingram,,F,Active,,,,0
TOR,1610612761,2026-27,1641748,Andre Jackson Jr.,,G,Active,,,,0
TOR,1610612761,2026-27,1631218,Trayce Jackson-Davis,,F,Active,,,,0
TOR,1610612761,2026-27,1641998,Trey Jemison III,,C,Active,,,,0
TOR,1610612761,2026-27,1630639,A.J. Lawson,,G,Active,,,,0
TOR,1610612761,2026-27,1642918,Alijah Martin,,G,Active,,,,0
TOR,1610612761,2026-27,1642867,Collin Murray-Boyles,,F,Active,,,,0
TOR,1610612761,2026-27,1627751,Jakob Poeltl,,C,Active,,,,0
TOR,1610612761,2026-27,1630193,Immanuel Quickley,,G,Active,,,,0
TOR,1610612761,2026-27,1642347,Jamal Shead,,G,Active,,,,0
TOR,1610612761,2026-27,1641869,Malachi Smith,,G,Active,,,,0
TOR,1610612761,2026-27,1642266,Ja'Kobe Walter,,G,Active,,,,0
UTA,1610612762,2026-27,1641725,Trey Alexander,,G,Active,,,,0
UTA,1610612762,2026-27,1642846,Ace Bailey,,F,Active,,,,0
UTA,1610612762,2026-27,1628964,Mo Bamba,,C,Active,,,,0
UTA,1610612762,2026-27,1642926,Tamar Bates,,G,Active,,,,0
UTA,1610612762,2026-27,1642268,Isaiah Collier,,G,Active,,,,0
UTA,1610612762,2026-27,1642271,Kyle Filipowski,,C,Active,,,,0
UTA,1610612762,2026-27,1641718,Keyonte George,,G,Active,,,,0
UTA,1610612762,2026-27,1643060,Hayden Gray,,G,Active,,,,0
UTA,1610612762,2026-27,1630182,Josh Green,,G,Active,,,,0
UTA,1610612762,2026-27,1629637,Jaxson Hayes,,C-F,Active,,,,0
UTA,1610612762,2026-27,1642396,Blake Hinson,,F,Active,,,,0
UTA,1610612762,2026-27,1631127,Harrison Ingram,,F,Active,,,,0
UTA,1610612762,2026-27,1628991,Jaren Jackson Jr.,,F-C,Active,,,,0
UTA,1610612762,2026-27,201567,Kevin Love,,F-C,Active,,,,0
UTA,1610612762,2026-27,1628374,Lauri Markkanen,,F-C,Active,,,,0
UTA,1610612762,2026-27,1629004,Svi Mykhailiuk,,G-F,Active,,,,0
UTA,1610612762,2026-27,203994,Jusuf Nurkić,,C,Active,,,,0
UTA,1610612762,2026-27,1629006,Josh Okogie,,G,Active,,,,0
UTA,1610612762,2026-27,1643408,Darryn Peterson,,G,Active,,,,0
UTA,1610612762,2026-27,1641729,Brice Sensabaugh,,F,Active,,,,0
WAS,1610612764,2026-27,1629028,Deandre Ayton,,C,Active,,,,0
WAS,1610612764,2026-27,1642267,Bub Carrington,,G,Active,,,,0
WAS,1610612764,2026-27,1630551,Justin Champagnie,,G-F,Active,,,,0
WAS,1610612764,2026-27,1630536,Sharife Cooper,,G,Active,,,,0
WAS,1610612764,2026-27,1641731,Bilal Coulibaly,,G,Active,,,,0
WAS,1610612764,2026-27,203076,Anthony Davis,,F-C,Active,,,,0
WAS,1610612764,2026-27,1643407,AJ Dybantsa,,F,Active,,,,0
WAS,1610612764,2026-27,1642273,Kyshawn George,,F,Active,,,,0
WAS,1610612764,2026-27,1630264,Anthony Gill,,F,Active,,,,0
WAS,1610612764,2026-27,1642848,Tre Johnson,,G,Active,,,,0
WAS,1610612764,2026-27,1630544,Tre Mann,,G,Active,,,,0
WAS,1610612764,2026-27,203114,Khris Middleton,,F,Active,,,,0
WAS,1610612764,2026-27,1643590,Felix Okpara,,C,Active,,,,0
WAS,1610612764,2026-27,1642860,Will Riley,,F,Active,,,,0
WAS,1610612764,2026-27,1642259,Alex Sarr,,C,Active,,,,0
WAS,1610612764,2026-27,1641774,Tristan Vukcevic,,F,Active,,,,0
WAS,1610612764,2026-27,1642364,Jamir Watkins,,F,Active,,,,0
WAS,1610612764,2026-27,1629027,Trae Young,,G,Active,,,,0
